"Workout #";"Date";"Workout Name";"Duration (sec)";"Exercise Name";"Set Order";"Weight (kg)";"Reps";"RPE";"Distance (meters)";"Seconds";"Notes";"Workout Notes"
"368";"2026-01-27 11:56:08";"Push";"1826";"Incline Bench Press (Barbell)";"1";"0.0";"10";"";"";"";"";""
"368";"2026-01-27 11:56:08";"Push";"1826";"Incline Bench Press (Barbell)";"Rest Timer";"";"";"";"";"60.0";"";""
"368";"2026-01-27 11:56:08";"Push";"1826";"Incline Bench Press (Barbell)";"2";"0.0";"10";"";"";"";"";""
"368";"2026-01-27 11:56:08";"Push";"1826";"Incline Bench Press (Barbell)";"Rest Timer";"";"";"";"";"60.0";"";""
"368";"2026-01-27 11:56:08";"Push";"1826";"Incline Bench Press (Barbell)";"3";"0.0";"10";"";"";"";"";""
"368";"2026-01-27 11:56:08";"Push";"1826";"Incline Bench Press (Barbell)";"Rest Timer";"";"";"";"";"60.0";"";""
"368";"2026-01-27 11:56:08";"Push";"1826";"Overhead Press (Smith Machine)";"1";"0.0";"10";"";"";"";"";""
"368";"2026-01-27 11:56:08";"Push";"1826";"Overhead Press (Smith Machine)";"Rest Timer";"";"";"";"";"120.0";"";""
"368";"2026-01-27 11:56:08";"Push";"1826";"Overhead Press (Smith Machine)";"2";"0.0";"10";"";"";"";"";""
"368";"2026-01-27 11:56:08";"Push";"1826";"Overhead Press (Smith Machine)";"Rest Timer";"";"";"";"";"60.0";"";""
"368";"2026-01-27 11:56:08";"Push";"1826";"Overhead Press (Smith Machine)";"3";"0.0";"10";"";"";"";"";""
"368";"2026-01-27 11:56:08";"Push";"1826";"Overhead Press (Smith Machine)";"Rest Timer";"";"";"";"";"60.0";"";""
"368";"2026-01-27 11:56:08";"Push";"1826";"Decline Cable Chest Flies";"1";"2.5";"10";"";"";"";"";""
"368";"2026-01-27 11:56:08";"Push";"1826";"Decline Cable Chest Flies";"Rest Timer";"";"";"";"";"60.0";"";""
"368";"2026-01-27 11:56:08";"Push";"1826";"Decline Cable Chest Flies";"2";"2.5";"10";"";"";"";"";""
"368";"2026-01-27 11:56:08";"Push";"1826";"Decline Cable Chest Flies";"Rest Timer";"";"";"";"";"60.0";"";""
"368";"2026-01-27 11:56:08";"Push";"1826";"Decline Cable Chest Flies";"3";"2.5";"10";"";"";"";"";""
"368";"2026-01-27 11:56:08";"Push";"1826";"Decline Cable Chest Flies";"Rest Timer";"";"";"";"";"60.0";"";""
"368";"2026-01-27 11:56:08";"Push";"1826";"Lateral Raise (Cable)";"1";"0.0";"10";"";"";"";"";""
"368";"2026-01-27 11:56:08";"Push";"1826";"Lateral Raise (Cable)";"Rest Timer";"";"";"";"";"60.0";"";""
"368";"2026-01-27 11:56:08";"Push";"1826";"Lateral Raise (Cable)";"2";"0.0";"10";"";"";"";"";""
"368";"2026-01-27 11:56:08";"Push";"1826";"Lateral Raise (Cable)";"Rest Timer";"";"";"";"";"60.0";"";""
"368";"2026-01-27 11:56:08";"Push";"1826";"Lateral Raise (Cable)";"3";"0.0";"7";"";"";"";"";""
"368";"2026-01-27 11:56:08";"Push";"1826";"Lateral Raise (Cable)";"Rest Timer";"";"";"";"";"60.0";"";""
"368";"2026-01-27 11:56:08";"Push";"1826";"Triceps Pushdown (Cable - Straight Bar)";"1";"2.5";"10";"";"";"";"";""
"368";"2026-01-27 11:56:08";"Push";"1826";"Triceps Pushdown (Cable - Straight Bar)";"Rest Timer";"";"";"";"";"60.0";"";""
"368";"2026-01-27 11:56:08";"Push";"1826";"Triceps Pushdown (Cable - Straight Bar)";"2";"2.5";"10";"";"";"";"";""
"368";"2026-01-27 11:56:08";"Push";"1826";"Triceps Pushdown (Cable - Straight Bar)";"Rest Timer";"";"";"";"";"60.0";"";""
"368";"2026-01-27 11:56:08";"Push";"1826";"Triceps Pushdown (Cable - Straight Bar)";"3";"2.5";"10";"";"";"";"";""
"368";"2026-01-27 11:56:08";"Push";"1826";"Triceps Pushdown (Cable - Straight Bar)";"Rest Timer";"";"";"";"";"60.0";"";""
"369";"2026-01-28 12:32:54";"Pull";"2071";"Bent Over Row (Barbell)";"1";"0.0";"10";"";"";"";"";""
"369";"2026-01-28 12:32:54";"Pull";"2071";"Bent Over Row (Barbell)";"Rest Timer";"";"";"";"";"60.0";"";""
"369";"2026-01-28 12:32:54";"Pull";"2071";"Bent Over Row (Barbell)";"2";"0.0";"10";"";"";"";"";""
"369";"2026-01-28 12:32:54";"Pull";"2071";"Bent Over Row (Barbell)";"Rest Timer";"";"";"";"";"60.0";"";""
"369";"2026-01-28 12:32:54";"Pull";"2071";"Bent Over Row (Barbell)";"3";"0.0";"10";"";"";"";"";""
"369";"2026-01-28 12:32:54";"Pull";"2071";"Bent Over Row (Barbell)";"Rest Timer";"";"";"";"";"60.0";"";""
"369";"2026-01-28 12:32:54";"Pull";"2071";"Pullover (Machine)";"1";"2.5";"10";"";"";"";"";""
"369";"2026-01-28 12:32:54";"Pull";"2071";"Pullover (Machine)";"Rest Timer";"";"";"";"";"60.0";"";""
"369";"2026-01-28 12:32:54";"Pull";"2071";"Pullover (Machine)";"2";"2.5";"10";"";"";"";"";""
"369";"2026-01-28 12:32:54";"Pull";"2071";"Pullover (Machine)";"Rest Timer";"";"";"";"";"60.0";"";""
"369";"2026-01-28 12:32:54";"Pull";"2071";"Pullover (Machine)";"3";"2.5";"10";"";"";"";"";""
"369";"2026-01-28 12:32:54";"Pull";"2071";"Pullover (Machine)";"Rest Timer";"";"";"";"";"60.0";"";""
"369";"2026-01-28 12:32:54";"Pull";"2071";"Seated Row (Cable)";"1";"5.0";"10";"";"";"";"";""
"369";"2026-01-28 12:32:54";"Pull";"2071";"Seated Row (Cable)";"Rest Timer";"";"";"";"";"60.0";"";""
"369";"2026-01-28 12:32:54";"Pull";"2071";"Seated Row (Cable)";"2";"5.0";"10";"";"";"";"";""
"369";"2026-01-28 12:32:54";"Pull";"2071";"Seated Row (Cable)";"Rest Timer";"";"";"";"";"60.0";"";""
"369";"2026-01-28 12:32:54";"Pull";"2071";"Seated Row (Cable)";"3";"5.0";"10";"";"";"";"";""
"369";"2026-01-28 12:32:54";"Pull";"2071";"Seated Row (Cable)";"Rest Timer";"";"";"";"";"60.0";"";""
"369";"2026-01-28 12:32:54";"Pull";"2071";"Face Pull (Cable)";"1";"1.25";"10";"";"";"";"";""
"369";"2026-01-28 12:32:54";"Pull";"2071";"Face Pull (Cable)";"Rest Timer";"";"";"";"";"60.0";"";""
"369";"2026-01-28 12:32:54";"Pull";"2071";"Face Pull (Cable)";"2";"1.25";"10";"";"";"";"";""
"369";"2026-01-28 12:32:54";"Pull";"2071";"Face Pull (Cable)";"Rest Timer";"";"";"";"";"60.0";"";""
"369";"2026-01-28 12:32:54";"Pull";"2071";"Face Pull (Cable)";"3";"1.25";"10";"";"";"";"";""
"369";"2026-01-28 12:32:54";"Pull";"2071";"Face Pull (Cable)";"Rest Timer";"";"";"";"";"60.0";"";""
"369";"2026-01-28 12:32:54";"Pull";"2071";"Bicep Curl (Cable)";"1";"1.25";"10";"";"";"";"";""
"369";"2026-01-28 12:32:54";"Pull";"2071";"Bicep Curl (Cable)";"Rest Timer";"";"";"";"";"60.0";"";""
"369";"2026-01-28 12:32:54";"Pull";"2071";"Bicep Curl (Cable)";"2";"1.25";"10";"";"";"";"";""
"369";"2026-01-28 12:32:54";"Pull";"2071";"Bicep Curl (Cable)";"Rest Timer";"";"";"";"";"60.0";"";""
"369";"2026-01-28 12:32:54";"Pull";"2071";"Bicep Curl (Cable)";"3";"1.25";"10";"";"";"";"";""
"369";"2026-01-28 12:32:54";"Pull";"2071";"Bicep Curl (Cable)";"Rest Timer";"";"";"";"";"60.0";"";""
"370";"2026-01-29 05:47:09";"Push";"2381";"Squat (Barbell)";"1";"0.0";"10";"";"";"";"";""
"370";"2026-01-29 05:47:09";"Push";"2381";"Squat (Barbell)";"Rest Timer";"";"";"";"";"120.0";"";""
"370";"2026-01-29 05:47:09";"Push";"2381";"Squat (Barbell)";"2";"0.0";"10";"";"";"";"";""
"370";"2026-01-29 05:47:09";"Push";"2381";"Squat (Barbell)";"Rest Timer";"";"";"";"";"120.0";"";""
"370";"2026-01-29 05:47:09";"Push";"2381";"Squat (Barbell)";"3";"0.0";"10";"";"";"";"";""
"370";"2026-01-29 05:47:09";"Push";"2381";"Squat (Barbell)";"Rest Timer";"";"";"";"";"120.0";"";""
"370";"2026-01-29 05:47:09";"Push";"2381";"Incline Bench Press (Barbell)";"1";"0.0";"10";"";"";"";"";""
"370";"2026-01-29 05:47:09";"Push";"2381";"Incline Bench Press (Barbell)";"Rest Timer";"";"";"";"";"60.0";"";""
"370";"2026-01-29 05:47:09";"Push";"2381";"Incline Bench Press (Barbell)";"2";"0.0";"10";"";"";"";"";""
"370";"2026-01-29 05:47:09";"Push";"2381";"Incline Bench Press (Barbell)";"Rest Timer";"";"";"";"";"60.0";"";""
"370";"2026-01-29 05:47:09";"Push";"2381";"Incline Bench Press (Barbell)";"3";"0.0";"10";"";"";"";"";""
"370";"2026-01-29 05:47:09";"Push";"2381";"Incline Bench Press (Barbell)";"Rest Timer";"";"";"";"";"60.0";"";""
"370";"2026-01-29 05:47:09";"Push";"2381";"Overhead Press (Smith Machine)";"1";"0.0";"10";"";"";"";"";""
"370";"2026-01-29 05:47:09";"Push";"2381";"Overhead Press (Smith Machine)";"Rest Timer";"";"";"";"";"120.0";"";""
"370";"2026-01-29 05:47:09";"Push";"2381";"Overhead Press (Smith Machine)";"2";"0.0";"10";"";"";"";"";""
"370";"2026-01-29 05:47:09";"Push";"2381";"Overhead Press (Smith Machine)";"Rest Timer";"";"";"";"";"60.0";"";""
"370";"2026-01-29 05:47:09";"Push";"2381";"Overhead Press (Smith Machine)";"3";"0.0";"10";"";"";"";"";""
"370";"2026-01-29 05:47:09";"Push";"2381";"Overhead Press (Smith Machine)";"Rest Timer";"";"";"";"";"60.0";"";""
"370";"2026-01-29 05:47:09";"Push";"2381";"Decline Cable Chest Flies";"1";"2.5";"10";"";"";"";"";""
"370";"2026-01-29 05:47:09";"Push";"2381";"Decline Cable Chest Flies";"Rest Timer";"";"";"";"";"60.0";"";""
"370";"2026-01-29 05:47:09";"Push";"2381";"Decline Cable Chest Flies";"2";"2.5";"10";"";"";"";"";""
"370";"2026-01-29 05:47:09";"Push";"2381";"Decline Cable Chest Flies";"Rest Timer";"";"";"";"";"60.0";"";""
"370";"2026-01-29 05:47:09";"Push";"2381";"Decline Cable Chest Flies";"3";"2.5";"10";"";"";"";"";""
"370";"2026-01-29 05:47:09";"Push";"2381";"Decline Cable Chest Flies";"Rest Timer";"";"";"";"";"60.0";"";""
"370";"2026-01-29 05:47:09";"Push";"2381";"Lateral Raise (Cable)";"1";"0.0";"7";"";"";"";"";""
"370";"2026-01-29 05:47:09";"Push";"2381";"Lateral Raise (Cable)";"Rest Timer";"";"";"";"";"60.0";"";""
"370";"2026-01-29 05:47:09";"Push";"2381";"Lateral Raise (Cable)";"2";"0.0";"7";"";"";"";"";""
"370";"2026-01-29 05:47:09";"Push";"2381";"Lateral Raise (Cable)";"Rest Timer";"";"";"";"";"60.0";"";""
"370";"2026-01-29 05:47:09";"Push";"2381";"Lateral Raise (Cable)";"3";"0.0";"7";"";"";"";"";""
"370";"2026-01-29 05:47:09";"Push";"2381";"Lateral Raise (Cable)";"Rest Timer";"";"";"";"";"60.0";"";""
"370";"2026-01-29 05:47:09";"Push";"2381";"Triceps Pushdown (Cable - Straight Bar)";"1";"2.5";"10";"";"";"";"";""
"370";"2026-01-29 05:47:09";"Push";"2381";"Triceps Pushdown (Cable - Straight Bar)";"Rest Timer";"";"";"";"";"60.0";"";""
"370";"2026-01-29 05:47:09";"Push";"2381";"Triceps Pushdown (Cable - Straight Bar)";"2";"2.5";"10";"";"";"";"";""
"370";"2026-01-29 05:47:09";"Push";"2381";"Triceps Pushdown (Cable - Straight Bar)";"Rest Timer";"";"";"";"";"60.0";"";""
"370";"2026-01-29 05:47:09";"Push";"2381";"Triceps Pushdown (Cable - Straight Bar)";"3";"2.5";"10";"";"";"";"";""
"370";"2026-01-29 05:47:09";"Push";"2381";"Triceps Pushdown (Cable - Straight Bar)";"Rest Timer";"";"";"";"";"60.0";"";""
"371";"2026-01-30 06:16:13";"Pull";"14511";"Bent Over Row (Barbell)";"1";"0.0";"10";"";"";"";"";""
"371";"2026-01-30 06:16:13";"Pull";"14511";"Bent Over Row (Barbell)";"Rest Timer";"";"";"";"";"60.0";"";""
"371";"2026-01-30 06:16:13";"Pull";"14511";"Bent Over Row (Barbell)";"2";"0.0";"10";"";"";"";"";""
"371";"2026-01-30 06:16:13";"Pull";"14511";"Bent Over Row (Barbell)";"Rest Timer";"";"";"";"";"60.0";"";""
"371";"2026-01-30 06:16:13";"Pull";"14511";"Bent Over Row (Barbell)";"3";"0.0";"10";"";"";"";"";""
"371";"2026-01-30 06:16:13";"Pull";"14511";"Bent Over Row (Barbell)";"Rest Timer";"";"";"";"";"60.0";"";""
"371";"2026-01-30 06:16:13";"Pull";"14511";"Pullover (Machine)";"1";"2.5";"10";"";"";"";"";""
"371";"2026-01-30 06:16:13";"Pull";"14511";"Pullover (Machine)";"Rest Timer";"";"";"";"";"60.0";"";""
"371";"2026-01-30 06:16:13";"Pull";"14511";"Pullover (Machine)";"2";"2.5";"10";"";"";"";"";""
"371";"2026-01-30 06:16:13";"Pull";"14511";"Pullover (Machine)";"Rest Timer";"";"";"";"";"60.0";"";""
"371";"2026-01-30 06:16:13";"Pull";"14511";"Pullover (Machine)";"3";"2.5";"10";"";"";"";"";""
"371";"2026-01-30 06:16:13";"Pull";"14511";"Pullover (Machine)";"Rest Timer";"";"";"";"";"60.0";"";""
"371";"2026-01-30 06:16:13";"Pull";"14511";"Seated Row (Cable)";"1";"5.0";"10";"";"";"";"";""
"371";"2026-01-30 06:16:13";"Pull";"14511";"Seated Row (Cable)";"Rest Timer";"";"";"";"";"60.0";"";""
"371";"2026-01-30 06:16:13";"Pull";"14511";"Seated Row (Cable)";"2";"5.0";"10";"";"";"";"";""
"371";"2026-01-30 06:16:13";"Pull";"14511";"Seated Row (Cable)";"Rest Timer";"";"";"";"";"60.0";"";""
"371";"2026-01-30 06:16:13";"Pull";"14511";"Seated Row (Cable)";"3";"5.0";"10";"";"";"";"";""
"371";"2026-01-30 06:16:13";"Pull";"14511";"Seated Row (Cable)";"Rest Timer";"";"";"";"";"60.0";"";""
"371";"2026-01-30 06:16:13";"Pull";"14511";"Face Pull (Cable)";"1";"1.25";"10";"";"";"";"";""
"371";"2026-01-30 06:16:13";"Pull";"14511";"Face Pull (Cable)";"Rest Timer";"";"";"";"";"60.0";"";""
"371";"2026-01-30 06:16:13";"Pull";"14511";"Face Pull (Cable)";"2";"1.25";"10";"";"";"";"";""
"371";"2026-01-30 06:16:13";"Pull";"14511";"Face Pull (Cable)";"Rest Timer";"";"";"";"";"60.0";"";""
"371";"2026-01-30 06:16:13";"Pull";"14511";"Face Pull (Cable)";"3";"1.25";"10";"";"";"";"";""
"371";"2026-01-30 06:16:13";"Pull";"14511";"Face Pull (Cable)";"Rest Timer";"";"";"";"";"60.0";"";""
"371";"2026-01-30 06:16:13";"Pull";"14511";"Bicep Curl (Cable)";"1";"1.25";"10";"";"";"";"";""
"371";"2026-01-30 06:16:13";"Pull";"14511";"Bicep Curl (Cable)";"Rest Timer";"";"";"";"";"60.0";"";""
"371";"2026-01-30 06:16:13";"Pull";"14511";"Bicep Curl (Cable)";"2";"1.25";"10";"";"";"";"";""
"371";"2026-01-30 06:16:13";"Pull";"14511";"Bicep Curl (Cable)";"Rest Timer";"";"";"";"";"60.0";"";""
"371";"2026-01-30 06:16:13";"Pull";"14511";"Bicep Curl (Cable)";"3";"1.25";"10";"";"";"";"";""
"371";"2026-01-30 06:16:13";"Pull";"14511";"Bicep Curl (Cable)";"Rest Timer";"";"";"";"";"60.0";"";""
"372";"2026-01-31 06:08:57";"Push";"2848";"Squat (Barbell)";"1";"0.0";"10";"";"";"";"";""
"372";"2026-01-31 06:08:57";"Push";"2848";"Squat (Barbell)";"Rest Timer";"";"";"";"";"120.0";"";""
"372";"2026-01-31 06:08:57";"Push";"2848";"Squat (Barbell)";"2";"0.0";"10";"";"";"";"";""
"372";"2026-01-31 06:08:57";"Push";"2848";"Squat (Barbell)";"Rest Timer";"";"";"";"";"120.0";"";""
"372";"2026-01-31 06:08:57";"Push";"2848";"Squat (Barbell)";"3";"0.0";"10";"";"";"";"";""
"372";"2026-01-31 06:08:57";"Push";"2848";"Squat (Barbell)";"Rest Timer";"";"";"";"";"120.0";"";""
"372";"2026-01-31 06:08:57";"Push";"2848";"Incline Bench Press (Barbell)";"1";"0.0";"10";"";"";"";"";""
"372";"2026-01-31 06:08:57";"Push";"2848";"Incline Bench Press (Barbell)";"Rest Timer";"";"";"";"";"60.0";"";""
"372";"2026-01-31 06:08:57";"Push";"2848";"Incline Bench Press (Barbell)";"2";"0.0";"10";"";"";"";"";""
"372";"2026-01-31 06:08:57";"Push";"2848";"Incline Bench Press (Barbell)";"Rest Timer";"";"";"";"";"60.0";"";""
"372";"2026-01-31 06:08:57";"Push";"2848";"Incline Bench Press (Barbell)";"3";"0.0";"10";"";"";"";"";""
"372";"2026-01-31 06:08:57";"Push";"2848";"Incline Bench Press (Barbell)";"Rest Timer";"";"";"";"";"60.0";"";""
"372";"2026-01-31 06:08:57";"Push";"2848";"Overhead Press (Smith Machine)";"1";"0.0";"10";"";"";"";"";""
"372";"2026-01-31 06:08:57";"Push";"2848";"Overhead Press (Smith Machine)";"Rest Timer";"";"";"";"";"120.0";"";""
"372";"2026-01-31 06:08:57";"Push";"2848";"Overhead Press (Smith Machine)";"2";"0.0";"10";"";"";"";"";""
"372";"2026-01-31 06:08:57";"Push";"2848";"Overhead Press (Smith Machine)";"Rest Timer";"";"";"";"";"60.0";"";""
"372";"2026-01-31 06:08:57";"Push";"2848";"Overhead Press (Smith Machine)";"3";"0.0";"10";"";"";"";"";""
"372";"2026-01-31 06:08:57";"Push";"2848";"Overhead Press (Smith Machine)";"Rest Timer";"";"";"";"";"60.0";"";""
"372";"2026-01-31 06:08:57";"Push";"2848";"Decline Cable Chest Flies";"1";"2.5";"10";"";"";"";"";""
"372";"2026-01-31 06:08:57";"Push";"2848";"Decline Cable Chest Flies";"Rest Timer";"";"";"";"";"60.0";"";""
"372";"2026-01-31 06:08:57";"Push";"2848";"Decline Cable Chest Flies";"2";"2.5";"10";"";"";"";"";""
"372";"2026-01-31 06:08:57";"Push";"2848";"Decline Cable Chest Flies";"Rest Timer";"";"";"";"";"60.0";"";""
"372";"2026-01-31 06:08:57";"Push";"2848";"Decline Cable Chest Flies";"3";"2.5";"10";"";"";"";"";""
"372";"2026-01-31 06:08:57";"Push";"2848";"Decline Cable Chest Flies";"Rest Timer";"";"";"";"";"60.0";"";""
"372";"2026-01-31 06:08:57";"Push";"2848";"Lateral Raise (Cable)";"1";"0.0";"7";"";"";"";"";""
"372";"2026-01-31 06:08:57";"Push";"2848";"Lateral Raise (Cable)";"Rest Timer";"";"";"";"";"60.0";"";""
"372";"2026-01-31 06:08:57";"Push";"2848";"Lateral Raise (Cable)";"2";"0.0";"7";"";"";"";"";""
"372";"2026-01-31 06:08:57";"Push";"2848";"Lateral Raise (Cable)";"Rest Timer";"";"";"";"";"60.0";"";""
"372";"2026-01-31 06:08:57";"Push";"2848";"Lateral Raise (Cable)";"3";"0.0";"7";"";"";"";"";""
"372";"2026-01-31 06:08:57";"Push";"2848";"Lateral Raise (Cable)";"Rest Timer";"";"";"";"";"60.0";"";""
"372";"2026-01-31 06:08:57";"Push";"2848";"Triceps Pushdown (Cable - Straight Bar)";"1";"2.5";"10";"";"";"";"";""
"372";"2026-01-31 06:08:57";"Push";"2848";"Triceps Pushdown (Cable - Straight Bar)";"Rest Timer";"";"";"";"";"60.0";"";""
"372";"2026-01-31 06:08:57";"Push";"2848";"Triceps Pushdown (Cable - Straight Bar)";"2";"2.5";"10";"";"";"";"";""
"372";"2026-01-31 06:08:57";"Push";"2848";"Triceps Pushdown (Cable - Straight Bar)";"Rest Timer";"";"";"";"";"60.0";"";""
"372";"2026-01-31 06:08:57";"Push";"2848";"Triceps Pushdown (Cable - Straight Bar)";"3";"2.5";"10";"";"";"";"";""
"372";"2026-01-31 06:08:57";"Push";"2848";"Triceps Pushdown (Cable - Straight Bar)";"Rest Timer";"";"";"";"";"60.0";"";""
"373";"2026-02-02 05:13:23";"Pull";"1741";"Bent Over Row (Barbell)";"1";"0.0";"10";"";"";"";"";""
"373";"2026-02-02 05:13:23";"Pull";"1741";"Bent Over Row (Barbell)";"Rest Timer";"";"";"";"";"60.0";"";""
"373";"2026-02-02 05:13:23";"Pull";"1741";"Bent Over Row (Barbell)";"2";"2.5";"10";"";"";"";"";""
"373";"2026-02-02 05:13:23";"Pull";"1741";"Bent Over Row (Barbell)";"Rest Timer";"";"";"";"";"60.0";"";""
"373";"2026-02-02 05:13:23";"Pull";"1741";"Bent Over Row (Barbell)";"3";"2.5";"10";"";"";"";"";""
"373";"2026-02-02 05:13:23";"Pull";"1741";"Bent Over Row (Barbell)";"Rest Timer";"";"";"";"";"60.0";"";""
"373";"2026-02-02 05:13:23";"Pull";"1741";"Supinated Pulldown";"1";"10.0";"10";"";"";"";"";""
"373";"2026-02-02 05:13:23";"Pull";"1741";"Supinated Pulldown";"Rest Timer";"";"";"";"";"120.0";"";""
"373";"2026-02-02 05:13:23";"Pull";"1741";"Supinated Pulldown";"2";"15.0";"10";"";"";"";"";""
"373";"2026-02-02 05:13:23";"Pull";"1741";"Supinated Pulldown";"Rest Timer";"";"";"";"";"60.0";"";""
"373";"2026-02-02 05:13:23";"Pull";"1741";"Supinated Pulldown";"3";"15.0";"10";"";"";"";"";""
"373";"2026-02-02 05:13:23";"Pull";"1741";"Supinated Pulldown";"Rest Timer";"";"";"";"";"60.0";"";""
"373";"2026-02-02 05:13:23";"Pull";"1741";"Pullover (Machine)";"1";"5.0";"10";"";"";"";"";""
"373";"2026-02-02 05:13:23";"Pull";"1741";"Pullover (Machine)";"Rest Timer";"";"";"";"";"60.0";"";""
"373";"2026-02-02 05:13:23";"Pull";"1741";"Pullover (Machine)";"2";"5.0";"10";"";"";"";"";""
"373";"2026-02-02 05:13:23";"Pull";"1741";"Pullover (Machine)";"Rest Timer";"";"";"";"";"60.0";"";""
"373";"2026-02-02 05:13:23";"Pull";"1741";"Pullover (Machine)";"3";"5.0";"10";"";"";"";"";""
"373";"2026-02-02 05:13:23";"Pull";"1741";"Pullover (Machine)";"Rest Timer";"";"";"";"";"60.0";"";""
"373";"2026-02-02 05:13:23";"Pull";"1741";"Reverse Fly (Cable)";"1";"0.0";"10";"";"";"";"";""
"373";"2026-02-02 05:13:23";"Pull";"1741";"Reverse Fly (Cable)";"Rest Timer";"";"";"";"";"120.0";"";""
"373";"2026-02-02 05:13:23";"Pull";"1741";"Reverse Fly (Cable)";"2";"0.0";"10";"";"";"";"";""
"373";"2026-02-02 05:13:23";"Pull";"1741";"Reverse Fly (Cable)";"Rest Timer";"";"";"";"";"60.0";"";""
"373";"2026-02-02 05:13:23";"Pull";"1741";"Reverse Fly (Cable)";"3";"0.0";"10";"";"";"";"";""
"373";"2026-02-02 05:13:23";"Pull";"1741";"Reverse Fly (Cable)";"Rest Timer";"";"";"";"";"60.0";"";""
"373";"2026-02-02 05:13:23";"Pull";"1741";"Bayesian Cable Curl";"1";"1.25";"10";"";"";"";"";""
"373";"2026-02-02 05:13:23";"Pull";"1741";"Bayesian Cable Curl";"Rest Timer";"";"";"";"";"120.0";"";""
"373";"2026-02-02 05:13:23";"Pull";"1741";"Bayesian Cable Curl";"2";"1.25";"10";"";"";"";"";""
"373";"2026-02-02 05:13:23";"Pull";"1741";"Bayesian Cable Curl";"Rest Timer";"";"";"";"";"60.0";"";""
"373";"2026-02-02 05:13:23";"Pull";"1741";"Bayesian Cable Curl";"3";"1.25";"10";"";"";"";"";""
"373";"2026-02-02 05:13:23";"Pull";"1741";"Bayesian Cable Curl";"Rest Timer";"";"";"";"";"60.0";"";""
"374";"2026-02-03 05:16:00";"Push";"2370";"Squat (Barbell)";"1";"5.0";"10";"";"";"";"";""
"374";"2026-02-03 05:16:00";"Push";"2370";"Squat (Barbell)";"Rest Timer";"";"";"";"";"120.0";"";""
"374";"2026-02-03 05:16:00";"Push";"2370";"Squat (Barbell)";"2";"5.0";"10";"";"";"";"";""
"374";"2026-02-03 05:16:00";"Push";"2370";"Squat (Barbell)";"Rest Timer";"";"";"";"";"60.0";"";""
"374";"2026-02-03 05:16:00";"Push";"2370";"Squat (Barbell)";"3";"5.0";"10";"";"";"";"";""
"374";"2026-02-03 05:16:00";"Push";"2370";"Squat (Barbell)";"Rest Timer";"";"";"";"";"60.0";"";""
"374";"2026-02-03 05:16:00";"Push";"2370";"Incline Bench Press (Barbell)";"1";"5.0";"10";"";"";"";"";""
"374";"2026-02-03 05:16:00";"Push";"2370";"Incline Bench Press (Barbell)";"Rest Timer";"";"";"";"";"60.0";"";""
"374";"2026-02-03 05:16:00";"Push";"2370";"Incline Bench Press (Barbell)";"2";"5.0";"10";"";"";"";"";""
"374";"2026-02-03 05:16:00";"Push";"2370";"Incline Bench Press (Barbell)";"Rest Timer";"";"";"";"";"60.0";"";""
"374";"2026-02-03 05:16:00";"Push";"2370";"Incline Bench Press (Barbell)";"3";"5.0";"10";"";"";"";"";""
"374";"2026-02-03 05:16:00";"Push";"2370";"Incline Bench Press (Barbell)";"Rest Timer";"";"";"";"";"60.0";"";""
"374";"2026-02-03 05:16:00";"Push";"2370";"Overhead Press (Smith Machine)";"W";"0.0";"10";"";"";"";"";""
"374";"2026-02-03 05:16:00";"Push";"2370";"Overhead Press (Smith Machine)";"1";"5.0";"10";"";"";"";"";""
"374";"2026-02-03 05:16:00";"Push";"2370";"Overhead Press (Smith Machine)";"Rest Timer";"";"";"";"";"120.0";"";""
"374";"2026-02-03 05:16:00";"Push";"2370";"Overhead Press (Smith Machine)";"2";"5.0";"10";"";"";"";"";""
"374";"2026-02-03 05:16:00";"Push";"2370";"Overhead Press (Smith Machine)";"Rest Timer";"";"";"";"";"60.0";"";""
"374";"2026-02-03 05:16:00";"Push";"2370";"Overhead Press (Smith Machine)";"3";"5.0";"10";"";"";"";"";""
"374";"2026-02-03 05:16:00";"Push";"2370";"Overhead Press (Smith Machine)";"Rest Timer";"";"";"";"";"60.0";"";""
"374";"2026-02-03 05:16:00";"Push";"2370";"Chest Flies Cable Seated Heavy";"1";"2.5";"10";"";"";"";"";""
"374";"2026-02-03 05:16:00";"Push";"2370";"Chest Flies Cable Seated Heavy";"Rest Timer";"";"";"";"";"120.0";"";""
"374";"2026-02-03 05:16:00";"Push";"2370";"Chest Flies Cable Seated Heavy";"2";"2.5";"10";"";"";"";"";""
"374";"2026-02-03 05:16:00";"Push";"2370";"Chest Flies Cable Seated Heavy";"Rest Timer";"";"";"";"";"60.0";"";""
"374";"2026-02-03 05:16:00";"Push";"2370";"Chest Flies Cable Seated Heavy";"3";"2.5";"10";"";"";"";"";""
"374";"2026-02-03 05:16:00";"Push";"2370";"Chest Flies Cable Seated Heavy";"Rest Timer";"";"";"";"";"60.0";"";""
"374";"2026-02-03 05:16:00";"Push";"2370";"Lateral Raise (Cable)";"1";"0.0";"10";"";"";"";"";""
"374";"2026-02-03 05:16:00";"Push";"2370";"Lateral Raise (Cable)";"Rest Timer";"";"";"";"";"60.0";"";""
"374";"2026-02-03 05:16:00";"Push";"2370";"Lateral Raise (Cable)";"2";"0.0";"10";"";"";"";"";""
"374";"2026-02-03 05:16:00";"Push";"2370";"Lateral Raise (Cable)";"Rest Timer";"";"";"";"";"60.0";"";""
"374";"2026-02-03 05:16:00";"Push";"2370";"Lateral Raise (Cable)";"3";"0.0";"7";"";"";"";"";""
"374";"2026-02-03 05:16:00";"Push";"2370";"Lateral Raise (Cable)";"Rest Timer";"";"";"";"";"60.0";"";""
"374";"2026-02-03 05:16:00";"Push";"2370";"Tricep Extension Cable Overhead";"1";"2.5";"10";"";"";"";"";""
"374";"2026-02-03 05:16:00";"Push";"2370";"Tricep Extension Cable Overhead";"Rest Timer";"";"";"";"";"120.0";"";""
"374";"2026-02-03 05:16:00";"Push";"2370";"Tricep Extension Cable Overhead";"2";"5.0";"10";"";"";"";"";""
"374";"2026-02-03 05:16:00";"Push";"2370";"Tricep Extension Cable Overhead";"Rest Timer";"";"";"";"";"120.0";"";""
"374";"2026-02-03 05:16:00";"Push";"2370";"Tricep Extension Cable Overhead";"3";"5.0";"10";"";"";"";"";""
"374";"2026-02-03 05:16:00";"Push";"2370";"Tricep Extension Cable Overhead";"Rest Timer";"";"";"";"";"60.0";"";""
"375";"2026-02-04 05:03:20";"Pull";"2279";"Bent Over Row (Barbell)";"W";"0.0";"10";"";"";"";"";""
"375";"2026-02-04 05:03:20";"Pull";"2279";"Bent Over Row (Barbell)";"Rest Timer";"";"";"";"";"30.0";"";""
"375";"2026-02-04 05:03:20";"Pull";"2279";"Bent Over Row (Barbell)";"1";"2.5";"10";"";"";"";"";""
"375";"2026-02-04 05:03:20";"Pull";"2279";"Bent Over Row (Barbell)";"Rest Timer";"";"";"";"";"60.0";"";""
"375";"2026-02-04 05:03:20";"Pull";"2279";"Bent Over Row (Barbell)";"2";"2.5";"10";"";"";"";"";""
"375";"2026-02-04 05:03:20";"Pull";"2279";"Bent Over Row (Barbell)";"Rest Timer";"";"";"";"";"60.0";"";""
"375";"2026-02-04 05:03:20";"Pull";"2279";"Bent Over Row (Barbell)";"3";"2.5";"10";"";"";"";"";""
"375";"2026-02-04 05:03:20";"Pull";"2279";"Bent Over Row (Barbell)";"Rest Timer";"";"";"";"";"60.0";"";""
"375";"2026-02-04 05:03:20";"Pull";"2279";"Supinated Pulldown";"W";"5.0";"10";"";"";"";"";""
"375";"2026-02-04 05:03:20";"Pull";"2279";"Supinated Pulldown";"Rest Timer";"";"";"";"";"60.0";"";""
"375";"2026-02-04 05:03:20";"Pull";"2279";"Supinated Pulldown";"1";"15.0";"10";"";"";"";"";""
"375";"2026-02-04 05:03:20";"Pull";"2279";"Supinated Pulldown";"Rest Timer";"";"";"";"";"120.0";"";""
"375";"2026-02-04 05:03:20";"Pull";"2279";"Supinated Pulldown";"2";"15.0";"10";"";"";"";"";""
"375";"2026-02-04 05:03:20";"Pull";"2279";"Supinated Pulldown";"Rest Timer";"";"";"";"";"60.0";"";""
"375";"2026-02-04 05:03:20";"Pull";"2279";"Supinated Pulldown";"3";"15.0";"10";"";"";"";"";""
"375";"2026-02-04 05:03:20";"Pull";"2279";"Supinated Pulldown";"Rest Timer";"";"";"";"";"60.0";"";""
"375";"2026-02-04 05:03:20";"Pull";"2279";"Cable Lat Pullover";"1";"5.0";"10";"";"";"";"";""
"375";"2026-02-04 05:03:20";"Pull";"2279";"Cable Lat Pullover";"Rest Timer";"";"";"";"";"120.0";"";""
"375";"2026-02-04 05:03:20";"Pull";"2279";"Cable Lat Pullover";"2";"5.0";"10";"";"";"";"";""
"375";"2026-02-04 05:03:20";"Pull";"2279";"Cable Lat Pullover";"Rest Timer";"";"";"";"";"120.0";"";""
"375";"2026-02-04 05:03:20";"Pull";"2279";"Cable Lat Pullover";"3";"5.0";"10";"";"";"";"";""
"375";"2026-02-04 05:03:20";"Pull";"2279";"Cable Lat Pullover";"Rest Timer";"";"";"";"";"60.0";"";""
"375";"2026-02-04 05:03:20";"Pull";"2279";"Face Pull (Cable)";"1";"1.25";"10";"";"";"";"";""
"375";"2026-02-04 05:03:20";"Pull";"2279";"Face Pull (Cable)";"Rest Timer";"";"";"";"";"60.0";"";""
"375";"2026-02-04 05:03:20";"Pull";"2279";"Face Pull (Cable)";"2";"1.25";"10";"";"";"";"";""
"375";"2026-02-04 05:03:20";"Pull";"2279";"Face Pull (Cable)";"Rest Timer";"";"";"";"";"60.0";"";""
"375";"2026-02-04 05:03:20";"Pull";"2279";"Face Pull (Cable)";"3";"2.5";"10";"";"";"";"";""
"375";"2026-02-04 05:03:20";"Pull";"2279";"Face Pull (Cable)";"Rest Timer";"";"";"";"";"60.0";"";""
"375";"2026-02-04 05:03:20";"Pull";"2279";"Bayesian Cable Curl";"1";"1.25";"10";"";"";"";"";""
"375";"2026-02-04 05:03:20";"Pull";"2279";"Bayesian Cable Curl";"Rest Timer";"";"";"";"";"120.0";"";""
"375";"2026-02-04 05:03:20";"Pull";"2279";"Bayesian Cable Curl";"2";"1.25";"10";"";"";"";"";""
"375";"2026-02-04 05:03:20";"Pull";"2279";"Bayesian Cable Curl";"Rest Timer";"";"";"";"";"120.0";"";""
"375";"2026-02-04 05:03:20";"Pull";"2279";"Bayesian Cable Curl";"3";"1.25";"10";"";"";"";"";""
"375";"2026-02-04 05:03:20";"Pull";"2279";"Bayesian Cable Curl";"Rest Timer";"";"";"";"";"120.0";"";""
"376";"2026-02-05 05:12:18";"Push";"2389";"Squat (Barbell)";"1";"5.0";"10";"";"";"";"";""
"376";"2026-02-05 05:12:18";"Push";"2389";"Squat (Barbell)";"2";"5.0";"10";"";"";"";"";""
"376";"2026-02-05 05:12:18";"Push";"2389";"Squat (Barbell)";"Rest Timer";"";"";"";"";"60.0";"";""
"376";"2026-02-05 05:12:18";"Push";"2389";"Squat (Barbell)";"3";"5.0";"10";"";"";"";"";""
"376";"2026-02-05 05:12:18";"Push";"2389";"Squat (Barbell)";"Rest Timer";"";"";"";"";"60.0";"";""
"376";"2026-02-05 05:12:18";"Push";"2389";"Incline Bench Press (Barbell)";"1";"5.0";"10";"";"";"";"";""
"376";"2026-02-05 05:12:18";"Push";"2389";"Incline Bench Press (Barbell)";"Rest Timer";"";"";"";"";"60.0";"";""
"376";"2026-02-05 05:12:18";"Push";"2389";"Incline Bench Press (Barbell)";"2";"5.0";"10";"";"";"";"";""
"376";"2026-02-05 05:12:18";"Push";"2389";"Incline Bench Press (Barbell)";"Rest Timer";"";"";"";"";"60.0";"";""
"376";"2026-02-05 05:12:18";"Push";"2389";"Incline Bench Press (Barbell)";"3";"5.0";"10";"";"";"";"";""
"376";"2026-02-05 05:12:18";"Push";"2389";"Incline Bench Press (Barbell)";"Rest Timer";"";"";"";"";"60.0";"";""
"376";"2026-02-05 05:12:18";"Push";"2389";"Overhead Press (Smith Machine)";"W";"0.0";"10";"";"";"";"";""
"376";"2026-02-05 05:12:18";"Push";"2389";"Overhead Press (Smith Machine)";"1";"5.0";"10";"";"";"";"";""
"376";"2026-02-05 05:12:18";"Push";"2389";"Overhead Press (Smith Machine)";"2";"5.0";"10";"";"";"";"";""
"376";"2026-02-05 05:12:18";"Push";"2389";"Overhead Press (Smith Machine)";"Rest Timer";"";"";"";"";"60.0";"";""
"376";"2026-02-05 05:12:18";"Push";"2389";"Overhead Press (Smith Machine)";"3";"5.0";"10";"";"";"";"";""
"376";"2026-02-05 05:12:18";"Push";"2389";"Overhead Press (Smith Machine)";"Rest Timer";"";"";"";"";"60.0";"";""
"376";"2026-02-05 05:12:18";"Push";"2389";"Chest Flies Cable Seated Heavy";"1";"2.5";"10";"";"";"";"";""
"376";"2026-02-05 05:12:18";"Push";"2389";"Chest Flies Cable Seated Heavy";"2";"2.5";"10";"";"";"";"";""
"376";"2026-02-05 05:12:18";"Push";"2389";"Chest Flies Cable Seated Heavy";"Rest Timer";"";"";"";"";"60.0";"";""
"376";"2026-02-05 05:12:18";"Push";"2389";"Chest Flies Cable Seated Heavy";"3";"2.5";"10";"";"";"";"";""
"376";"2026-02-05 05:12:18";"Push";"2389";"Chest Flies Cable Seated Heavy";"Rest Timer";"";"";"";"";"60.0";"";""
"376";"2026-02-05 05:12:18";"Push";"2389";"Lateral Raise (Cable)";"1";"0.0";"10";"";"";"";"";""
"376";"2026-02-05 05:12:18";"Push";"2389";"Lateral Raise (Cable)";"Rest Timer";"";"";"";"";"60.0";"";""
"376";"2026-02-05 05:12:18";"Push";"2389";"Lateral Raise (Cable)";"2";"0.0";"10";"";"";"";"";""
"376";"2026-02-05 05:12:18";"Push";"2389";"Lateral Raise (Cable)";"Rest Timer";"";"";"";"";"60.0";"";""
"376";"2026-02-05 05:12:18";"Push";"2389";"Lateral Raise (Cable)";"3";"0.0";"10";"";"";"";"";""
"376";"2026-02-05 05:12:18";"Push";"2389";"Lateral Raise (Cable)";"Rest Timer";"";"";"";"";"60.0";"";""
"376";"2026-02-05 05:12:18";"Push";"2389";"Tricep Extension Cable Overhead";"1";"5.0";"10";"";"";"";"";""
"376";"2026-02-05 05:12:18";"Push";"2389";"Tricep Extension Cable Overhead";"Rest Timer";"";"";"";"";"60.0";"";""
"376";"2026-02-05 05:12:18";"Push";"2389";"Tricep Extension Cable Overhead";"2";"5.0";"10";"";"";"";"";""
"376";"2026-02-05 05:12:18";"Push";"2389";"Tricep Extension Cable Overhead";"Rest Timer";"";"";"";"";"60.0";"";""
"376";"2026-02-05 05:12:18";"Push";"2389";"Tricep Extension Cable Overhead";"3";"5.0";"10";"";"";"";"";""
"376";"2026-02-05 05:12:18";"Push";"2389";"Tricep Extension Cable Overhead";"Rest Timer";"";"";"";"";"60.0";"";""
"377";"2026-02-06 05:10:15";"Pull";"1845";"Bent Over Row (Barbell)";"W";"0.0";"10";"";"";"";"";""
"377";"2026-02-06 05:10:15";"Pull";"1845";"Bent Over Row (Barbell)";"Rest Timer";"";"";"";"";"30.0";"";""
"377";"2026-02-06 05:10:15";"Pull";"1845";"Bent Over Row (Barbell)";"1";"2.5";"10";"";"";"";"";""
"377";"2026-02-06 05:10:15";"Pull";"1845";"Bent Over Row (Barbell)";"Rest Timer";"";"";"";"";"60.0";"";""
"377";"2026-02-06 05:10:15";"Pull";"1845";"Bent Over Row (Barbell)";"2";"2.5";"10";"";"";"";"";""
"377";"2026-02-06 05:10:15";"Pull";"1845";"Bent Over Row (Barbell)";"Rest Timer";"";"";"";"";"60.0";"";""
"377";"2026-02-06 05:10:15";"Pull";"1845";"Bent Over Row (Barbell)";"3";"2.5";"10";"";"";"";"";""
"377";"2026-02-06 05:10:15";"Pull";"1845";"Bent Over Row (Barbell)";"Rest Timer";"";"";"";"";"60.0";"";""
"377";"2026-02-06 05:10:15";"Pull";"1845";"Supinated Pulldown";"W";"5.0";"10";"";"";"";"";""
"377";"2026-02-06 05:10:15";"Pull";"1845";"Supinated Pulldown";"Rest Timer";"";"";"";"";"60.0";"";""
"377";"2026-02-06 05:10:15";"Pull";"1845";"Supinated Pulldown";"1";"15.0";"10";"";"";"";"";""
"377";"2026-02-06 05:10:15";"Pull";"1845";"Supinated Pulldown";"Rest Timer";"";"";"";"";"120.0";"";""
"377";"2026-02-06 05:10:15";"Pull";"1845";"Supinated Pulldown";"2";"15.0";"10";"";"";"";"";""
"377";"2026-02-06 05:10:15";"Pull";"1845";"Supinated Pulldown";"Rest Timer";"";"";"";"";"60.0";"";""
"377";"2026-02-06 05:10:15";"Pull";"1845";"Supinated Pulldown";"3";"15.0";"10";"";"";"";"";""
"377";"2026-02-06 05:10:15";"Pull";"1845";"Supinated Pulldown";"Rest Timer";"";"";"";"";"60.0";"";""
"377";"2026-02-06 05:10:15";"Pull";"1845";"Cable Lat Pullover";"1";"5.0";"10";"";"";"";"";""
"377";"2026-02-06 05:10:15";"Pull";"1845";"Cable Lat Pullover";"Rest Timer";"";"";"";"";"60.0";"";""
"377";"2026-02-06 05:10:15";"Pull";"1845";"Cable Lat Pullover";"2";"5.0";"10";"";"";"";"";""
"377";"2026-02-06 05:10:15";"Pull";"1845";"Cable Lat Pullover";"Rest Timer";"";"";"";"";"60.0";"";""
"377";"2026-02-06 05:10:15";"Pull";"1845";"Cable Lat Pullover";"3";"5.0";"10";"";"";"";"";""
"377";"2026-02-06 05:10:15";"Pull";"1845";"Cable Lat Pullover";"Rest Timer";"";"";"";"";"60.0";"";""
"377";"2026-02-06 05:10:15";"Pull";"1845";"Face Pull (Cable)";"1";"1.25";"10";"";"";"";"";""
"377";"2026-02-06 05:10:15";"Pull";"1845";"Face Pull (Cable)";"Rest Timer";"";"";"";"";"60.0";"";""
"377";"2026-02-06 05:10:15";"Pull";"1845";"Face Pull (Cable)";"2";"1.25";"10";"";"";"";"";""
"377";"2026-02-06 05:10:15";"Pull";"1845";"Face Pull (Cable)";"Rest Timer";"";"";"";"";"60.0";"";""
"377";"2026-02-06 05:10:15";"Pull";"1845";"Face Pull (Cable)";"3";"2.5";"10";"";"";"";"";""
"377";"2026-02-06 05:10:15";"Pull";"1845";"Face Pull (Cable)";"Rest Timer";"";"";"";"";"60.0";"";""
"377";"2026-02-06 05:10:15";"Pull";"1845";"Bayesian Cable Curl";"1";"1.25";"10";"";"";"";"";""
"377";"2026-02-06 05:10:15";"Pull";"1845";"Bayesian Cable Curl";"Rest Timer";"";"";"";"";"60.0";"";""
"377";"2026-02-06 05:10:15";"Pull";"1845";"Bayesian Cable Curl";"2";"1.25";"10";"";"";"";"";""
"377";"2026-02-06 05:10:15";"Pull";"1845";"Bayesian Cable Curl";"Rest Timer";"";"";"";"";"60.0";"";""
"377";"2026-02-06 05:10:15";"Pull";"1845";"Bayesian Cable Curl";"3";"1.25";"10";"";"";"";"";""
"377";"2026-02-06 05:10:15";"Pull";"1845";"Bayesian Cable Curl";"Rest Timer";"";"";"";"";"60.0";"";""
"378";"2026-02-07 14:59:01";"Push";"2006";"Squat (Barbell)";"W";"0.0";"10";"";"";"";"";""
"378";"2026-02-07 14:59:01";"Push";"2006";"Squat (Barbell)";"1";"5.0";"10";"";"";"";"";""
"378";"2026-02-07 14:59:01";"Push";"2006";"Squat (Barbell)";"Rest Timer";"";"";"";"";"60.0";"";""
"378";"2026-02-07 14:59:01";"Push";"2006";"Squat (Barbell)";"2";"5.0";"10";"";"";"";"";""
"378";"2026-02-07 14:59:01";"Push";"2006";"Squat (Barbell)";"Rest Timer";"";"";"";"";"60.0";"";""
"378";"2026-02-07 14:59:01";"Push";"2006";"Squat (Barbell)";"3";"5.0";"10";"";"";"";"";""
"378";"2026-02-07 14:59:01";"Push";"2006";"Squat (Barbell)";"Rest Timer";"";"";"";"";"60.0";"";""
"378";"2026-02-07 14:59:01";"Push";"2006";"Incline Bench Press (Barbell)";"1";"5.0";"10";"";"";"";"";""
"378";"2026-02-07 14:59:01";"Push";"2006";"Incline Bench Press (Barbell)";"Rest Timer";"";"";"";"";"60.0";"";""
"378";"2026-02-07 14:59:01";"Push";"2006";"Incline Bench Press (Barbell)";"2";"5.0";"10";"";"";"";"";""
"378";"2026-02-07 14:59:01";"Push";"2006";"Incline Bench Press (Barbell)";"Rest Timer";"";"";"";"";"60.0";"";""
"378";"2026-02-07 14:59:01";"Push";"2006";"Incline Bench Press (Barbell)";"3";"5.0";"10";"";"";"";"";""
"378";"2026-02-07 14:59:01";"Push";"2006";"Incline Bench Press (Barbell)";"Rest Timer";"";"";"";"";"60.0";"";""
"378";"2026-02-07 14:59:01";"Push";"2006";"Overhead Press (Smith Machine)";"W";"0.0";"10";"";"";"";"";""
"378";"2026-02-07 14:59:01";"Push";"2006";"Overhead Press (Smith Machine)";"1";"5.0";"10";"";"";"";"";""
"378";"2026-02-07 14:59:01";"Push";"2006";"Overhead Press (Smith Machine)";"Rest Timer";"";"";"";"";"60.0";"";""
"378";"2026-02-07 14:59:01";"Push";"2006";"Overhead Press (Smith Machine)";"2";"5.0";"10";"";"";"";"";""
"378";"2026-02-07 14:59:01";"Push";"2006";"Overhead Press (Smith Machine)";"Rest Timer";"";"";"";"";"60.0";"";""
"378";"2026-02-07 14:59:01";"Push";"2006";"Overhead Press (Smith Machine)";"3";"5.0";"10";"";"";"";"";""
"378";"2026-02-07 14:59:01";"Push";"2006";"Overhead Press (Smith Machine)";"Rest Timer";"";"";"";"";"60.0";"";""
"378";"2026-02-07 14:59:01";"Push";"2006";"Chest Flies Cable Seated Heavy";"1";"2.5";"10";"";"";"";"";""
"378";"2026-02-07 14:59:01";"Push";"2006";"Chest Flies Cable Seated Heavy";"Rest Timer";"";"";"";"";"60.0";"";""
"378";"2026-02-07 14:59:01";"Push";"2006";"Chest Flies Cable Seated Heavy";"2";"2.5";"10";"";"";"";"";""
"378";"2026-02-07 14:59:01";"Push";"2006";"Chest Flies Cable Seated Heavy";"Rest Timer";"";"";"";"";"60.0";"";""
"378";"2026-02-07 14:59:01";"Push";"2006";"Chest Flies Cable Seated Heavy";"3";"2.5";"10";"";"";"";"";""
"378";"2026-02-07 14:59:01";"Push";"2006";"Chest Flies Cable Seated Heavy";"Rest Timer";"";"";"";"";"60.0";"";""
"378";"2026-02-07 14:59:01";"Push";"2006";"Lateral Raise (Cable)";"1";"0.0";"10";"";"";"";"";""
"378";"2026-02-07 14:59:01";"Push";"2006";"Lateral Raise (Cable)";"Rest Timer";"";"";"";"";"60.0";"";""
"378";"2026-02-07 14:59:01";"Push";"2006";"Lateral Raise (Cable)";"2";"0.0";"10";"";"";"";"";""
"378";"2026-02-07 14:59:01";"Push";"2006";"Lateral Raise (Cable)";"Rest Timer";"";"";"";"";"60.0";"";""
"378";"2026-02-07 14:59:01";"Push";"2006";"Lateral Raise (Cable)";"3";"0.0";"10";"";"";"";"";""
"378";"2026-02-07 14:59:01";"Push";"2006";"Lateral Raise (Cable)";"Rest Timer";"";"";"";"";"60.0";"";""
"378";"2026-02-07 14:59:01";"Push";"2006";"Tricep Extension Cable Overhead";"1";"5.0";"10";"";"";"";"";""
"378";"2026-02-07 14:59:01";"Push";"2006";"Tricep Extension Cable Overhead";"Rest Timer";"";"";"";"";"60.0";"";""
"378";"2026-02-07 14:59:01";"Push";"2006";"Tricep Extension Cable Overhead";"2";"5.0";"10";"";"";"";"";""
"378";"2026-02-07 14:59:01";"Push";"2006";"Tricep Extension Cable Overhead";"Rest Timer";"";"";"";"";"60.0";"";""
"378";"2026-02-07 14:59:01";"Push";"2006";"Tricep Extension Cable Overhead";"3";"5.0";"10";"";"";"";"";""
"378";"2026-02-07 14:59:01";"Push";"2006";"Tricep Extension Cable Overhead";"Rest Timer";"";"";"";"";"60.0";"";""
"379";"2026-02-09 04:54:34";"Pull";"2518";"Bent Over Row (Barbell)";"W";"0.0";"10";"";"";"";"";""
"379";"2026-02-09 04:54:34";"Pull";"2518";"Bent Over Row (Barbell)";"Rest Timer";"";"";"";"";"30.0";"";""
"379";"2026-02-09 04:54:34";"Pull";"2518";"Bent Over Row (Barbell)";"1";"5.0";"12";"";"";"";"";""
"379";"2026-02-09 04:54:34";"Pull";"2518";"Bent Over Row (Barbell)";"Rest Timer";"";"";"";"";"60.0";"";""
"379";"2026-02-09 04:54:34";"Pull";"2518";"Bent Over Row (Barbell)";"2";"5.0";"12";"";"";"";"";""
"379";"2026-02-09 04:54:34";"Pull";"2518";"Bent Over Row (Barbell)";"Rest Timer";"";"";"";"";"60.0";"";""
"379";"2026-02-09 04:54:34";"Pull";"2518";"Bent Over Row (Barbell)";"3";"2.5";"10";"";"";"";"";""
"379";"2026-02-09 04:54:34";"Pull";"2518";"Bent Over Row (Barbell)";"Rest Timer";"";"";"";"";"60.0";"";""
"379";"2026-02-09 04:54:34";"Pull";"2518";"Supinated Pulldown";"W";"10.0";"12";"";"";"";"";""
"379";"2026-02-09 04:54:34";"Pull";"2518";"Supinated Pulldown";"Rest Timer";"";"";"";"";"60.0";"";""
"379";"2026-02-09 04:54:34";"Pull";"2518";"Supinated Pulldown";"1";"40.0";"12";"";"";"";"";""
"379";"2026-02-09 04:54:34";"Pull";"2518";"Supinated Pulldown";"Rest Timer";"";"";"";"";"120.0";"";""
"379";"2026-02-09 04:54:34";"Pull";"2518";"Supinated Pulldown";"2";"40.0";"12";"";"";"";"";""
"379";"2026-02-09 04:54:34";"Pull";"2518";"Supinated Pulldown";"Rest Timer";"";"";"";"";"60.0";"";""
"379";"2026-02-09 04:54:34";"Pull";"2518";"Supinated Pulldown";"3";"40.0";"12";"";"";"";"";""
"379";"2026-02-09 04:54:34";"Pull";"2518";"Supinated Pulldown";"Rest Timer";"";"";"";"";"60.0";"";""
"379";"2026-02-09 04:54:34";"Pull";"2518";"Cable Lat Pullover";"W";"5.0";"12";"";"";"";"";""
"379";"2026-02-09 04:54:34";"Pull";"2518";"Cable Lat Pullover";"1";"10.0";"12";"";"";"";"";""
"379";"2026-02-09 04:54:34";"Pull";"2518";"Cable Lat Pullover";"Rest Timer";"";"";"";"";"120.0";"";""
"379";"2026-02-09 04:54:34";"Pull";"2518";"Cable Lat Pullover";"2";"12.5";"12";"";"";"";"";""
"379";"2026-02-09 04:54:34";"Pull";"2518";"Cable Lat Pullover";"Rest Timer";"";"";"";"";"60.0";"";""
"379";"2026-02-09 04:54:34";"Pull";"2518";"Cable Lat Pullover";"3";"12.5";"12";"";"";"";"";""
"379";"2026-02-09 04:54:34";"Pull";"2518";"Cable Lat Pullover";"Rest Timer";"";"";"";"";"60.0";"";""
"379";"2026-02-09 04:54:34";"Pull";"2518";"Face Pull (Cable)";"W";"5.0";"12";"";"";"";"";""
"379";"2026-02-09 04:54:34";"Pull";"2518";"Face Pull (Cable)";"1";"10.0";"12";"";"";"";"";""
"379";"2026-02-09 04:54:34";"Pull";"2518";"Face Pull (Cable)";"Rest Timer";"";"";"";"";"60.0";"";""
"379";"2026-02-09 04:54:34";"Pull";"2518";"Face Pull (Cable)";"2";"10.0";"12";"";"";"";"";""
"379";"2026-02-09 04:54:34";"Pull";"2518";"Face Pull (Cable)";"Rest Timer";"";"";"";"";"60.0";"";""
"379";"2026-02-09 04:54:34";"Pull";"2518";"Face Pull (Cable)";"3";"10.0";"12";"";"";"";"";""
"379";"2026-02-09 04:54:34";"Pull";"2518";"Face Pull (Cable)";"Rest Timer";"";"";"";"";"60.0";"";""
"379";"2026-02-09 04:54:34";"Pull";"2518";"Bayesian Cable Curl";"1";"5.0";"12";"";"";"";"";""
"379";"2026-02-09 04:54:34";"Pull";"2518";"Bayesian Cable Curl";"Rest Timer";"";"";"";"";"60.0";"";""
"379";"2026-02-09 04:54:34";"Pull";"2518";"Bayesian Cable Curl";"2";"5.0";"12";"";"";"";"";""
"379";"2026-02-09 04:54:34";"Pull";"2518";"Bayesian Cable Curl";"Rest Timer";"";"";"";"";"60.0";"";""
"379";"2026-02-09 04:54:34";"Pull";"2518";"Bayesian Cable Curl";"3";"5.0";"12";"";"";"";"";""
"379";"2026-02-09 04:54:34";"Pull";"2518";"Bayesian Cable Curl";"Rest Timer";"";"";"";"";"60.0";"";""
"380";"2026-02-10 05:13:30";"Push";"3212";"Squat (Barbell)";"W";"0.0";"10";"";"";"";"";""
"380";"2026-02-10 05:13:30";"Push";"3212";"Squat (Barbell)";"W";"10.0";"10";"";"";"";"";""
"380";"2026-02-10 05:13:30";"Push";"3212";"Squat (Barbell)";"1";"30.0";"10";"";"";"";"";""
"380";"2026-02-10 05:13:30";"Push";"3212";"Squat (Barbell)";"Rest Timer";"";"";"";"";"60.0";"";""
"380";"2026-02-10 05:13:30";"Push";"3212";"Squat (Barbell)";"2";"30.0";"10";"";"";"";"";""
"380";"2026-02-10 05:13:30";"Push";"3212";"Squat (Barbell)";"Rest Timer";"";"";"";"";"60.0";"";""
"380";"2026-02-10 05:13:30";"Push";"3212";"Squat (Barbell)";"3";"30.0";"10";"";"";"";"";""
"380";"2026-02-10 05:13:30";"Push";"3212";"Squat (Barbell)";"Rest Timer";"";"";"";"";"60.0";"";""
"380";"2026-02-10 05:13:30";"Push";"3212";"Incline Bench Press (Barbell)";"W";"0.0";"10";"";"";"";"";""
"380";"2026-02-10 05:13:30";"Push";"3212";"Incline Bench Press (Barbell)";"W";"10.0";"10";"";"";"";"";""
"380";"2026-02-10 05:13:30";"Push";"3212";"Incline Bench Press (Barbell)";"1";"20.0";"10";"";"";"";"";""
"380";"2026-02-10 05:13:30";"Push";"3212";"Incline Bench Press (Barbell)";"Rest Timer";"";"";"";"";"60.0";"";""
"380";"2026-02-10 05:13:30";"Push";"3212";"Incline Bench Press (Barbell)";"2";"20.0";"10";"";"";"";"";""
"380";"2026-02-10 05:13:30";"Push";"3212";"Incline Bench Press (Barbell)";"Rest Timer";"";"";"";"";"60.0";"";""
"380";"2026-02-10 05:13:30";"Push";"3212";"Incline Bench Press (Barbell)";"3";"20.0";"10";"";"";"";"";""
"380";"2026-02-10 05:13:30";"Push";"3212";"Incline Bench Press (Barbell)";"Rest Timer";"";"";"";"";"60.0";"";""
"380";"2026-02-10 05:13:30";"Push";"3212";"Overhead Press (Smith Machine)";"Note";"";"";"";"";"";"This felt very heavy, maybe drop down";""
"380";"2026-02-10 05:13:30";"Push";"3212";"Overhead Press (Smith Machine)";"W";"0.0";"10";"";"";"";"";""
"380";"2026-02-10 05:13:30";"Push";"3212";"Overhead Press (Smith Machine)";"1";"20.0";"10";"";"";"";"";""
"380";"2026-02-10 05:13:30";"Push";"3212";"Overhead Press (Smith Machine)";"Rest Timer";"";"";"";"";"60.0";"";""
"380";"2026-02-10 05:13:30";"Push";"3212";"Overhead Press (Smith Machine)";"2";"20.0";"10";"";"";"";"";""
"380";"2026-02-10 05:13:30";"Push";"3212";"Overhead Press (Smith Machine)";"Rest Timer";"";"";"";"";"60.0";"";""
"380";"2026-02-10 05:13:30";"Push";"3212";"Overhead Press (Smith Machine)";"3";"20.0";"10";"";"";"";"";""
"380";"2026-02-10 05:13:30";"Push";"3212";"Overhead Press (Smith Machine)";"Rest Timer";"";"";"";"";"60.0";"";""
"380";"2026-02-10 05:13:30";"Push";"3212";"Chest Flies Cable Seated Heavy";"1";"5.0";"12";"";"";"";"";""
"380";"2026-02-10 05:13:30";"Push";"3212";"Chest Flies Cable Seated Heavy";"Rest Timer";"";"";"";"";"60.0";"";""
"380";"2026-02-10 05:13:30";"Push";"3212";"Chest Flies Cable Seated Heavy";"2";"6.25";"12";"";"";"";"";""
"380";"2026-02-10 05:13:30";"Push";"3212";"Chest Flies Cable Seated Heavy";"Rest Timer";"";"";"";"";"60.0";"";""
"380";"2026-02-10 05:13:30";"Push";"3212";"Chest Flies Cable Seated Heavy";"3";"6.25";"12";"";"";"";"";""
"380";"2026-02-10 05:13:30";"Push";"3212";"Chest Flies Cable Seated Heavy";"Rest Timer";"";"";"";"";"60.0";"";""
"380";"2026-02-10 05:13:30";"Push";"3212";"Lateral Raise (Cable)";"Note";"";"";"";"";"";"Last set felt hard, otherwise tempted to go up";""
"380";"2026-02-10 05:13:30";"Push";"3212";"Lateral Raise (Cable)";"1";"0.0";"12";"";"";"";"";""
"380";"2026-02-10 05:13:30";"Push";"3212";"Lateral Raise (Cable)";"Rest Timer";"";"";"";"";"60.0";"";""
"380";"2026-02-10 05:13:30";"Push";"3212";"Lateral Raise (Cable)";"2";"0.0";"12";"";"";"";"";""
"380";"2026-02-10 05:13:30";"Push";"3212";"Lateral Raise (Cable)";"Rest Timer";"";"";"";"";"60.0";"";""
"380";"2026-02-10 05:13:30";"Push";"3212";"Lateral Raise (Cable)";"3";"0.0";"12";"";"";"";"";""
"380";"2026-02-10 05:13:30";"Push";"3212";"Lateral Raise (Cable)";"Rest Timer";"";"";"";"";"60.0";"";""
"380";"2026-02-10 05:13:30";"Push";"3212";"Tricep Extension Cable Overhead";"Note";"";"";"";"";"";"17 felt good";""
"380";"2026-02-10 05:13:30";"Push";"3212";"Tricep Extension Cable Overhead";"1";"10.0";"12";"";"";"";"";""
"380";"2026-02-10 05:13:30";"Push";"3212";"Tricep Extension Cable Overhead";"Rest Timer";"";"";"";"";"60.0";"";""
"380";"2026-02-10 05:13:30";"Push";"3212";"Tricep Extension Cable Overhead";"2";"15.0";"12";"";"";"";"";""
"380";"2026-02-10 05:13:30";"Push";"3212";"Tricep Extension Cable Overhead";"Rest Timer";"";"";"";"";"60.0";"";""
"380";"2026-02-10 05:13:30";"Push";"3212";"Tricep Extension Cable Overhead";"3";"17.25";"12";"";"";"";"";""
"380";"2026-02-10 05:13:30";"Push";"3212";"Tricep Extension Cable Overhead";"Rest Timer";"";"";"";"";"60.0";"";""
"381";"2026-02-11 05:13:01";"Pull";"2334";"Bent Over Row (Barbell)";"W";"0.0";"12";"";"";"";"";""
"381";"2026-02-11 05:13:01";"Pull";"2334";"Bent Over Row (Barbell)";"Rest Timer";"";"";"";"";"30.0";"";""
"381";"2026-02-11 05:13:01";"Pull";"2334";"Bent Over Row (Barbell)";"1";"5.0";"12";"";"";"";"";""
"381";"2026-02-11 05:13:01";"Pull";"2334";"Bent Over Row (Barbell)";"Rest Timer";"";"";"";"";"60.0";"";""
"381";"2026-02-11 05:13:01";"Pull";"2334";"Bent Over Row (Barbell)";"2";"5.0";"12";"";"";"";"";""
"381";"2026-02-11 05:13:01";"Pull";"2334";"Bent Over Row (Barbell)";"Rest Timer";"";"";"";"";"60.0";"";""
"381";"2026-02-11 05:13:01";"Pull";"2334";"Bent Over Row (Barbell)";"3";"5.0";"12";"";"";"";"";""
"381";"2026-02-11 05:13:01";"Pull";"2334";"Bent Over Row (Barbell)";"Rest Timer";"";"";"";"";"60.0";"";""
"381";"2026-02-11 05:13:01";"Pull";"2334";"Supinated Pulldown";"W";"20.0";"12";"";"";"";"";""
"381";"2026-02-11 05:13:01";"Pull";"2334";"Supinated Pulldown";"Rest Timer";"";"";"";"";"60.0";"";""
"381";"2026-02-11 05:13:01";"Pull";"2334";"Supinated Pulldown";"1";"40.0";"12";"";"";"";"";""
"381";"2026-02-11 05:13:01";"Pull";"2334";"Supinated Pulldown";"Rest Timer";"";"";"";"";"120.0";"";""
"381";"2026-02-11 05:13:01";"Pull";"2334";"Supinated Pulldown";"2";"40.0";"12";"";"";"";"";""
"381";"2026-02-11 05:13:01";"Pull";"2334";"Supinated Pulldown";"Rest Timer";"";"";"";"";"60.0";"";""
"381";"2026-02-11 05:13:01";"Pull";"2334";"Supinated Pulldown";"3";"40.0";"12";"";"";"";"";""
"381";"2026-02-11 05:13:01";"Pull";"2334";"Supinated Pulldown";"Rest Timer";"";"";"";"";"60.0";"";""
"381";"2026-02-11 05:13:01";"Pull";"2334";"Cable Lat Pullover";"W";"5.0";"12";"";"";"";"";""
"381";"2026-02-11 05:13:01";"Pull";"2334";"Cable Lat Pullover";"1";"12.5";"12";"";"";"";"";""
"381";"2026-02-11 05:13:01";"Pull";"2334";"Cable Lat Pullover";"Rest Timer";"";"";"";"";"60.0";"";""
"381";"2026-02-11 05:13:01";"Pull";"2334";"Cable Lat Pullover";"2";"12.5";"12";"";"";"";"";""
"381";"2026-02-11 05:13:01";"Pull";"2334";"Cable Lat Pullover";"Rest Timer";"";"";"";"";"60.0";"";""
"381";"2026-02-11 05:13:01";"Pull";"2334";"Cable Lat Pullover";"3";"12.5";"12";"";"";"";"";""
"381";"2026-02-11 05:13:01";"Pull";"2334";"Cable Lat Pullover";"Rest Timer";"";"";"";"";"60.0";"";""
"381";"2026-02-11 05:13:01";"Pull";"2334";"Face Pull (Cable)";"W";"5.0";"12";"";"";"";"";""
"381";"2026-02-11 05:13:01";"Pull";"2334";"Face Pull (Cable)";"1";"10.0";"12";"";"";"";"";""
"381";"2026-02-11 05:13:01";"Pull";"2334";"Face Pull (Cable)";"Rest Timer";"";"";"";"";"60.0";"";""
"381";"2026-02-11 05:13:01";"Pull";"2334";"Face Pull (Cable)";"2";"10.0";"12";"";"";"";"";""
"381";"2026-02-11 05:13:01";"Pull";"2334";"Face Pull (Cable)";"Rest Timer";"";"";"";"";"60.0";"";""
"381";"2026-02-11 05:13:01";"Pull";"2334";"Face Pull (Cable)";"3";"10.0";"12";"";"";"";"";""
"381";"2026-02-11 05:13:01";"Pull";"2334";"Face Pull (Cable)";"Rest Timer";"";"";"";"";"60.0";"";""
"381";"2026-02-11 05:13:01";"Pull";"2334";"Bayesian Cable Curl";"1";"5.0";"12";"";"";"";"";""
"381";"2026-02-11 05:13:01";"Pull";"2334";"Bayesian Cable Curl";"Rest Timer";"";"";"";"";"60.0";"";""
"381";"2026-02-11 05:13:01";"Pull";"2334";"Bayesian Cable Curl";"2";"6.25";"12";"";"";"";"";""
"381";"2026-02-11 05:13:01";"Pull";"2334";"Bayesian Cable Curl";"Rest Timer";"";"";"";"";"60.0";"";""
"381";"2026-02-11 05:13:01";"Pull";"2334";"Bayesian Cable Curl";"3";"6.25";"12";"";"";"";"";""
"381";"2026-02-11 05:13:01";"Pull";"2334";"Bayesian Cable Curl";"Rest Timer";"";"";"";"";"60.0";"";""
"382";"2026-02-12 05:03:25";"Push";"3386";"Squat (Barbell)";"W";"0.0";"10";"";"";"";"";""
"382";"2026-02-12 05:03:25";"Push";"3386";"Squat (Barbell)";"W";"10.0";"10";"";"";"";"";""
"382";"2026-02-12 05:03:25";"Push";"3386";"Squat (Barbell)";"1";"30.0";"10";"";"";"";"";""
"382";"2026-02-12 05:03:25";"Push";"3386";"Squat (Barbell)";"Rest Timer";"";"";"";"";"60.0";"";""
"382";"2026-02-12 05:03:25";"Push";"3386";"Squat (Barbell)";"2";"30.0";"10";"";"";"";"";""
"382";"2026-02-12 05:03:25";"Push";"3386";"Squat (Barbell)";"Rest Timer";"";"";"";"";"60.0";"";""
"382";"2026-02-12 05:03:25";"Push";"3386";"Squat (Barbell)";"3";"35.0";"10";"";"";"";"";""
"382";"2026-02-12 05:03:25";"Push";"3386";"Squat (Barbell)";"Rest Timer";"";"";"";"";"60.0";"";""
"382";"2026-02-12 05:03:25";"Push";"3386";"Incline Bench Press (Barbell)";"W";"0.0";"10";"";"";"";"";""
"382";"2026-02-12 05:03:25";"Push";"3386";"Incline Bench Press (Barbell)";"W";"10.0";"10";"";"";"";"";""
"382";"2026-02-12 05:03:25";"Push";"3386";"Incline Bench Press (Barbell)";"1";"20.0";"10";"";"";"";"";""
"382";"2026-02-12 05:03:25";"Push";"3386";"Incline Bench Press (Barbell)";"Rest Timer";"";"";"";"";"60.0";"";""
"382";"2026-02-12 05:03:25";"Push";"3386";"Incline Bench Press (Barbell)";"2";"20.0";"10";"";"";"";"";""
"382";"2026-02-12 05:03:25";"Push";"3386";"Incline Bench Press (Barbell)";"Rest Timer";"";"";"";"";"60.0";"";""
"382";"2026-02-12 05:03:25";"Push";"3386";"Incline Bench Press (Barbell)";"3";"20.0";"10";"";"";"";"";""
"382";"2026-02-12 05:03:25";"Push";"3386";"Incline Bench Press (Barbell)";"Rest Timer";"";"";"";"";"60.0";"";""
"382";"2026-02-12 05:03:25";"Push";"3386";"Overhead Press (Smith Machine)";"Note";"";"";"";"";"";"This felt very heavy, maybe drop down";""
"382";"2026-02-12 05:03:25";"Push";"3386";"Overhead Press (Smith Machine)";"W";"0.0";"10";"";"";"";"";""
"382";"2026-02-12 05:03:25";"Push";"3386";"Overhead Press (Smith Machine)";"1";"20.0";"10";"";"";"";"";""
"382";"2026-02-12 05:03:25";"Push";"3386";"Overhead Press (Smith Machine)";"Rest Timer";"";"";"";"";"60.0";"";""
"382";"2026-02-12 05:03:25";"Push";"3386";"Overhead Press (Smith Machine)";"2";"20.0";"10";"";"";"";"";""
"382";"2026-02-12 05:03:25";"Push";"3386";"Overhead Press (Smith Machine)";"Rest Timer";"";"";"";"";"60.0";"";""
"382";"2026-02-12 05:03:25";"Push";"3386";"Overhead Press (Smith Machine)";"3";"20.0";"10";"";"";"";"";""
"382";"2026-02-12 05:03:25";"Push";"3386";"Overhead Press (Smith Machine)";"Rest Timer";"";"";"";"";"60.0";"";""
"382";"2026-02-12 05:03:25";"Push";"3386";"Chest Flies Cable Seated Heavy";"1";"7.5";"12";"";"";"";"";""
"382";"2026-02-12 05:03:25";"Push";"3386";"Chest Flies Cable Seated Heavy";"Rest Timer";"";"";"";"";"60.0";"";""
"382";"2026-02-12 05:03:25";"Push";"3386";"Chest Flies Cable Seated Heavy";"2";"7.5";"12";"";"";"";"";""
"382";"2026-02-12 05:03:25";"Push";"3386";"Chest Flies Cable Seated Heavy";"Rest Timer";"";"";"";"";"60.0";"";""
"382";"2026-02-12 05:03:25";"Push";"3386";"Chest Flies Cable Seated Heavy";"3";"7.5";"12";"";"";"";"";""
"382";"2026-02-12 05:03:25";"Push";"3386";"Chest Flies Cable Seated Heavy";"Rest Timer";"";"";"";"";"60.0";"";""
"382";"2026-02-12 05:03:25";"Push";"3386";"Lateral Raise (Cable)";"Note";"";"";"";"";"";"Only do 1.25 on last set";""
"382";"2026-02-12 05:03:25";"Push";"3386";"Lateral Raise (Cable)";"1";"0.0";"12";"";"";"";"";""
"382";"2026-02-12 05:03:25";"Push";"3386";"Lateral Raise (Cable)";"Rest Timer";"";"";"";"";"60.0";"";""
"382";"2026-02-12 05:03:25";"Push";"3386";"Lateral Raise (Cable)";"2";"0.0";"12";"";"";"";"";""
"382";"2026-02-12 05:03:25";"Push";"3386";"Lateral Raise (Cable)";"Rest Timer";"";"";"";"";"30.0";"";""
"382";"2026-02-12 05:03:25";"Push";"3386";"Lateral Raise (Cable)";"3";"1.25";"12";"";"";"";"";""
"382";"2026-02-12 05:03:25";"Push";"3386";"Lateral Raise (Cable)";"Rest Timer";"";"";"";"";"30.0";"";""
"382";"2026-02-12 05:03:25";"Push";"3386";"Tricep Extension Cable Overhead";"Note";"";"";"";"";"";"17 felt good";""
"382";"2026-02-12 05:03:25";"Push";"3386";"Tricep Extension Cable Overhead";"1";"17.25";"12";"";"";"";"";""
"382";"2026-02-12 05:03:25";"Push";"3386";"Tricep Extension Cable Overhead";"Rest Timer";"";"";"";"";"60.0";"";""
"382";"2026-02-12 05:03:25";"Push";"3386";"Tricep Extension Cable Overhead";"2";"17.25";"12";"";"";"";"";""
"382";"2026-02-12 05:03:25";"Push";"3386";"Tricep Extension Cable Overhead";"Rest Timer";"";"";"";"";"60.0";"";""
"382";"2026-02-12 05:03:25";"Push";"3386";"Tricep Extension Cable Overhead";"3";"17.25";"12";"";"";"";"";""
"382";"2026-02-12 05:03:25";"Push";"3386";"Tricep Extension Cable Overhead";"Rest Timer";"";"";"";"";"60.0";"";""
"383";"2026-02-13 06:02:40";"Pull";"2414";"Bent Over Row (Barbell)";"W";"0.0";"12";"";"";"";"";""
"383";"2026-02-13 06:02:40";"Pull";"2414";"Bent Over Row (Barbell)";"Rest Timer";"";"";"";"";"30.0";"";""
"383";"2026-02-13 06:02:40";"Pull";"2414";"Bent Over Row (Barbell)";"1";"5.0";"12";"";"";"";"";""
"383";"2026-02-13 06:02:40";"Pull";"2414";"Bent Over Row (Barbell)";"Rest Timer";"";"";"";"";"60.0";"";""
"383";"2026-02-13 06:02:40";"Pull";"2414";"Bent Over Row (Barbell)";"2";"7.25";"12";"";"";"";"";""
"383";"2026-02-13 06:02:40";"Pull";"2414";"Bent Over Row (Barbell)";"Rest Timer";"";"";"";"";"60.0";"";""
"383";"2026-02-13 06:02:40";"Pull";"2414";"Bent Over Row (Barbell)";"3";"7.25";"12";"";"";"";"";""
"383";"2026-02-13 06:02:40";"Pull";"2414";"Bent Over Row (Barbell)";"Rest Timer";"";"";"";"";"60.0";"";""
"383";"2026-02-13 06:02:40";"Pull";"2414";"Supinated Pulldown";"W";"20.0";"12";"";"";"";"";""
"383";"2026-02-13 06:02:40";"Pull";"2414";"Supinated Pulldown";"Rest Timer";"";"";"";"";"60.0";"";""
"383";"2026-02-13 06:02:40";"Pull";"2414";"Supinated Pulldown";"1";"40.0";"12";"";"";"";"";""
"383";"2026-02-13 06:02:40";"Pull";"2414";"Supinated Pulldown";"Rest Timer";"";"";"";"";"120.0";"";""
"383";"2026-02-13 06:02:40";"Pull";"2414";"Supinated Pulldown";"2";"40.0";"12";"";"";"";"";""
"383";"2026-02-13 06:02:40";"Pull";"2414";"Supinated Pulldown";"Rest Timer";"";"";"";"";"60.0";"";""
"383";"2026-02-13 06:02:40";"Pull";"2414";"Supinated Pulldown";"3";"45.0";"12";"";"";"";"";""
"383";"2026-02-13 06:02:40";"Pull";"2414";"Supinated Pulldown";"Rest Timer";"";"";"";"";"60.0";"";""
"383";"2026-02-13 06:02:40";"Pull";"2414";"Cable Lat Pullover";"W";"5.0";"12";"";"";"";"";""
"383";"2026-02-13 06:02:40";"Pull";"2414";"Cable Lat Pullover";"1";"15.0";"12";"";"";"";"";""
"383";"2026-02-13 06:02:40";"Pull";"2414";"Cable Lat Pullover";"Rest Timer";"";"";"";"";"60.0";"";""
"383";"2026-02-13 06:02:40";"Pull";"2414";"Cable Lat Pullover";"2";"15.0";"12";"";"";"";"";""
"383";"2026-02-13 06:02:40";"Pull";"2414";"Cable Lat Pullover";"Rest Timer";"";"";"";"";"60.0";"";""
"383";"2026-02-13 06:02:40";"Pull";"2414";"Cable Lat Pullover";"3";"15.0";"12";"";"";"";"";""
"383";"2026-02-13 06:02:40";"Pull";"2414";"Cable Lat Pullover";"Rest Timer";"";"";"";"";"60.0";"";""
"383";"2026-02-13 06:02:40";"Pull";"2414";"Face Pull (Cable)";"W";"2.5";"12";"";"";"";"";""
"383";"2026-02-13 06:02:40";"Pull";"2414";"Face Pull (Cable)";"1";"5.0";"12";"";"";"";"";""
"383";"2026-02-13 06:02:40";"Pull";"2414";"Face Pull (Cable)";"Rest Timer";"";"";"";"";"60.0";"";""
"383";"2026-02-13 06:02:40";"Pull";"2414";"Face Pull (Cable)";"2";"10.0";"12";"";"";"";"";""
"383";"2026-02-13 06:02:40";"Pull";"2414";"Face Pull (Cable)";"Rest Timer";"";"";"";"";"60.0";"";""
"383";"2026-02-13 06:02:40";"Pull";"2414";"Face Pull (Cable)";"3";"10.0";"12";"";"";"";"";""
"383";"2026-02-13 06:02:40";"Pull";"2414";"Face Pull (Cable)";"Rest Timer";"";"";"";"";"60.0";"";""
"383";"2026-02-13 06:02:40";"Pull";"2414";"Bayesian Cable Curl";"1";"6.25";"12";"";"";"";"";""
"383";"2026-02-13 06:02:40";"Pull";"2414";"Bayesian Cable Curl";"Rest Timer";"";"";"";"";"60.0";"";""
"383";"2026-02-13 06:02:40";"Pull";"2414";"Bayesian Cable Curl";"2";"6.25";"12";"";"";"";"";""
"383";"2026-02-13 06:02:40";"Pull";"2414";"Bayesian Cable Curl";"Rest Timer";"";"";"";"";"60.0";"";""
"383";"2026-02-13 06:02:40";"Pull";"2414";"Bayesian Cable Curl";"3";"6.25";"12";"";"";"";"";""
"383";"2026-02-13 06:02:40";"Pull";"2414";"Bayesian Cable Curl";"Rest Timer";"";"";"";"";"60.0";"";""
"384";"2026-02-14 12:08:23";"Push";"2765";"Squat (Barbell)";"W";"0.0";"10";"";"";"";"";""
"384";"2026-02-14 12:08:23";"Push";"2765";"Squat (Barbell)";"W";"20.0";"10";"";"";"";"";""
"384";"2026-02-14 12:08:23";"Push";"2765";"Squat (Barbell)";"1";"30.0";"10";"";"";"";"";""
"384";"2026-02-14 12:08:23";"Push";"2765";"Squat (Barbell)";"Rest Timer";"";"";"";"";"60.0";"";""
"384";"2026-02-14 12:08:23";"Push";"2765";"Squat (Barbell)";"2";"35.0";"10";"";"";"";"";""
"384";"2026-02-14 12:08:23";"Push";"2765";"Squat (Barbell)";"Rest Timer";"";"";"";"";"60.0";"";""
"384";"2026-02-14 12:08:23";"Push";"2765";"Squat (Barbell)";"3";"35.0";"10";"";"";"";"";""
"384";"2026-02-14 12:08:23";"Push";"2765";"Squat (Barbell)";"Rest Timer";"";"";"";"";"60.0";"";""
"384";"2026-02-14 12:08:23";"Push";"2765";"Incline Bench Press (Barbell)";"W";"0.0";"10";"";"";"";"";""
"384";"2026-02-14 12:08:23";"Push";"2765";"Incline Bench Press (Barbell)";"W";"20.0";"10";"";"";"";"";""
"384";"2026-02-14 12:08:23";"Push";"2765";"Incline Bench Press (Barbell)";"1";"25.0";"10";"";"";"";"";""
"384";"2026-02-14 12:08:23";"Push";"2765";"Incline Bench Press (Barbell)";"Rest Timer";"";"";"";"";"60.0";"";""
"384";"2026-02-14 12:08:23";"Push";"2765";"Incline Bench Press (Barbell)";"2";"25.0";"10";"";"";"";"";""
"384";"2026-02-14 12:08:23";"Push";"2765";"Incline Bench Press (Barbell)";"Rest Timer";"";"";"";"";"60.0";"";""
"384";"2026-02-14 12:08:23";"Push";"2765";"Incline Bench Press (Barbell)";"3";"25.0";"10";"";"";"";"";""
"384";"2026-02-14 12:08:23";"Push";"2765";"Incline Bench Press (Barbell)";"Rest Timer";"";"";"";"";"60.0";"";""
"384";"2026-02-14 12:08:23";"Push";"2765";"Overhead Press (Smith Machine)";"Note";"";"";"";"";"";"This felt very heavy, maybe drop down";""
"384";"2026-02-14 12:08:23";"Push";"2765";"Overhead Press (Smith Machine)";"W";"0.0";"10";"";"";"";"";""
"384";"2026-02-14 12:08:23";"Push";"2765";"Overhead Press (Smith Machine)";"1";"20.0";"10";"";"";"";"";""
"384";"2026-02-14 12:08:23";"Push";"2765";"Overhead Press (Smith Machine)";"Rest Timer";"";"";"";"";"60.0";"";""
"384";"2026-02-14 12:08:23";"Push";"2765";"Overhead Press (Smith Machine)";"2";"20.0";"10";"";"";"";"";""
"384";"2026-02-14 12:08:23";"Push";"2765";"Overhead Press (Smith Machine)";"Rest Timer";"";"";"";"";"60.0";"";""
"384";"2026-02-14 12:08:23";"Push";"2765";"Overhead Press (Smith Machine)";"3";"20.0";"10";"";"";"";"";""
"384";"2026-02-14 12:08:23";"Push";"2765";"Overhead Press (Smith Machine)";"Rest Timer";"";"";"";"";"60.0";"";""
"384";"2026-02-14 12:08:23";"Push";"2765";"Chest Flies Cable Seated Heavy";"1";"7.5";"12";"";"";"";"";""
"384";"2026-02-14 12:08:23";"Push";"2765";"Chest Flies Cable Seated Heavy";"Rest Timer";"";"";"";"";"60.0";"";""
"384";"2026-02-14 12:08:23";"Push";"2765";"Chest Flies Cable Seated Heavy";"2";"7.5";"12";"";"";"";"";""
"384";"2026-02-14 12:08:23";"Push";"2765";"Chest Flies Cable Seated Heavy";"Rest Timer";"";"";"";"";"60.0";"";""
"384";"2026-02-14 12:08:23";"Push";"2765";"Chest Flies Cable Seated Heavy";"3";"7.5";"12";"";"";"";"";""
"384";"2026-02-14 12:08:23";"Push";"2765";"Chest Flies Cable Seated Heavy";"Rest Timer";"";"";"";"";"60.0";"";""
"384";"2026-02-14 12:08:23";"Push";"2765";"Lateral Raise (Cable)";"Note";"";"";"";"";"";"Only do 1.25 on last set";""
"384";"2026-02-14 12:08:23";"Push";"2765";"Lateral Raise (Cable)";"1";"1.25";"12";"";"";"";"";""
"384";"2026-02-14 12:08:23";"Push";"2765";"Lateral Raise (Cable)";"Rest Timer";"";"";"";"";"60.0";"";""
"384";"2026-02-14 12:08:23";"Push";"2765";"Lateral Raise (Cable)";"2";"1.25";"12";"";"";"";"";""
"384";"2026-02-14 12:08:23";"Push";"2765";"Lateral Raise (Cable)";"Rest Timer";"";"";"";"";"30.0";"";""
"384";"2026-02-14 12:08:23";"Push";"2765";"Lateral Raise (Cable)";"3";"1.25";"12";"";"";"";"";""
"384";"2026-02-14 12:08:23";"Push";"2765";"Lateral Raise (Cable)";"Rest Timer";"";"";"";"";"30.0";"";""
"384";"2026-02-14 12:08:23";"Push";"2765";"Tricep Extension Cable Overhead";"Note";"";"";"";"";"";"17 felt good";""
"384";"2026-02-14 12:08:23";"Push";"2765";"Tricep Extension Cable Overhead";"1";"17.25";"12";"";"";"";"";""
"384";"2026-02-14 12:08:23";"Push";"2765";"Tricep Extension Cable Overhead";"Rest Timer";"";"";"";"";"60.0";"";""
"384";"2026-02-14 12:08:23";"Push";"2765";"Tricep Extension Cable Overhead";"2";"20.0";"12";"";"";"";"";""
"384";"2026-02-14 12:08:23";"Push";"2765";"Tricep Extension Cable Overhead";"Rest Timer";"";"";"";"";"60.0";"";""
"384";"2026-02-14 12:08:23";"Push";"2765";"Tricep Extension Cable Overhead";"3";"22.5";"12";"";"";"";"";""
"384";"2026-02-14 12:08:23";"Push";"2765";"Tricep Extension Cable Overhead";"Rest Timer";"";"";"";"";"60.0";"";""
"385";"2026-02-16 05:02:48";"Pull";"3095";"Bent Over Row (Barbell)";"W";"0.0";"12";"";"";"";"";""
"385";"2026-02-16 05:02:48";"Pull";"3095";"Bent Over Row (Barbell)";"Rest Timer";"";"";"";"";"30.0";"";""
"385";"2026-02-16 05:02:48";"Pull";"3095";"Bent Over Row (Barbell)";"1";"7.2";"12";"";"";"";"";""
"385";"2026-02-16 05:02:48";"Pull";"3095";"Bent Over Row (Barbell)";"Rest Timer";"";"";"";"";"60.0";"";""
"385";"2026-02-16 05:02:48";"Pull";"3095";"Bent Over Row (Barbell)";"2";"10.0";"12";"";"";"";"";""
"385";"2026-02-16 05:02:48";"Pull";"3095";"Bent Over Row (Barbell)";"Rest Timer";"";"";"";"";"60.0";"";""
"385";"2026-02-16 05:02:48";"Pull";"3095";"Bent Over Row (Barbell)";"3";"15.0";"12";"";"";"";"";""
"385";"2026-02-16 05:02:48";"Pull";"3095";"Bent Over Row (Barbell)";"Rest Timer";"";"";"";"";"60.0";"";""
"385";"2026-02-16 05:02:48";"Pull";"3095";"Supinated Pulldown";"W";"20.0";"12";"";"";"";"";""
"385";"2026-02-16 05:02:48";"Pull";"3095";"Supinated Pulldown";"Rest Timer";"";"";"";"";"60.0";"";""
"385";"2026-02-16 05:02:48";"Pull";"3095";"Supinated Pulldown";"1";"40.0";"12";"";"";"";"";""
"385";"2026-02-16 05:02:48";"Pull";"3095";"Supinated Pulldown";"Rest Timer";"";"";"";"";"120.0";"";""
"385";"2026-02-16 05:02:48";"Pull";"3095";"Supinated Pulldown";"2";"45.0";"12";"";"";"";"";""
"385";"2026-02-16 05:02:48";"Pull";"3095";"Supinated Pulldown";"Rest Timer";"";"";"";"";"60.0";"";""
"385";"2026-02-16 05:02:48";"Pull";"3095";"Supinated Pulldown";"3";"50.0";"12";"";"";"";"";""
"385";"2026-02-16 05:02:48";"Pull";"3095";"Supinated Pulldown";"Rest Timer";"";"";"";"";"60.0";"";""
"385";"2026-02-16 05:02:48";"Pull";"3095";"Cable Lat Pullover";"W";"5.0";"12";"";"";"";"";""
"385";"2026-02-16 05:02:48";"Pull";"3095";"Cable Lat Pullover";"1";"15.0";"12";"";"";"";"";""
"385";"2026-02-16 05:02:48";"Pull";"3095";"Cable Lat Pullover";"Rest Timer";"";"";"";"";"60.0";"";""
"385";"2026-02-16 05:02:48";"Pull";"3095";"Cable Lat Pullover";"2";"17.25";"12";"";"";"";"";""
"385";"2026-02-16 05:02:48";"Pull";"3095";"Cable Lat Pullover";"Rest Timer";"";"";"";"";"60.0";"";""
"385";"2026-02-16 05:02:48";"Pull";"3095";"Cable Lat Pullover";"3";"20.0";"12";"";"";"";"";""
"385";"2026-02-16 05:02:48";"Pull";"3095";"Cable Lat Pullover";"Rest Timer";"";"";"";"";"60.0";"";""
"385";"2026-02-16 05:02:48";"Pull";"3095";"Seated Row (Cable)";"1";"25.0";"12";"";"";"";"";""
"385";"2026-02-16 05:02:48";"Pull";"3095";"Seated Row (Cable)";"Rest Timer";"";"";"";"";"60.0";"";""
"385";"2026-02-16 05:02:48";"Pull";"3095";"Seated Row (Cable)";"2";"45.0";"12";"";"";"";"";""
"385";"2026-02-16 05:02:48";"Pull";"3095";"Seated Row (Cable)";"Rest Timer";"";"";"";"";"60.0";"";""
"385";"2026-02-16 05:02:48";"Pull";"3095";"Seated Row (Cable)";"3";"55.0";"12";"";"";"";"";""
"385";"2026-02-16 05:02:48";"Pull";"3095";"Seated Row (Cable)";"Rest Timer";"";"";"";"";"60.0";"";""
"385";"2026-02-16 05:02:48";"Pull";"3095";"Face Pull (Cable)";"W";"10.0";"12";"";"";"";"";""
"385";"2026-02-16 05:02:48";"Pull";"3095";"Face Pull (Cable)";"Rest Timer";"";"";"";"";"30.0";"";""
"385";"2026-02-16 05:02:48";"Pull";"3095";"Face Pull (Cable)";"1";"15.0";"12";"";"";"";"";""
"385";"2026-02-16 05:02:48";"Pull";"3095";"Face Pull (Cable)";"Rest Timer";"";"";"";"";"60.0";"";""
"385";"2026-02-16 05:02:48";"Pull";"3095";"Face Pull (Cable)";"2";"17.25";"12";"";"";"";"";""
"385";"2026-02-16 05:02:48";"Pull";"3095";"Face Pull (Cable)";"Rest Timer";"";"";"";"";"60.0";"";""
"385";"2026-02-16 05:02:48";"Pull";"3095";"Face Pull (Cable)";"3";"17.25";"12";"";"";"";"";""
"385";"2026-02-16 05:02:48";"Pull";"3095";"Face Pull (Cable)";"Rest Timer";"";"";"";"";"60.0";"";""
"385";"2026-02-16 05:02:48";"Pull";"3095";"Bayesian Cable Curl";"1";"7.5";"12";"";"";"";"";""
"385";"2026-02-16 05:02:48";"Pull";"3095";"Bayesian Cable Curl";"Rest Timer";"";"";"";"";"60.0";"";""
"385";"2026-02-16 05:02:48";"Pull";"3095";"Bayesian Cable Curl";"2";"8.75";"12";"";"";"";"";""
"385";"2026-02-16 05:02:48";"Pull";"3095";"Bayesian Cable Curl";"Rest Timer";"";"";"";"";"60.0";"";""
"385";"2026-02-16 05:02:48";"Pull";"3095";"Bayesian Cable Curl";"3";"10.0";"12";"";"";"";"";""
"385";"2026-02-16 05:02:48";"Pull";"3095";"Bayesian Cable Curl";"Rest Timer";"";"";"";"";"60.0";"";""
"386";"2026-02-17 05:02:03";"Push";"3143";"Squat (Barbell)";"W";"0.0";"10";"";"";"";"";""
"386";"2026-02-17 05:02:03";"Push";"3143";"Squat (Barbell)";"1";"40.0";"10";"";"";"";"";""
"386";"2026-02-17 05:02:03";"Push";"3143";"Squat (Barbell)";"Rest Timer";"";"";"";"";"60.0";"";""
"386";"2026-02-17 05:02:03";"Push";"3143";"Squat (Barbell)";"2";"40.0";"10";"";"";"";"";""
"386";"2026-02-17 05:02:03";"Push";"3143";"Squat (Barbell)";"Rest Timer";"";"";"";"";"60.0";"";""
"386";"2026-02-17 05:02:03";"Push";"3143";"Squat (Barbell)";"3";"45.0";"10";"";"";"";"";""
"386";"2026-02-17 05:02:03";"Push";"3143";"Squat (Barbell)";"Rest Timer";"";"";"";"";"60.0";"";""
"386";"2026-02-17 05:02:03";"Push";"3143";"Incline Bench Press (Barbell)";"W";"0.0";"10";"";"";"";"";""
"386";"2026-02-17 05:02:03";"Push";"3143";"Incline Bench Press (Barbell)";"1";"30.0";"10";"";"";"";"";""
"386";"2026-02-17 05:02:03";"Push";"3143";"Incline Bench Press (Barbell)";"Rest Timer";"";"";"";"";"60.0";"";""
"386";"2026-02-17 05:02:03";"Push";"3143";"Incline Bench Press (Barbell)";"2";"35.0";"10";"";"";"";"";""
"386";"2026-02-17 05:02:03";"Push";"3143";"Incline Bench Press (Barbell)";"Rest Timer";"";"";"";"";"60.0";"";""
"386";"2026-02-17 05:02:03";"Push";"3143";"Incline Bench Press (Barbell)";"3";"35.0";"10";"";"";"";"";""
"386";"2026-02-17 05:02:03";"Push";"3143";"Incline Bench Press (Barbell)";"Rest Timer";"";"";"";"";"60.0";"";""
"386";"2026-02-17 05:02:03";"Push";"3143";"Overhead Press (Smith Machine)";"Note";"";"";"";"";"";"This felt very heavy, maybe drop down";""
"386";"2026-02-17 05:02:03";"Push";"3143";"Overhead Press (Smith Machine)";"W";"0.0";"10";"";"";"";"";""
"386";"2026-02-17 05:02:03";"Push";"3143";"Overhead Press (Smith Machine)";"1";"20.0";"10";"";"";"";"";""
"386";"2026-02-17 05:02:03";"Push";"3143";"Overhead Press (Smith Machine)";"Rest Timer";"";"";"";"";"60.0";"";""
"386";"2026-02-17 05:02:03";"Push";"3143";"Overhead Press (Smith Machine)";"2";"20.0";"10";"";"";"";"";""
"386";"2026-02-17 05:02:03";"Push";"3143";"Overhead Press (Smith Machine)";"Rest Timer";"";"";"";"";"60.0";"";""
"386";"2026-02-17 05:02:03";"Push";"3143";"Overhead Press (Smith Machine)";"3";"20.0";"10";"";"";"";"";""
"386";"2026-02-17 05:02:03";"Push";"3143";"Overhead Press (Smith Machine)";"Rest Timer";"";"";"";"";"60.0";"";""
"386";"2026-02-17 05:02:03";"Push";"3143";"Chest Flies Cable Seated Heavy";"1";"7.5";"12";"";"";"";"";""
"386";"2026-02-17 05:02:03";"Push";"3143";"Chest Flies Cable Seated Heavy";"Rest Timer";"";"";"";"";"60.0";"";""
"386";"2026-02-17 05:02:03";"Push";"3143";"Chest Flies Cable Seated Heavy";"2";"8.75";"12";"";"";"";"";""
"386";"2026-02-17 05:02:03";"Push";"3143";"Chest Flies Cable Seated Heavy";"Rest Timer";"";"";"";"";"60.0";"";""
"386";"2026-02-17 05:02:03";"Push";"3143";"Chest Flies Cable Seated Heavy";"3";"8.75";"12";"";"";"";"";""
"386";"2026-02-17 05:02:03";"Push";"3143";"Chest Flies Cable Seated Heavy";"Rest Timer";"";"";"";"";"60.0";"";""
"386";"2026-02-17 05:02:03";"Push";"3143";"Lateral Raise (Cable)";"Note";"";"";"";"";"";"Only do 1.25 on last set";""
"386";"2026-02-17 05:02:03";"Push";"3143";"Lateral Raise (Cable)";"1";"1.25";"12";"";"";"";"";""
"386";"2026-02-17 05:02:03";"Push";"3143";"Lateral Raise (Cable)";"Rest Timer";"";"";"";"";"60.0";"";""
"386";"2026-02-17 05:02:03";"Push";"3143";"Lateral Raise (Cable)";"2";"1.25";"12";"";"";"";"";""
"386";"2026-02-17 05:02:03";"Push";"3143";"Lateral Raise (Cable)";"Rest Timer";"";"";"";"";"30.0";"";""
"386";"2026-02-17 05:02:03";"Push";"3143";"Lateral Raise (Cable)";"3";"2.5";"12";"";"";"";"";""
"386";"2026-02-17 05:02:03";"Push";"3143";"Lateral Raise (Cable)";"Rest Timer";"";"";"";"";"30.0";"";""
"386";"2026-02-17 05:02:03";"Push";"3143";"Tricep Extension Cable Overhead";"Note";"";"";"";"";"";"17 felt good";""
"386";"2026-02-17 05:02:03";"Push";"3143";"Tricep Extension Cable Overhead";"1";"30.0";"12";"";"";"";"";""
"386";"2026-02-17 05:02:03";"Push";"3143";"Tricep Extension Cable Overhead";"Rest Timer";"";"";"";"";"60.0";"";""
"386";"2026-02-17 05:02:03";"Push";"3143";"Tricep Extension Cable Overhead";"2";"35.0";"12";"";"";"";"";""
"386";"2026-02-17 05:02:03";"Push";"3143";"Tricep Extension Cable Overhead";"Rest Timer";"";"";"";"";"60.0";"";""
"386";"2026-02-17 05:02:03";"Push";"3143";"Tricep Extension Cable Overhead";"3";"35.0";"12";"";"";"";"";""
"386";"2026-02-17 05:02:03";"Push";"3143";"Tricep Extension Cable Overhead";"Rest Timer";"";"";"";"";"60.0";"";""
"387";"2026-02-18 05:07:45";"Pull";"4261";"Bent Over Row (Barbell)";"Note";"";"";"";"";"";"17 was heavy";""
"387";"2026-02-18 05:07:45";"Pull";"4261";"Bent Over Row (Barbell)";"W";"0.0";"12";"";"";"";"";""
"387";"2026-02-18 05:07:45";"Pull";"4261";"Bent Over Row (Barbell)";"Rest Timer";"";"";"";"";"30.0";"";""
"387";"2026-02-18 05:07:45";"Pull";"4261";"Bent Over Row (Barbell)";"1";"15.0";"12";"";"";"";"";""
"387";"2026-02-18 05:07:45";"Pull";"4261";"Bent Over Row (Barbell)";"Rest Timer";"";"";"";"";"60.0";"";""
"387";"2026-02-18 05:07:45";"Pull";"4261";"Bent Over Row (Barbell)";"2";"15.0";"12";"";"";"";"";""
"387";"2026-02-18 05:07:45";"Pull";"4261";"Bent Over Row (Barbell)";"Rest Timer";"";"";"";"";"60.0";"";""
"387";"2026-02-18 05:07:45";"Pull";"4261";"Bent Over Row (Barbell)";"3";"17.25";"12";"";"";"";"";""
"387";"2026-02-18 05:07:45";"Pull";"4261";"Bent Over Row (Barbell)";"Rest Timer";"";"";"";"";"60.0";"";""
"387";"2026-02-18 05:07:45";"Pull";"4261";"Supinated Pulldown";"W";"20.0";"12";"";"";"";"";""
"387";"2026-02-18 05:07:45";"Pull";"4261";"Supinated Pulldown";"Rest Timer";"";"";"";"";"60.0";"";""
"387";"2026-02-18 05:07:45";"Pull";"4261";"Supinated Pulldown";"1";"50.0";"12";"";"";"";"";""
"387";"2026-02-18 05:07:45";"Pull";"4261";"Supinated Pulldown";"Rest Timer";"";"";"";"";"120.0";"";""
"387";"2026-02-18 05:07:45";"Pull";"4261";"Supinated Pulldown";"2";"50.0";"12";"";"";"";"";""
"387";"2026-02-18 05:07:45";"Pull";"4261";"Supinated Pulldown";"Rest Timer";"";"";"";"";"60.0";"";""
"387";"2026-02-18 05:07:45";"Pull";"4261";"Supinated Pulldown";"3";"52.5";"12";"";"";"";"";""
"387";"2026-02-18 05:07:45";"Pull";"4261";"Supinated Pulldown";"Rest Timer";"";"";"";"";"60.0";"";""
"387";"2026-02-18 05:07:45";"Pull";"4261";"Pullover (Machine)";"Note";"";"";"";"";"";"Stick with this";""
"387";"2026-02-18 05:07:45";"Pull";"4261";"Pullover (Machine)";"1";"15.0";"12";"";"";"";"";""
"387";"2026-02-18 05:07:45";"Pull";"4261";"Pullover (Machine)";"Rest Timer";"";"";"";"";"60.0";"";""
"387";"2026-02-18 05:07:45";"Pull";"4261";"Pullover (Machine)";"2";"15.0";"12";"";"";"";"";""
"387";"2026-02-18 05:07:45";"Pull";"4261";"Pullover (Machine)";"Rest Timer";"";"";"";"";"60.0";"";""
"387";"2026-02-18 05:07:45";"Pull";"4261";"Pullover (Machine)";"3";"15.0";"12";"";"";"";"";""
"387";"2026-02-18 05:07:45";"Pull";"4261";"Pullover (Machine)";"Rest Timer";"";"";"";"";"60.0";"";""
"387";"2026-02-18 05:07:45";"Pull";"4261";"Seated Row (Cable)";"W";"25.0";"12";"";"";"";"";""
"387";"2026-02-18 05:07:45";"Pull";"4261";"Seated Row (Cable)";"1";"55.0";"12";"";"";"";"";""
"387";"2026-02-18 05:07:45";"Pull";"4261";"Seated Row (Cable)";"Rest Timer";"";"";"";"";"60.0";"";""
"387";"2026-02-18 05:07:45";"Pull";"4261";"Seated Row (Cable)";"2";"55.0";"12";"";"";"";"";""
"387";"2026-02-18 05:07:45";"Pull";"4261";"Seated Row (Cable)";"Rest Timer";"";"";"";"";"60.0";"";""
"387";"2026-02-18 05:07:45";"Pull";"4261";"Seated Row (Cable)";"3";"55.0";"12";"";"";"";"";""
"387";"2026-02-18 05:07:45";"Pull";"4261";"Seated Row (Cable)";"Rest Timer";"";"";"";"";"60.0";"";""
"387";"2026-02-18 05:07:45";"Pull";"4261";"Face Pull (Cable)";"W";"10.0";"12";"";"";"";"";""
"387";"2026-02-18 05:07:45";"Pull";"4261";"Face Pull (Cable)";"Rest Timer";"";"";"";"";"30.0";"";""
"387";"2026-02-18 05:07:45";"Pull";"4261";"Face Pull (Cable)";"1";"17.25";"12";"";"";"";"";""
"387";"2026-02-18 05:07:45";"Pull";"4261";"Face Pull (Cable)";"Rest Timer";"";"";"";"";"60.0";"";""
"387";"2026-02-18 05:07:45";"Pull";"4261";"Face Pull (Cable)";"2";"17.25";"12";"";"";"";"";""
"387";"2026-02-18 05:07:45";"Pull";"4261";"Face Pull (Cable)";"Rest Timer";"";"";"";"";"60.0";"";""
"387";"2026-02-18 05:07:45";"Pull";"4261";"Face Pull (Cable)";"3";"17.25";"12";"";"";"";"";""
"387";"2026-02-18 05:07:45";"Pull";"4261";"Face Pull (Cable)";"Rest Timer";"";"";"";"";"60.0";"";""
"387";"2026-02-18 05:07:45";"Pull";"4261";"Bayesian Cable Curl";"1";"10.0";"12";"";"";"";"";""
"387";"2026-02-18 05:07:45";"Pull";"4261";"Bayesian Cable Curl";"Rest Timer";"";"";"";"";"60.0";"";""
"387";"2026-02-18 05:07:45";"Pull";"4261";"Bayesian Cable Curl";"2";"12.5";"12";"";"";"";"";""
"387";"2026-02-18 05:07:45";"Pull";"4261";"Bayesian Cable Curl";"Rest Timer";"";"";"";"";"60.0";"";""
"387";"2026-02-18 05:07:45";"Pull";"4261";"Bayesian Cable Curl";"3";"12.5";"12";"";"";"";"";""
"387";"2026-02-18 05:07:45";"Pull";"4261";"Bayesian Cable Curl";"Rest Timer";"";"";"";"";"60.0";"";""
"388";"2026-02-19 05:07:53";"Push";"3075";"Squat (Barbell)";"W";"0.0";"10";"";"";"";"";""
"388";"2026-02-19 05:07:53";"Push";"3075";"Squat (Barbell)";"W";"20.0";"10";"";"";"";"";""
"388";"2026-02-19 05:07:53";"Push";"3075";"Squat (Barbell)";"1";"50.0";"5";"";"";"";"";""
"388";"2026-02-19 05:07:53";"Push";"3075";"Squat (Barbell)";"Rest Timer";"";"";"";"";"60.0";"";""
"388";"2026-02-19 05:07:53";"Push";"3075";"Squat (Barbell)";"2";"60.0";"5";"";"";"";"";""
"388";"2026-02-19 05:07:53";"Push";"3075";"Squat (Barbell)";"Rest Timer";"";"";"";"";"60.0";"";""
"388";"2026-02-19 05:07:53";"Push";"3075";"Squat (Barbell)";"3";"70.0";"5";"";"";"";"";""
"388";"2026-02-19 05:07:53";"Push";"3075";"Squat (Barbell)";"Rest Timer";"";"";"";"";"60.0";"";""
"388";"2026-02-19 05:07:53";"Push";"3075";"Incline Bench Press (Barbell)";"W";"0.0";"10";"";"";"";"";""
"388";"2026-02-19 05:07:53";"Push";"3075";"Incline Bench Press (Barbell)";"W";"20.0";"10";"";"";"";"";""
"388";"2026-02-19 05:07:53";"Push";"3075";"Incline Bench Press (Barbell)";"1";"50.0";"5";"";"";"";"";""
"388";"2026-02-19 05:07:53";"Push";"3075";"Incline Bench Press (Barbell)";"Rest Timer";"";"";"";"";"60.0";"";""
"388";"2026-02-19 05:07:53";"Push";"3075";"Incline Bench Press (Barbell)";"2";"50.0";"5";"";"";"";"";""
"388";"2026-02-19 05:07:53";"Push";"3075";"Incline Bench Press (Barbell)";"Rest Timer";"";"";"";"";"60.0";"";""
"388";"2026-02-19 05:07:53";"Push";"3075";"Incline Bench Press (Barbell)";"3";"50.0";"5";"";"";"";"";""
"388";"2026-02-19 05:07:53";"Push";"3075";"Incline Bench Press (Barbell)";"Rest Timer";"";"";"";"";"60.0";"";""
"388";"2026-02-19 05:07:53";"Push";"3075";"Overhead Press (Smith Machine)";"Note";"";"";"";"";"";"This felt very heavy, maybe drop down";""
"388";"2026-02-19 05:07:53";"Push";"3075";"Overhead Press (Smith Machine)";"W";"0.0";"10";"";"";"";"";""
"388";"2026-02-19 05:07:53";"Push";"3075";"Overhead Press (Smith Machine)";"W";"20.0";"5";"";"";"";"";""
"388";"2026-02-19 05:07:53";"Push";"3075";"Overhead Press (Smith Machine)";"1";"30.0";"5";"";"";"";"";""
"388";"2026-02-19 05:07:53";"Push";"3075";"Overhead Press (Smith Machine)";"Rest Timer";"";"";"";"";"60.0";"";""
"388";"2026-02-19 05:07:53";"Push";"3075";"Overhead Press (Smith Machine)";"2";"25.0";"5";"";"";"";"";""
"388";"2026-02-19 05:07:53";"Push";"3075";"Overhead Press (Smith Machine)";"Rest Timer";"";"";"";"";"60.0";"";""
"388";"2026-02-19 05:07:53";"Push";"3075";"Overhead Press (Smith Machine)";"3";"30.0";"5";"";"";"";"";""
"388";"2026-02-19 05:07:53";"Push";"3075";"Overhead Press (Smith Machine)";"Rest Timer";"";"";"";"";"60.0";"";""
"388";"2026-02-19 05:07:53";"Push";"3075";"Chest Flies Cable Seated Heavy";"1";"10.0";"7";"";"";"";"";""
"388";"2026-02-19 05:07:53";"Push";"3075";"Chest Flies Cable Seated Heavy";"Rest Timer";"";"";"";"";"60.0";"";""
"388";"2026-02-19 05:07:53";"Push";"3075";"Chest Flies Cable Seated Heavy";"2";"12.5";"7";"";"";"";"";""
"388";"2026-02-19 05:07:53";"Push";"3075";"Chest Flies Cable Seated Heavy";"Rest Timer";"";"";"";"";"60.0";"";""
"388";"2026-02-19 05:07:53";"Push";"3075";"Chest Flies Cable Seated Heavy";"3";"13.75";"7";"";"";"";"";""
"388";"2026-02-19 05:07:53";"Push";"3075";"Chest Flies Cable Seated Heavy";"Rest Timer";"";"";"";"";"60.0";"";""
"388";"2026-02-19 05:07:53";"Push";"3075";"Lateral Raise (Cable)";"Note";"";"";"";"";"";"Only do 1.25 on last set";""
"388";"2026-02-19 05:07:53";"Push";"3075";"Lateral Raise (Cable)";"W";"1.25";"7";"";"";"";"";""
"388";"2026-02-19 05:07:53";"Push";"3075";"Lateral Raise (Cable)";"1";"2.5";"7";"";"";"";"";""
"388";"2026-02-19 05:07:53";"Push";"3075";"Lateral Raise (Cable)";"Rest Timer";"";"";"";"";"60.0";"";""
"388";"2026-02-19 05:07:53";"Push";"3075";"Lateral Raise (Cable)";"2";"3.75";"7";"";"";"";"";""
"388";"2026-02-19 05:07:53";"Push";"3075";"Lateral Raise (Cable)";"Rest Timer";"";"";"";"";"30.0";"";""
"388";"2026-02-19 05:07:53";"Push";"3075";"Lateral Raise (Cable)";"3";"3.75";"7";"";"";"";"";""
"388";"2026-02-19 05:07:53";"Push";"3075";"Lateral Raise (Cable)";"Rest Timer";"";"";"";"";"30.0";"";""
"388";"2026-02-19 05:07:53";"Push";"3075";"Tricep Extension Cable Overhead";"Note";"";"";"";"";"";"17 felt good";""
"388";"2026-02-19 05:07:53";"Push";"3075";"Tricep Extension Cable Overhead";"W";"30.0";"7";"";"";"";"";""
"388";"2026-02-19 05:07:53";"Push";"3075";"Tricep Extension Cable Overhead";"1";"40.0";"7";"";"";"";"";""
"388";"2026-02-19 05:07:53";"Push";"3075";"Tricep Extension Cable Overhead";"Rest Timer";"";"";"";"";"60.0";"";""
"388";"2026-02-19 05:07:53";"Push";"3075";"Tricep Extension Cable Overhead";"2";"45.0";"7";"";"";"";"";""
"388";"2026-02-19 05:07:53";"Push";"3075";"Tricep Extension Cable Overhead";"Rest Timer";"";"";"";"";"60.0";"";""
"388";"2026-02-19 05:07:53";"Push";"3075";"Tricep Extension Cable Overhead";"3";"45.0";"7";"";"";"";"";""
"388";"2026-02-19 05:07:53";"Push";"3075";"Tricep Extension Cable Overhead";"Rest Timer";"";"";"";"";"60.0";"";""
"389";"2026-02-20 05:15:12";"Pull";"3163";"Bent Over Row (Barbell)";"Note";"";"";"";"";"";"17 was heavy";""
"389";"2026-02-20 05:15:12";"Pull";"3163";"Bent Over Row (Barbell)";"W";"0.0";"7";"";"";"";"";""
"389";"2026-02-20 05:15:12";"Pull";"3163";"Bent Over Row (Barbell)";"Rest Timer";"";"";"";"";"30.0";"";""
"389";"2026-02-20 05:15:12";"Pull";"3163";"Bent Over Row (Barbell)";"W";"20.0";"7";"";"";"";"";""
"389";"2026-02-20 05:15:12";"Pull";"3163";"Bent Over Row (Barbell)";"Rest Timer";"";"";"";"";"30.0";"";""
"389";"2026-02-20 05:15:12";"Pull";"3163";"Bent Over Row (Barbell)";"1";"25.0";"7";"";"";"";"";""
"389";"2026-02-20 05:15:12";"Pull";"3163";"Bent Over Row (Barbell)";"Rest Timer";"";"";"";"";"60.0";"";""
"389";"2026-02-20 05:15:12";"Pull";"3163";"Bent Over Row (Barbell)";"2";"25.0";"7";"";"";"";"";""
"389";"2026-02-20 05:15:12";"Pull";"3163";"Bent Over Row (Barbell)";"Rest Timer";"";"";"";"";"60.0";"";""
"389";"2026-02-20 05:15:12";"Pull";"3163";"Bent Over Row (Barbell)";"3";"25.0";"7";"";"";"";"";""
"389";"2026-02-20 05:15:12";"Pull";"3163";"Bent Over Row (Barbell)";"Rest Timer";"";"";"";"";"60.0";"";""
"389";"2026-02-20 05:15:12";"Pull";"3163";"Supinated Pulldown";"W";"25.0";"7";"";"";"";"";""
"389";"2026-02-20 05:15:12";"Pull";"3163";"Supinated Pulldown";"Rest Timer";"";"";"";"";"60.0";"";""
"389";"2026-02-20 05:15:12";"Pull";"3163";"Supinated Pulldown";"W";"50.0";"7";"";"";"";"";""
"389";"2026-02-20 05:15:12";"Pull";"3163";"Supinated Pulldown";"Rest Timer";"";"";"";"";"30.0";"";""
"389";"2026-02-20 05:15:12";"Pull";"3163";"Supinated Pulldown";"1";"60.0";"7";"";"";"";"";""
"389";"2026-02-20 05:15:12";"Pull";"3163";"Supinated Pulldown";"Rest Timer";"";"";"";"";"120.0";"";""
"389";"2026-02-20 05:15:12";"Pull";"3163";"Supinated Pulldown";"2";"60.0";"7";"";"";"";"";""
"389";"2026-02-20 05:15:12";"Pull";"3163";"Supinated Pulldown";"Rest Timer";"";"";"";"";"60.0";"";""
"389";"2026-02-20 05:15:12";"Pull";"3163";"Supinated Pulldown";"3";"60.0";"7";"";"";"";"";""
"389";"2026-02-20 05:15:12";"Pull";"3163";"Supinated Pulldown";"Rest Timer";"";"";"";"";"60.0";"";""
"389";"2026-02-20 05:15:12";"Pull";"3163";"Seated Row (Cable)";"W";"60.0";"7";"";"";"";"";""
"389";"2026-02-20 05:15:12";"Pull";"3163";"Seated Row (Cable)";"1";"80.0";"7";"";"";"";"";""
"389";"2026-02-20 05:15:12";"Pull";"3163";"Seated Row (Cable)";"Rest Timer";"";"";"";"";"60.0";"";""
"389";"2026-02-20 05:15:12";"Pull";"3163";"Seated Row (Cable)";"2";"80.0";"7";"";"";"";"";""
"389";"2026-02-20 05:15:12";"Pull";"3163";"Seated Row (Cable)";"Rest Timer";"";"";"";"";"60.0";"";""
"389";"2026-02-20 05:15:12";"Pull";"3163";"Seated Row (Cable)";"3";"80.0";"7";"";"";"";"";""
"389";"2026-02-20 05:15:12";"Pull";"3163";"Seated Row (Cable)";"Rest Timer";"";"";"";"";"60.0";"";""
"389";"2026-02-20 05:15:12";"Pull";"3163";"Face Pull (Cable)";"W";"10.0";"12";"";"";"";"";""
"389";"2026-02-20 05:15:12";"Pull";"3163";"Face Pull (Cable)";"Rest Timer";"";"";"";"";"30.0";"";""
"389";"2026-02-20 05:15:12";"Pull";"3163";"Face Pull (Cable)";"1";"20.0";"12";"";"";"";"";""
"389";"2026-02-20 05:15:12";"Pull";"3163";"Face Pull (Cable)";"Rest Timer";"";"";"";"";"60.0";"";""
"389";"2026-02-20 05:15:12";"Pull";"3163";"Face Pull (Cable)";"2";"20.0";"12";"";"";"";"";""
"389";"2026-02-20 05:15:12";"Pull";"3163";"Face Pull (Cable)";"Rest Timer";"";"";"";"";"60.0";"";""
"389";"2026-02-20 05:15:12";"Pull";"3163";"Face Pull (Cable)";"3";"20.0";"12";"";"";"";"";""
"389";"2026-02-20 05:15:12";"Pull";"3163";"Face Pull (Cable)";"Rest Timer";"";"";"";"";"60.0";"";""
"389";"2026-02-20 05:15:12";"Pull";"3163";"Pullover (Machine)";"Note";"";"";"";"";"";"Stick with this";""
"389";"2026-02-20 05:15:12";"Pull";"3163";"Pullover (Machine)";"1";"15.0";"12";"";"";"";"";""
"389";"2026-02-20 05:15:12";"Pull";"3163";"Pullover (Machine)";"Rest Timer";"";"";"";"";"60.0";"";""
"389";"2026-02-20 05:15:12";"Pull";"3163";"Pullover (Machine)";"2";"20.0";"12";"";"";"";"";""
"389";"2026-02-20 05:15:12";"Pull";"3163";"Pullover (Machine)";"Rest Timer";"";"";"";"";"60.0";"";""
"389";"2026-02-20 05:15:12";"Pull";"3163";"Pullover (Machine)";"3";"20.0";"12";"";"";"";"";""
"389";"2026-02-20 05:15:12";"Pull";"3163";"Pullover (Machine)";"Rest Timer";"";"";"";"";"60.0";"";""
"389";"2026-02-20 05:15:12";"Pull";"3163";"Bayesian Cable Curl";"1";"12.5";"12";"";"";"";"";""
"389";"2026-02-20 05:15:12";"Pull";"3163";"Bayesian Cable Curl";"Rest Timer";"";"";"";"";"60.0";"";""
"389";"2026-02-20 05:15:12";"Pull";"3163";"Bayesian Cable Curl";"2";"12.5";"12";"";"";"";"";""
"389";"2026-02-20 05:15:12";"Pull";"3163";"Bayesian Cable Curl";"Rest Timer";"";"";"";"";"60.0";"";""
"389";"2026-02-20 05:15:12";"Pull";"3163";"Bayesian Cable Curl";"3";"12.5";"12";"";"";"";"";""
"389";"2026-02-20 05:15:12";"Pull";"3163";"Bayesian Cable Curl";"Rest Timer";"";"";"";"";"60.0";"";""
"390";"2026-02-21 09:38:04";"Push";"3374";"Squat (Barbell)";"W";"30.0";"5";"";"";"";"";""
"390";"2026-02-21 09:38:04";"Push";"3374";"Squat (Barbell)";"W";"50.0";"5";"";"";"";"";""
"390";"2026-02-21 09:38:04";"Push";"3374";"Squat (Barbell)";"1";"70.0";"5";"";"";"";"";""
"390";"2026-02-21 09:38:04";"Push";"3374";"Squat (Barbell)";"Rest Timer";"";"";"";"";"60.0";"";""
"390";"2026-02-21 09:38:04";"Push";"3374";"Squat (Barbell)";"2";"70.0";"5";"";"";"";"";""
"390";"2026-02-21 09:38:04";"Push";"3374";"Squat (Barbell)";"Rest Timer";"";"";"";"";"60.0";"";""
"390";"2026-02-21 09:38:04";"Push";"3374";"Squat (Barbell)";"3";"70.0";"5";"";"";"";"";""
"390";"2026-02-21 09:38:04";"Push";"3374";"Squat (Barbell)";"Rest Timer";"";"";"";"";"60.0";"";""
"390";"2026-02-21 09:38:04";"Push";"3374";"Incline Bench Press (Barbell)";"W";"0.0";"5";"";"";"";"";""
"390";"2026-02-21 09:38:04";"Push";"3374";"Incline Bench Press (Barbell)";"W";"20.0";"5";"";"";"";"";""
"390";"2026-02-21 09:38:04";"Push";"3374";"Incline Bench Press (Barbell)";"1";"50.0";"5";"";"";"";"";""
"390";"2026-02-21 09:38:04";"Push";"3374";"Incline Bench Press (Barbell)";"Rest Timer";"";"";"";"";"60.0";"";""
"390";"2026-02-21 09:38:04";"Push";"3374";"Incline Bench Press (Barbell)";"2";"50.0";"5";"";"";"";"";""
"390";"2026-02-21 09:38:04";"Push";"3374";"Incline Bench Press (Barbell)";"Rest Timer";"";"";"";"";"60.0";"";""
"390";"2026-02-21 09:38:04";"Push";"3374";"Incline Bench Press (Barbell)";"3";"50.0";"5";"";"";"";"";""
"390";"2026-02-21 09:38:04";"Push";"3374";"Incline Bench Press (Barbell)";"Rest Timer";"";"";"";"";"60.0";"";""
"390";"2026-02-21 09:38:04";"Push";"3374";"Overhead Press (Smith Machine)";"Note";"";"";"";"";"";"This felt very heavy, maybe drop down";""
"390";"2026-02-21 09:38:04";"Push";"3374";"Overhead Press (Smith Machine)";"W";"0.0";"5";"";"";"";"";""
"390";"2026-02-21 09:38:04";"Push";"3374";"Overhead Press (Smith Machine)";"W";"20.0";"5";"";"";"";"";""
"390";"2026-02-21 09:38:04";"Push";"3374";"Overhead Press (Smith Machine)";"1";"30.0";"5";"";"";"";"";""
"390";"2026-02-21 09:38:04";"Push";"3374";"Overhead Press (Smith Machine)";"Rest Timer";"";"";"";"";"60.0";"";""
"390";"2026-02-21 09:38:04";"Push";"3374";"Overhead Press (Smith Machine)";"2";"30.0";"5";"";"";"";"";""
"390";"2026-02-21 09:38:04";"Push";"3374";"Overhead Press (Smith Machine)";"Rest Timer";"";"";"";"";"60.0";"";""
"390";"2026-02-21 09:38:04";"Push";"3374";"Overhead Press (Smith Machine)";"3";"35.0";"6";"";"";"";"";""
"390";"2026-02-21 09:38:04";"Push";"3374";"Overhead Press (Smith Machine)";"Rest Timer";"";"";"";"";"60.0";"";""
"390";"2026-02-21 09:38:04";"Push";"3374";"Chest Flies Cable Seated Heavy";"W";"10.0";"7";"";"";"";"";""
"390";"2026-02-21 09:38:04";"Push";"3374";"Chest Flies Cable Seated Heavy";"1";"15.0";"7";"";"";"";"";""
"390";"2026-02-21 09:38:04";"Push";"3374";"Chest Flies Cable Seated Heavy";"Rest Timer";"";"";"";"";"60.0";"";""
"390";"2026-02-21 09:38:04";"Push";"3374";"Chest Flies Cable Seated Heavy";"2";"15.0";"7";"";"";"";"";""
"390";"2026-02-21 09:38:04";"Push";"3374";"Chest Flies Cable Seated Heavy";"Rest Timer";"";"";"";"";"60.0";"";""
"390";"2026-02-21 09:38:04";"Push";"3374";"Chest Flies Cable Seated Heavy";"3";"16.25";"7";"";"";"";"";""
"390";"2026-02-21 09:38:04";"Push";"3374";"Chest Flies Cable Seated Heavy";"Rest Timer";"";"";"";"";"60.0";"";""
"390";"2026-02-21 09:38:04";"Push";"3374";"Lateral Raise (Cable)";"Note";"";"";"";"";"";"Form dropped on last set, try 1.25 on last";""
"390";"2026-02-21 09:38:04";"Push";"3374";"Lateral Raise (Cable)";"W";"2.5";"7";"";"";"";"";""
"390";"2026-02-21 09:38:04";"Push";"3374";"Lateral Raise (Cable)";"1";"2.5";"12";"";"";"";"";""
"390";"2026-02-21 09:38:04";"Push";"3374";"Lateral Raise (Cable)";"Rest Timer";"";"";"";"";"60.0";"";""
"390";"2026-02-21 09:38:04";"Push";"3374";"Lateral Raise (Cable)";"2";"2.5";"12";"";"";"";"";""
"390";"2026-02-21 09:38:04";"Push";"3374";"Lateral Raise (Cable)";"Rest Timer";"";"";"";"";"30.0";"";""
"390";"2026-02-21 09:38:04";"Push";"3374";"Lateral Raise (Cable)";"3";"2.5";"12";"";"";"";"";""
"390";"2026-02-21 09:38:04";"Push";"3374";"Lateral Raise (Cable)";"Rest Timer";"";"";"";"";"30.0";"";""
"390";"2026-02-21 09:38:04";"Push";"3374";"Tricep Extension Cable Overhead";"1";"35.0";"12";"";"";"";"";""
"390";"2026-02-21 09:38:04";"Push";"3374";"Tricep Extension Cable Overhead";"Rest Timer";"";"";"";"";"60.0";"";""
"390";"2026-02-21 09:38:04";"Push";"3374";"Tricep Extension Cable Overhead";"2";"35.0";"12";"";"";"";"";""
"390";"2026-02-21 09:38:04";"Push";"3374";"Tricep Extension Cable Overhead";"Rest Timer";"";"";"";"";"60.0";"";""
"390";"2026-02-21 09:38:04";"Push";"3374";"Tricep Extension Cable Overhead";"3";"40.0";"12";"";"";"";"";""
"390";"2026-02-21 09:38:04";"Push";"3374";"Tricep Extension Cable Overhead";"Rest Timer";"";"";"";"";"60.0";"";""
"391";"2026-02-23 05:09:58";"Pull";"3250";"Bent Over Row (Barbell)";"Note";"";"";"";"";"";"17 was heavy";""
"391";"2026-02-23 05:09:58";"Pull";"3250";"Bent Over Row (Barbell)";"W";"0.0";"7";"";"";"";"";""
"391";"2026-02-23 05:09:58";"Pull";"3250";"Bent Over Row (Barbell)";"Rest Timer";"";"";"";"";"30.0";"";""
"391";"2026-02-23 05:09:58";"Pull";"3250";"Bent Over Row (Barbell)";"W";"20.0";"7";"";"";"";"";""
"391";"2026-02-23 05:09:58";"Pull";"3250";"Bent Over Row (Barbell)";"Rest Timer";"";"";"";"";"30.0";"";""
"391";"2026-02-23 05:09:58";"Pull";"3250";"Bent Over Row (Barbell)";"1";"25.0";"7";"";"";"";"";""
"391";"2026-02-23 05:09:58";"Pull";"3250";"Bent Over Row (Barbell)";"Rest Timer";"";"";"";"";"60.0";"";""
"391";"2026-02-23 05:09:58";"Pull";"3250";"Bent Over Row (Barbell)";"2";"30.0";"7";"";"";"";"";""
"391";"2026-02-23 05:09:58";"Pull";"3250";"Bent Over Row (Barbell)";"Rest Timer";"";"";"";"";"60.0";"";""
"391";"2026-02-23 05:09:58";"Pull";"3250";"Bent Over Row (Barbell)";"3";"32.5";"7";"";"";"";"";""
"391";"2026-02-23 05:09:58";"Pull";"3250";"Bent Over Row (Barbell)";"Rest Timer";"";"";"";"";"60.0";"";""
"391";"2026-02-23 05:09:58";"Pull";"3250";"Supinated Pulldown";"W";"25.0";"7";"";"";"";"";""
"391";"2026-02-23 05:09:58";"Pull";"3250";"Supinated Pulldown";"Rest Timer";"";"";"";"";"60.0";"";""
"391";"2026-02-23 05:09:58";"Pull";"3250";"Supinated Pulldown";"W";"50.0";"7";"";"";"";"";""
"391";"2026-02-23 05:09:58";"Pull";"3250";"Supinated Pulldown";"Rest Timer";"";"";"";"";"30.0";"";""
"391";"2026-02-23 05:09:58";"Pull";"3250";"Supinated Pulldown";"1";"60.0";"7";"";"";"";"";""
"391";"2026-02-23 05:09:58";"Pull";"3250";"Supinated Pulldown";"Rest Timer";"";"";"";"";"120.0";"";""
"391";"2026-02-23 05:09:58";"Pull";"3250";"Supinated Pulldown";"2";"65.0";"7";"";"";"";"";""
"391";"2026-02-23 05:09:58";"Pull";"3250";"Supinated Pulldown";"Rest Timer";"";"";"";"";"60.0";"";""
"391";"2026-02-23 05:09:58";"Pull";"3250";"Supinated Pulldown";"3";"65.0";"7";"";"";"";"";""
"391";"2026-02-23 05:09:58";"Pull";"3250";"Supinated Pulldown";"Rest Timer";"";"";"";"";"60.0";"";""
"391";"2026-02-23 05:09:58";"Pull";"3250";"Seated Row (Cable)";"W";"65.0";"7";"";"";"";"";""
"391";"2026-02-23 05:09:58";"Pull";"3250";"Seated Row (Cable)";"1";"80.0";"7";"";"";"";"";""
"391";"2026-02-23 05:09:58";"Pull";"3250";"Seated Row (Cable)";"Rest Timer";"";"";"";"";"60.0";"";""
"391";"2026-02-23 05:09:58";"Pull";"3250";"Seated Row (Cable)";"2";"85.0";"7";"";"";"";"";""
"391";"2026-02-23 05:09:58";"Pull";"3250";"Seated Row (Cable)";"Rest Timer";"";"";"";"";"60.0";"";""
"391";"2026-02-23 05:09:58";"Pull";"3250";"Seated Row (Cable)";"3";"85.0";"7";"";"";"";"";""
"391";"2026-02-23 05:09:58";"Pull";"3250";"Seated Row (Cable)";"Rest Timer";"";"";"";"";"60.0";"";""
"391";"2026-02-23 05:09:58";"Pull";"3250";"Face Pull (Cable)";"W";"10.0";"12";"";"";"";"";""
"391";"2026-02-23 05:09:58";"Pull";"3250";"Face Pull (Cable)";"Rest Timer";"";"";"";"";"30.0";"";""
"391";"2026-02-23 05:09:58";"Pull";"3250";"Face Pull (Cable)";"1";"20.0";"12";"";"";"";"";""
"391";"2026-02-23 05:09:58";"Pull";"3250";"Face Pull (Cable)";"Rest Timer";"";"";"";"";"60.0";"";""
"391";"2026-02-23 05:09:58";"Pull";"3250";"Face Pull (Cable)";"2";"22.5";"12";"";"";"";"";""
"391";"2026-02-23 05:09:58";"Pull";"3250";"Face Pull (Cable)";"Rest Timer";"";"";"";"";"60.0";"";""
"391";"2026-02-23 05:09:58";"Pull";"3250";"Face Pull (Cable)";"3";"25.0";"12";"";"";"";"";""
"391";"2026-02-23 05:09:58";"Pull";"3250";"Face Pull (Cable)";"Rest Timer";"";"";"";"";"60.0";"";""
"391";"2026-02-23 05:09:58";"Pull";"3250";"Pullover (Machine)";"Note";"";"";"";"";"";"That was too heavy, look for form next";""
"391";"2026-02-23 05:09:58";"Pull";"3250";"Pullover (Machine)";"1";"20.0";"12";"";"";"";"";""
"391";"2026-02-23 05:09:58";"Pull";"3250";"Pullover (Machine)";"Rest Timer";"";"";"";"";"60.0";"";""
"391";"2026-02-23 05:09:58";"Pull";"3250";"Pullover (Machine)";"2";"22.5";"12";"";"";"";"";""
"391";"2026-02-23 05:09:58";"Pull";"3250";"Pullover (Machine)";"Rest Timer";"";"";"";"";"60.0";"";""
"391";"2026-02-23 05:09:58";"Pull";"3250";"Pullover (Machine)";"3";"22.5";"12";"";"";"";"";""
"391";"2026-02-23 05:09:58";"Pull";"3250";"Pullover (Machine)";"Rest Timer";"";"";"";"";"60.0";"";""
"391";"2026-02-23 05:09:58";"Pull";"3250";"Bayesian Cable Curl";"1";"12.5";"12";"";"";"";"";""
"391";"2026-02-23 05:09:58";"Pull";"3250";"Bayesian Cable Curl";"Rest Timer";"";"";"";"";"60.0";"";""
"391";"2026-02-23 05:09:58";"Pull";"3250";"Bayesian Cable Curl";"2";"12.5";"12";"";"";"";"";""
"391";"2026-02-23 05:09:58";"Pull";"3250";"Bayesian Cable Curl";"Rest Timer";"";"";"";"";"60.0";"";""
"391";"2026-02-23 05:09:58";"Pull";"3250";"Bayesian Cable Curl";"3";"13.75";"12";"";"";"";"";""
"391";"2026-02-23 05:09:58";"Pull";"3250";"Bayesian Cable Curl";"Rest Timer";"";"";"";"";"60.0";"";""
"392";"2026-02-24 05:21:45";"Push";"3308";"Squat (Barbell)";"W";"0.0";"5";"";"";"";"";""
"392";"2026-02-24 05:21:45";"Push";"3308";"Squat (Barbell)";"W";"50.0";"5";"";"";"";"";""
"392";"2026-02-24 05:21:45";"Push";"3308";"Squat (Barbell)";"1";"70.0";"5";"";"";"";"";""
"392";"2026-02-24 05:21:45";"Push";"3308";"Squat (Barbell)";"Rest Timer";"";"";"";"";"60.0";"";""
"392";"2026-02-24 05:21:45";"Push";"3308";"Squat (Barbell)";"2";"75.0";"5";"";"";"";"";""
"392";"2026-02-24 05:21:45";"Push";"3308";"Squat (Barbell)";"Rest Timer";"";"";"";"";"60.0";"";""
"392";"2026-02-24 05:21:45";"Push";"3308";"Squat (Barbell)";"3";"80.0";"5";"";"";"";"";""
"392";"2026-02-24 05:21:45";"Push";"3308";"Squat (Barbell)";"Rest Timer";"";"";"";"";"60.0";"";""
"392";"2026-02-24 05:21:45";"Push";"3308";"Incline Bench Press (Barbell)";"W";"30.0";"10";"";"";"";"";""
"392";"2026-02-24 05:21:45";"Push";"3308";"Incline Bench Press (Barbell)";"1";"50.0";"5";"";"";"";"";""
"392";"2026-02-24 05:21:45";"Push";"3308";"Incline Bench Press (Barbell)";"Rest Timer";"";"";"";"";"60.0";"";""
"392";"2026-02-24 05:21:45";"Push";"3308";"Incline Bench Press (Barbell)";"2";"50.0";"5";"";"";"";"";""
"392";"2026-02-24 05:21:45";"Push";"3308";"Incline Bench Press (Barbell)";"Rest Timer";"";"";"";"";"60.0";"";""
"392";"2026-02-24 05:21:45";"Push";"3308";"Incline Bench Press (Barbell)";"3";"52.5";"5";"";"";"";"";""
"392";"2026-02-24 05:21:45";"Push";"3308";"Incline Bench Press (Barbell)";"Rest Timer";"";"";"";"";"60.0";"";""
"392";"2026-02-24 05:21:45";"Push";"3308";"Overhead Press (Smith Machine)";"W";"0.0";"10";"";"";"";"";""
"392";"2026-02-24 05:21:45";"Push";"3308";"Overhead Press (Smith Machine)";"1";"30.0";"5";"";"";"";"";""
"392";"2026-02-24 05:21:45";"Push";"3308";"Overhead Press (Smith Machine)";"Rest Timer";"";"";"";"";"60.0";"";""
"392";"2026-02-24 05:21:45";"Push";"3308";"Overhead Press (Smith Machine)";"2";"35.0";"5";"";"";"";"";""
"392";"2026-02-24 05:21:45";"Push";"3308";"Overhead Press (Smith Machine)";"Rest Timer";"";"";"";"";"60.0";"";""
"392";"2026-02-24 05:21:45";"Push";"3308";"Overhead Press (Smith Machine)";"3";"37.5";"5";"";"";"";"";""
"392";"2026-02-24 05:21:45";"Push";"3308";"Overhead Press (Smith Machine)";"Rest Timer";"";"";"";"";"60.0";"";""
"392";"2026-02-24 05:21:45";"Push";"3308";"Chest Flies Cable Seated Heavy";"1";"15.0";"12";"";"";"";"";""
"392";"2026-02-24 05:21:45";"Push";"3308";"Chest Flies Cable Seated Heavy";"Rest Timer";"";"";"";"";"60.0";"";""
"392";"2026-02-24 05:21:45";"Push";"3308";"Chest Flies Cable Seated Heavy";"2";"17.5";"12";"";"";"";"";""
"392";"2026-02-24 05:21:45";"Push";"3308";"Chest Flies Cable Seated Heavy";"Rest Timer";"";"";"";"";"60.0";"";""
"392";"2026-02-24 05:21:45";"Push";"3308";"Chest Flies Cable Seated Heavy";"3";"17.5";"12";"";"";"";"";""
"392";"2026-02-24 05:21:45";"Push";"3308";"Chest Flies Cable Seated Heavy";"Rest Timer";"";"";"";"";"60.0";"";""
"392";"2026-02-24 05:21:45";"Push";"3308";"Lateral Raise (Cable)";"Note";"";"";"";"";"";"Only do 1.25 on last set";""
"392";"2026-02-24 05:21:45";"Push";"3308";"Lateral Raise (Cable)";"1";"2.5";"12";"";"";"";"";""
"392";"2026-02-24 05:21:45";"Push";"3308";"Lateral Raise (Cable)";"Rest Timer";"";"";"";"";"60.0";"";""
"392";"2026-02-24 05:21:45";"Push";"3308";"Lateral Raise (Cable)";"2";"2.5";"12";"";"";"";"";""
"392";"2026-02-24 05:21:45";"Push";"3308";"Lateral Raise (Cable)";"Rest Timer";"";"";"";"";"30.0";"";""
"392";"2026-02-24 05:21:45";"Push";"3308";"Lateral Raise (Cable)";"3";"2.5";"13";"";"";"";"";""
"392";"2026-02-24 05:21:45";"Push";"3308";"Lateral Raise (Cable)";"Rest Timer";"";"";"";"";"30.0";"";""
"392";"2026-02-24 05:21:45";"Push";"3308";"Tricep Extension Cable Overhead";"Note";"";"";"";"";"";"17 felt good";""
"392";"2026-02-24 05:21:45";"Push";"3308";"Tricep Extension Cable Overhead";"1";"35.0";"12";"";"";"";"";""
"392";"2026-02-24 05:21:45";"Push";"3308";"Tricep Extension Cable Overhead";"Rest Timer";"";"";"";"";"60.0";"";""
"392";"2026-02-24 05:21:45";"Push";"3308";"Tricep Extension Cable Overhead";"2";"40.0";"12";"";"";"";"";""
"392";"2026-02-24 05:21:45";"Push";"3308";"Tricep Extension Cable Overhead";"Rest Timer";"";"";"";"";"60.0";"";""
"392";"2026-02-24 05:21:45";"Push";"3308";"Tricep Extension Cable Overhead";"3";"40.0";"13";"";"";"";"";""
"392";"2026-02-24 05:21:45";"Push";"3308";"Tricep Extension Cable Overhead";"Rest Timer";"";"";"";"";"60.0";"";""
"393";"2026-02-25 05:21:12";"Pull";"3484";"Bent Over Row (Barbell)";"Note";"";"";"";"";"";"17 was heavy";""
"393";"2026-02-25 05:21:12";"Pull";"3484";"Bent Over Row (Barbell)";"W";"0.0";"7";"";"";"";"";""
"393";"2026-02-25 05:21:12";"Pull";"3484";"Bent Over Row (Barbell)";"Rest Timer";"";"";"";"";"30.0";"";""
"393";"2026-02-25 05:21:12";"Pull";"3484";"Bent Over Row (Barbell)";"W";"20.0";"7";"";"";"";"";""
"393";"2026-02-25 05:21:12";"Pull";"3484";"Bent Over Row (Barbell)";"Rest Timer";"";"";"";"";"30.0";"";""
"393";"2026-02-25 05:21:12";"Pull";"3484";"Bent Over Row (Barbell)";"1";"32.5";"7";"";"";"";"";""
"393";"2026-02-25 05:21:12";"Pull";"3484";"Bent Over Row (Barbell)";"Rest Timer";"";"";"";"";"60.0";"";""
"393";"2026-02-25 05:21:12";"Pull";"3484";"Bent Over Row (Barbell)";"2";"32.5";"7";"";"";"";"";""
"393";"2026-02-25 05:21:12";"Pull";"3484";"Bent Over Row (Barbell)";"Rest Timer";"";"";"";"";"60.0";"";""
"393";"2026-02-25 05:21:12";"Pull";"3484";"Bent Over Row (Barbell)";"3";"32.5";"7";"";"";"";"";""
"393";"2026-02-25 05:21:12";"Pull";"3484";"Bent Over Row (Barbell)";"Rest Timer";"";"";"";"";"60.0";"";""
"393";"2026-02-25 05:21:12";"Pull";"3484";"Supinated Pulldown";"W";"25.0";"7";"";"";"";"";""
"393";"2026-02-25 05:21:12";"Pull";"3484";"Supinated Pulldown";"Rest Timer";"";"";"";"";"60.0";"";""
"393";"2026-02-25 05:21:12";"Pull";"3484";"Supinated Pulldown";"W";"50.0";"7";"";"";"";"";""
"393";"2026-02-25 05:21:12";"Pull";"3484";"Supinated Pulldown";"Rest Timer";"";"";"";"";"30.0";"";""
"393";"2026-02-25 05:21:12";"Pull";"3484";"Supinated Pulldown";"1";"65.0";"7";"";"";"";"";""
"393";"2026-02-25 05:21:12";"Pull";"3484";"Supinated Pulldown";"Rest Timer";"";"";"";"";"120.0";"";""
"393";"2026-02-25 05:21:12";"Pull";"3484";"Supinated Pulldown";"2";"65.0";"7";"";"";"";"";""
"393";"2026-02-25 05:21:12";"Pull";"3484";"Supinated Pulldown";"Rest Timer";"";"";"";"";"60.0";"";""
"393";"2026-02-25 05:21:12";"Pull";"3484";"Supinated Pulldown";"3";"65.0";"7";"";"";"";"";""
"393";"2026-02-25 05:21:12";"Pull";"3484";"Supinated Pulldown";"Rest Timer";"";"";"";"";"60.0";"";""
"393";"2026-02-25 05:21:12";"Pull";"3484";"Seated Row (Cable)";"W";"65.0";"7";"";"";"";"";""
"393";"2026-02-25 05:21:12";"Pull";"3484";"Seated Row (Cable)";"1";"85.0";"7";"";"";"";"";""
"393";"2026-02-25 05:21:12";"Pull";"3484";"Seated Row (Cable)";"Rest Timer";"";"";"";"";"60.0";"";""
"393";"2026-02-25 05:21:12";"Pull";"3484";"Seated Row (Cable)";"2";"85.0";"7";"";"";"";"";""
"393";"2026-02-25 05:21:12";"Pull";"3484";"Seated Row (Cable)";"Rest Timer";"";"";"";"";"60.0";"";""
"393";"2026-02-25 05:21:12";"Pull";"3484";"Seated Row (Cable)";"3";"87.5";"9";"";"";"";"";""
"393";"2026-02-25 05:21:12";"Pull";"3484";"Seated Row (Cable)";"Rest Timer";"";"";"";"";"60.0";"";""
"393";"2026-02-25 05:21:12";"Pull";"3484";"Pullover (Machine)";"1";"22.5";"12";"";"";"";"";""
"393";"2026-02-25 05:21:12";"Pull";"3484";"Pullover (Machine)";"Rest Timer";"";"";"";"";"60.0";"";""
"393";"2026-02-25 05:21:12";"Pull";"3484";"Pullover (Machine)";"2";"22.5";"12";"";"";"";"";""
"393";"2026-02-25 05:21:12";"Pull";"3484";"Pullover (Machine)";"Rest Timer";"";"";"";"";"60.0";"";""
"393";"2026-02-25 05:21:12";"Pull";"3484";"Pullover (Machine)";"3";"22.5";"12";"";"";"";"";""
"393";"2026-02-25 05:21:12";"Pull";"3484";"Pullover (Machine)";"Rest Timer";"";"";"";"";"60.0";"";""
"393";"2026-02-25 05:21:12";"Pull";"3484";"Face Pull (Cable)";"W";"10.0";"12";"";"";"";"";""
"393";"2026-02-25 05:21:12";"Pull";"3484";"Face Pull (Cable)";"Rest Timer";"";"";"";"";"30.0";"";""
"393";"2026-02-25 05:21:12";"Pull";"3484";"Face Pull (Cable)";"1";"22.5";"12";"";"";"";"";""
"393";"2026-02-25 05:21:12";"Pull";"3484";"Face Pull (Cable)";"Rest Timer";"";"";"";"";"60.0";"";""
"393";"2026-02-25 05:21:12";"Pull";"3484";"Face Pull (Cable)";"2";"25.0";"12";"";"";"";"";""
"393";"2026-02-25 05:21:12";"Pull";"3484";"Face Pull (Cable)";"Rest Timer";"";"";"";"";"60.0";"";""
"393";"2026-02-25 05:21:12";"Pull";"3484";"Face Pull (Cable)";"3";"25.0";"12";"";"";"";"";""
"393";"2026-02-25 05:21:12";"Pull";"3484";"Face Pull (Cable)";"Rest Timer";"";"";"";"";"60.0";"";""
"393";"2026-02-25 05:21:12";"Pull";"3484";"Bayesian Cable Curl";"1";"12.5";"12";"";"";"";"";""
"393";"2026-02-25 05:21:12";"Pull";"3484";"Bayesian Cable Curl";"Rest Timer";"";"";"";"";"60.0";"";""
"393";"2026-02-25 05:21:12";"Pull";"3484";"Bayesian Cable Curl";"2";"13.75";"12";"";"";"";"";""
"393";"2026-02-25 05:21:12";"Pull";"3484";"Bayesian Cable Curl";"Rest Timer";"";"";"";"";"60.0";"";""
"393";"2026-02-25 05:21:12";"Pull";"3484";"Bayesian Cable Curl";"3";"13.75";"13";"";"";"";"";""
"393";"2026-02-25 05:21:12";"Pull";"3484";"Bayesian Cable Curl";"Rest Timer";"";"";"";"";"60.0";"";""
"394";"2026-02-26 05:11:25";"Push";"11527";"Squat (Barbell)";"W";"0.0";"5";"";"";"";"";""
"394";"2026-02-26 05:11:25";"Push";"11527";"Squat (Barbell)";"1";"40.0";"5";"";"";"";"";""
"394";"2026-02-26 05:11:25";"Push";"11527";"Squat (Barbell)";"Rest Timer";"";"";"";"";"60.0";"";""
"394";"2026-02-26 05:11:25";"Push";"11527";"Squat (Barbell)";"2";"40.0";"5";"";"";"";"";""
"394";"2026-02-26 05:11:25";"Push";"11527";"Squat (Barbell)";"Rest Timer";"";"";"";"";"60.0";"";""
"394";"2026-02-26 05:11:25";"Push";"11527";"Squat (Barbell)";"3";"40.0";"5";"";"";"";"";""
"394";"2026-02-26 05:11:25";"Push";"11527";"Squat (Barbell)";"Rest Timer";"";"";"";"";"60.0";"";""
"394";"2026-02-26 05:11:25";"Push";"11527";"Incline Bench Press (Barbell)";"W";"0.0";"5";"";"";"";"";""
"394";"2026-02-26 05:11:25";"Push";"11527";"Incline Bench Press (Barbell)";"1";"30.0";"5";"";"";"";"";""
"394";"2026-02-26 05:11:25";"Push";"11527";"Incline Bench Press (Barbell)";"Rest Timer";"";"";"";"";"60.0";"";""
"394";"2026-02-26 05:11:25";"Push";"11527";"Incline Bench Press (Barbell)";"2";"30.0";"5";"";"";"";"";""
"394";"2026-02-26 05:11:25";"Push";"11527";"Incline Bench Press (Barbell)";"Rest Timer";"";"";"";"";"60.0";"";""
"394";"2026-02-26 05:11:25";"Push";"11527";"Incline Bench Press (Barbell)";"3";"30.0";"5";"";"";"";"";""
"394";"2026-02-26 05:11:25";"Push";"11527";"Incline Bench Press (Barbell)";"Rest Timer";"";"";"";"";"60.0";"";""
"394";"2026-02-26 05:11:25";"Push";"11527";"Overhead Press (Smith Machine)";"W";"0.0";"5";"";"";"";"";""
"394";"2026-02-26 05:11:25";"Push";"11527";"Overhead Press (Smith Machine)";"1";"15.0";"5";"";"";"";"";""
"394";"2026-02-26 05:11:25";"Push";"11527";"Overhead Press (Smith Machine)";"Rest Timer";"";"";"";"";"60.0";"";""
"394";"2026-02-26 05:11:25";"Push";"11527";"Overhead Press (Smith Machine)";"2";"15.0";"5";"";"";"";"";""
"394";"2026-02-26 05:11:25";"Push";"11527";"Overhead Press (Smith Machine)";"Rest Timer";"";"";"";"";"60.0";"";""
"394";"2026-02-26 05:11:25";"Push";"11527";"Overhead Press (Smith Machine)";"3";"15.0";"5";"";"";"";"";""
"394";"2026-02-26 05:11:25";"Push";"11527";"Overhead Press (Smith Machine)";"Rest Timer";"";"";"";"";"60.0";"";""
"394";"2026-02-26 05:11:25";"Push";"11527";"Chest Flies Cable Seated Heavy";"1";"7.5";"12";"";"";"";"";""
"394";"2026-02-26 05:11:25";"Push";"11527";"Chest Flies Cable Seated Heavy";"Rest Timer";"";"";"";"";"60.0";"";""
"394";"2026-02-26 05:11:25";"Push";"11527";"Chest Flies Cable Seated Heavy";"2";"7.5";"12";"";"";"";"";""
"394";"2026-02-26 05:11:25";"Push";"11527";"Chest Flies Cable Seated Heavy";"Rest Timer";"";"";"";"";"60.0";"";""
"394";"2026-02-26 05:11:25";"Push";"11527";"Chest Flies Cable Seated Heavy";"3";"7.5";"12";"";"";"";"";""
"394";"2026-02-26 05:11:25";"Push";"11527";"Chest Flies Cable Seated Heavy";"Rest Timer";"";"";"";"";"60.0";"";""
"394";"2026-02-26 05:11:25";"Push";"11527";"Lateral Raise (Cable)";"Note";"";"";"";"";"";"Only do 1.25 on last set";""
"394";"2026-02-26 05:11:25";"Push";"11527";"Lateral Raise (Cable)";"1";"1.25";"12";"";"";"";"";""
"394";"2026-02-26 05:11:25";"Push";"11527";"Lateral Raise (Cable)";"Rest Timer";"";"";"";"";"60.0";"";""
"394";"2026-02-26 05:11:25";"Push";"11527";"Lateral Raise (Cable)";"2";"0.0";"12";"";"";"";"";""
"394";"2026-02-26 05:11:25";"Push";"11527";"Lateral Raise (Cable)";"Rest Timer";"";"";"";"";"30.0";"";""
"394";"2026-02-26 05:11:25";"Push";"11527";"Lateral Raise (Cable)";"3";"0.0";"12";"";"";"";"";""
"394";"2026-02-26 05:11:25";"Push";"11527";"Lateral Raise (Cable)";"Rest Timer";"";"";"";"";"30.0";"";""
"394";"2026-02-26 05:11:25";"Push";"11527";"Tricep Extension Cable Overhead";"Note";"";"";"";"";"";"17 felt good";""
"394";"2026-02-26 05:11:25";"Push";"11527";"Tricep Extension Cable Overhead";"1";"20.0";"12";"";"";"";"";""
"394";"2026-02-26 05:11:25";"Push";"11527";"Tricep Extension Cable Overhead";"Rest Timer";"";"";"";"";"60.0";"";""
"394";"2026-02-26 05:11:25";"Push";"11527";"Tricep Extension Cable Overhead";"2";"20.0";"12";"";"";"";"";""
"394";"2026-02-26 05:11:25";"Push";"11527";"Tricep Extension Cable Overhead";"Rest Timer";"";"";"";"";"60.0";"";""
"394";"2026-02-26 05:11:25";"Push";"11527";"Tricep Extension Cable Overhead";"3";"20.0";"12";"";"";"";"";""
"394";"2026-02-26 05:11:25";"Push";"11527";"Tricep Extension Cable Overhead";"Rest Timer";"";"";"";"";"60.0";"";""
"395";"2026-02-27 05:13:21";"Pull";"2704";"Bent Over Row (Barbell)";"W";"0.0";"7";"";"";"";"";""
"395";"2026-02-27 05:13:21";"Pull";"2704";"Bent Over Row (Barbell)";"Rest Timer";"";"";"";"";"30.0";"";""
"395";"2026-02-27 05:13:21";"Pull";"2704";"Bent Over Row (Barbell)";"W";"0.0";"7";"";"";"";"";""
"395";"2026-02-27 05:13:21";"Pull";"2704";"Bent Over Row (Barbell)";"Rest Timer";"";"";"";"";"30.0";"";""
"395";"2026-02-27 05:13:21";"Pull";"2704";"Bent Over Row (Barbell)";"1";"15.0";"7";"";"";"";"";""
"395";"2026-02-27 05:13:21";"Pull";"2704";"Bent Over Row (Barbell)";"Rest Timer";"";"";"";"";"60.0";"";""
"395";"2026-02-27 05:13:21";"Pull";"2704";"Bent Over Row (Barbell)";"2";"15.0";"7";"";"";"";"";""
"395";"2026-02-27 05:13:21";"Pull";"2704";"Bent Over Row (Barbell)";"Rest Timer";"";"";"";"";"60.0";"";""
"395";"2026-02-27 05:13:21";"Pull";"2704";"Bent Over Row (Barbell)";"3";"15.0";"7";"";"";"";"";""
"395";"2026-02-27 05:13:21";"Pull";"2704";"Bent Over Row (Barbell)";"Rest Timer";"";"";"";"";"60.0";"";""
"395";"2026-02-27 05:13:21";"Pull";"2704";"Supinated Pulldown";"W";"0.0";"7";"";"";"";"";""
"395";"2026-02-27 05:13:21";"Pull";"2704";"Supinated Pulldown";"Rest Timer";"";"";"";"";"60.0";"";""
"395";"2026-02-27 05:13:21";"Pull";"2704";"Supinated Pulldown";"W";"0.0";"7";"";"";"";"";""
"395";"2026-02-27 05:13:21";"Pull";"2704";"Supinated Pulldown";"Rest Timer";"";"";"";"";"30.0";"";""
"395";"2026-02-27 05:13:21";"Pull";"2704";"Supinated Pulldown";"1";"30.0";"7";"";"";"";"";""
"395";"2026-02-27 05:13:21";"Pull";"2704";"Supinated Pulldown";"Rest Timer";"";"";"";"";"120.0";"";""
"395";"2026-02-27 05:13:21";"Pull";"2704";"Supinated Pulldown";"2";"30.0";"7";"";"";"";"";""
"395";"2026-02-27 05:13:21";"Pull";"2704";"Supinated Pulldown";"Rest Timer";"";"";"";"";"60.0";"";""
"395";"2026-02-27 05:13:21";"Pull";"2704";"Supinated Pulldown";"3";"30.0";"7";"";"";"";"";""
"395";"2026-02-27 05:13:21";"Pull";"2704";"Supinated Pulldown";"Rest Timer";"";"";"";"";"60.0";"";""
"395";"2026-02-27 05:13:21";"Pull";"2704";"Seated Row (Cable)";"W";"0.0";"7";"";"";"";"";""
"395";"2026-02-27 05:13:21";"Pull";"2704";"Seated Row (Cable)";"1";"40.0";"7";"";"";"";"";""
"395";"2026-02-27 05:13:21";"Pull";"2704";"Seated Row (Cable)";"Rest Timer";"";"";"";"";"60.0";"";""
"395";"2026-02-27 05:13:21";"Pull";"2704";"Seated Row (Cable)";"2";"40.0";"7";"";"";"";"";""
"395";"2026-02-27 05:13:21";"Pull";"2704";"Seated Row (Cable)";"Rest Timer";"";"";"";"";"60.0";"";""
"395";"2026-02-27 05:13:21";"Pull";"2704";"Seated Row (Cable)";"3";"40.0";"7";"";"";"";"";""
"395";"2026-02-27 05:13:21";"Pull";"2704";"Seated Row (Cable)";"Rest Timer";"";"";"";"";"60.0";"";""
"395";"2026-02-27 05:13:21";"Pull";"2704";"Pullover (Machine)";"1";"10.0";"12";"";"";"";"";""
"395";"2026-02-27 05:13:21";"Pull";"2704";"Pullover (Machine)";"Rest Timer";"";"";"";"";"60.0";"";""
"395";"2026-02-27 05:13:21";"Pull";"2704";"Pullover (Machine)";"2";"10.0";"12";"";"";"";"";""
"395";"2026-02-27 05:13:21";"Pull";"2704";"Pullover (Machine)";"Rest Timer";"";"";"";"";"60.0";"";""
"395";"2026-02-27 05:13:21";"Pull";"2704";"Pullover (Machine)";"3";"10.0";"12";"";"";"";"";""
"395";"2026-02-27 05:13:21";"Pull";"2704";"Pullover (Machine)";"Rest Timer";"";"";"";"";"60.0";"";""
"395";"2026-02-27 05:13:21";"Pull";"2704";"Face Pull (Cable)";"W";"0.0";"12";"";"";"";"";""
"395";"2026-02-27 05:13:21";"Pull";"2704";"Face Pull (Cable)";"Rest Timer";"";"";"";"";"30.0";"";""
"395";"2026-02-27 05:13:21";"Pull";"2704";"Face Pull (Cable)";"1";"10.0";"12";"";"";"";"";""
"395";"2026-02-27 05:13:21";"Pull";"2704";"Face Pull (Cable)";"Rest Timer";"";"";"";"";"60.0";"";""
"395";"2026-02-27 05:13:21";"Pull";"2704";"Face Pull (Cable)";"2";"10.0";"12";"";"";"";"";""
"395";"2026-02-27 05:13:21";"Pull";"2704";"Face Pull (Cable)";"Rest Timer";"";"";"";"";"60.0";"";""
"395";"2026-02-27 05:13:21";"Pull";"2704";"Face Pull (Cable)";"3";"10.0";"12";"";"";"";"";""
"395";"2026-02-27 05:13:21";"Pull";"2704";"Face Pull (Cable)";"Rest Timer";"";"";"";"";"60.0";"";""
"395";"2026-02-27 05:13:21";"Pull";"2704";"Bayesian Cable Curl";"1";"7.5";"12";"";"";"";"";""
"395";"2026-02-27 05:13:21";"Pull";"2704";"Bayesian Cable Curl";"Rest Timer";"";"";"";"";"60.0";"";""
"395";"2026-02-27 05:13:21";"Pull";"2704";"Bayesian Cable Curl";"2";"7.5";"12";"";"";"";"";""
"395";"2026-02-27 05:13:21";"Pull";"2704";"Bayesian Cable Curl";"Rest Timer";"";"";"";"";"60.0";"";""
"395";"2026-02-27 05:13:21";"Pull";"2704";"Bayesian Cable Curl";"3";"7.5";"12";"";"";"";"";""
"395";"2026-02-27 05:13:21";"Pull";"2704";"Bayesian Cable Curl";"Rest Timer";"";"";"";"";"60.0";"";""
"396";"2026-02-28 16:51:37";"Push A";"3796";"Squat (Barbell)";"W";"0.0";"5";"";"";"";"";""
"396";"2026-02-28 16:51:37";"Push A";"3796";"Squat (Barbell)";"1";"40.0";"5";"";"";"";"";""
"396";"2026-02-28 16:51:37";"Push A";"3796";"Squat (Barbell)";"Rest Timer";"";"";"";"";"60.0";"";""
"396";"2026-02-28 16:51:37";"Push A";"3796";"Squat (Barbell)";"2";"40.0";"5";"";"";"";"";""
"396";"2026-02-28 16:51:37";"Push A";"3796";"Squat (Barbell)";"Rest Timer";"";"";"";"";"60.0";"";""
"396";"2026-02-28 16:51:37";"Push A";"3796";"Squat (Barbell)";"3";"40.0";"5";"";"";"";"";""
"396";"2026-02-28 16:51:37";"Push A";"3796";"Squat (Barbell)";"Rest Timer";"";"";"";"";"60.0";"";""
"396";"2026-02-28 16:51:37";"Push A";"3796";"Incline Bench Press (Barbell)";"W";"0.0";"5";"";"";"";"";""
"396";"2026-02-28 16:51:37";"Push A";"3796";"Incline Bench Press (Barbell)";"1";"30.0";"5";"";"";"";"";""
"396";"2026-02-28 16:51:37";"Push A";"3796";"Incline Bench Press (Barbell)";"Rest Timer";"";"";"";"";"60.0";"";""
"396";"2026-02-28 16:51:37";"Push A";"3796";"Incline Bench Press (Barbell)";"2";"30.0";"5";"";"";"";"";""
"396";"2026-02-28 16:51:37";"Push A";"3796";"Incline Bench Press (Barbell)";"Rest Timer";"";"";"";"";"60.0";"";""
"396";"2026-02-28 16:51:37";"Push A";"3796";"Incline Bench Press (Barbell)";"3";"30.0";"5";"";"";"";"";""
"396";"2026-02-28 16:51:37";"Push A";"3796";"Incline Bench Press (Barbell)";"Rest Timer";"";"";"";"";"60.0";"";""
"396";"2026-02-28 16:51:37";"Push A";"3796";"Overhead Press (Smith Machine)";"W";"0.0";"5";"";"";"";"";""
"396";"2026-02-28 16:51:37";"Push A";"3796";"Overhead Press (Smith Machine)";"1";"15.0";"5";"";"";"";"";""
"396";"2026-02-28 16:51:37";"Push A";"3796";"Overhead Press (Smith Machine)";"Rest Timer";"";"";"";"";"60.0";"";""
"396";"2026-02-28 16:51:37";"Push A";"3796";"Overhead Press (Smith Machine)";"2";"15.0";"5";"";"";"";"";""
"396";"2026-02-28 16:51:37";"Push A";"3796";"Overhead Press (Smith Machine)";"Rest Timer";"";"";"";"";"60.0";"";""
"396";"2026-02-28 16:51:37";"Push A";"3796";"Overhead Press (Smith Machine)";"3";"15.0";"5";"";"";"";"";""
"396";"2026-02-28 16:51:37";"Push A";"3796";"Overhead Press (Smith Machine)";"Rest Timer";"";"";"";"";"60.0";"";""
"396";"2026-02-28 16:51:37";"Push A";"3796";"Chest Flies Cable Seated Heavy";"1";"7.5";"12";"";"";"";"";""
"396";"2026-02-28 16:51:37";"Push A";"3796";"Chest Flies Cable Seated Heavy";"Rest Timer";"";"";"";"";"60.0";"";""
"396";"2026-02-28 16:51:37";"Push A";"3796";"Chest Flies Cable Seated Heavy";"2";"7.5";"12";"";"";"";"";""
"396";"2026-02-28 16:51:37";"Push A";"3796";"Chest Flies Cable Seated Heavy";"Rest Timer";"";"";"";"";"60.0";"";""
"396";"2026-02-28 16:51:37";"Push A";"3796";"Chest Flies Cable Seated Heavy";"3";"7.5";"12";"";"";"";"";""
"396";"2026-02-28 16:51:37";"Push A";"3796";"Chest Flies Cable Seated Heavy";"Rest Timer";"";"";"";"";"60.0";"";""
"396";"2026-02-28 16:51:37";"Push A";"3796";"Lateral Raise (Cable)";"Note";"";"";"";"";"";"Only do 1.25 on last set";""
"396";"2026-02-28 16:51:37";"Push A";"3796";"Lateral Raise (Cable)";"1";"0.0";"12";"";"";"";"";""
"396";"2026-02-28 16:51:37";"Push A";"3796";"Lateral Raise (Cable)";"Rest Timer";"";"";"";"";"30.0";"";""
"396";"2026-02-28 16:51:37";"Push A";"3796";"Lateral Raise (Cable)";"2";"0.0";"12";"";"";"";"";""
"396";"2026-02-28 16:51:37";"Push A";"3796";"Lateral Raise (Cable)";"Rest Timer";"";"";"";"";"30.0";"";""
"396";"2026-02-28 16:51:37";"Push A";"3796";"Lateral Raise (Cable)";"3";"0.0";"12";"";"";"";"";""
"396";"2026-02-28 16:51:37";"Push A";"3796";"Lateral Raise (Cable)";"Rest Timer";"";"";"";"";"30.0";"";""
"396";"2026-02-28 16:51:37";"Push A";"3796";"Tricep Extension Cable Overhead";"1";"20.0";"12";"";"";"";"";""
"396";"2026-02-28 16:51:37";"Push A";"3796";"Tricep Extension Cable Overhead";"Rest Timer";"";"";"";"";"60.0";"";""
"396";"2026-02-28 16:51:37";"Push A";"3796";"Tricep Extension Cable Overhead";"2";"20.0";"12";"";"";"";"";""
"396";"2026-02-28 16:51:37";"Push A";"3796";"Tricep Extension Cable Overhead";"Rest Timer";"";"";"";"";"60.0";"";""
"396";"2026-02-28 16:51:37";"Push A";"3796";"Tricep Extension Cable Overhead";"3";"20.0";"12";"";"";"";"";""
"396";"2026-02-28 16:51:37";"Push A";"3796";"Tricep Extension Cable Overhead";"Rest Timer";"";"";"";"";"60.0";"";""
"397";"2026-03-02 05:13:37";"Pull A";"3293";"Bent Over Row (Barbell)";"Note";"";"";"";"";"";"17 was heavy";""
"397";"2026-03-02 05:13:37";"Pull A";"3293";"Bent Over Row (Barbell)";"W";"0.0";"7";"";"";"";"";""
"397";"2026-03-02 05:13:37";"Pull A";"3293";"Bent Over Row (Barbell)";"Rest Timer";"";"";"";"";"30.0";"";""
"397";"2026-03-02 05:13:37";"Pull A";"3293";"Bent Over Row (Barbell)";"W";"20.0";"7";"";"";"";"";""
"397";"2026-03-02 05:13:37";"Pull A";"3293";"Bent Over Row (Barbell)";"Rest Timer";"";"";"";"";"30.0";"";""
"397";"2026-03-02 05:13:37";"Pull A";"3293";"Bent Over Row (Barbell)";"1";"35.0";"7";"";"";"";"";""
"397";"2026-03-02 05:13:37";"Pull A";"3293";"Bent Over Row (Barbell)";"Rest Timer";"";"";"";"";"60.0";"";""
"397";"2026-03-02 05:13:37";"Pull A";"3293";"Bent Over Row (Barbell)";"2";"35.0";"7";"";"";"";"";""
"397";"2026-03-02 05:13:37";"Pull A";"3293";"Bent Over Row (Barbell)";"Rest Timer";"";"";"";"";"60.0";"";""
"397";"2026-03-02 05:13:37";"Pull A";"3293";"Bent Over Row (Barbell)";"3";"37.5";"7";"";"";"";"";""
"397";"2026-03-02 05:13:37";"Pull A";"3293";"Bent Over Row (Barbell)";"Rest Timer";"";"";"";"";"60.0";"";""
"397";"2026-03-02 05:13:37";"Pull A";"3293";"Supinated Pulldown";"W";"25.0";"7";"";"";"";"";""
"397";"2026-03-02 05:13:37";"Pull A";"3293";"Supinated Pulldown";"Rest Timer";"";"";"";"";"60.0";"";""
"397";"2026-03-02 05:13:37";"Pull A";"3293";"Supinated Pulldown";"W";"50.0";"7";"";"";"";"";""
"397";"2026-03-02 05:13:37";"Pull A";"3293";"Supinated Pulldown";"Rest Timer";"";"";"";"";"30.0";"";""
"397";"2026-03-02 05:13:37";"Pull A";"3293";"Supinated Pulldown";"1";"65.0";"7";"";"";"";"";""
"397";"2026-03-02 05:13:37";"Pull A";"3293";"Supinated Pulldown";"Rest Timer";"";"";"";"";"120.0";"";""
"397";"2026-03-02 05:13:37";"Pull A";"3293";"Supinated Pulldown";"2";"65.0";"7";"";"";"";"";""
"397";"2026-03-02 05:13:37";"Pull A";"3293";"Supinated Pulldown";"Rest Timer";"";"";"";"";"60.0";"";""
"397";"2026-03-02 05:13:37";"Pull A";"3293";"Supinated Pulldown";"3";"65.0";"7";"";"";"";"";""
"397";"2026-03-02 05:13:37";"Pull A";"3293";"Supinated Pulldown";"Rest Timer";"";"";"";"";"60.0";"";""
"397";"2026-03-02 05:13:37";"Pull A";"3293";"Seated Row (Cable)";"W";"65.0";"7";"";"";"";"";""
"397";"2026-03-02 05:13:37";"Pull A";"3293";"Seated Row (Cable)";"1";"85.0";"7";"";"";"";"";""
"397";"2026-03-02 05:13:37";"Pull A";"3293";"Seated Row (Cable)";"Rest Timer";"";"";"";"";"60.0";"";""
"397";"2026-03-02 05:13:37";"Pull A";"3293";"Seated Row (Cable)";"2";"85.0";"7";"";"";"";"";""
"397";"2026-03-02 05:13:37";"Pull A";"3293";"Seated Row (Cable)";"Rest Timer";"";"";"";"";"60.0";"";""
"397";"2026-03-02 05:13:37";"Pull A";"3293";"Seated Row (Cable)";"3";"87.5";"7";"";"";"";"";""
"397";"2026-03-02 05:13:37";"Pull A";"3293";"Seated Row (Cable)";"Rest Timer";"";"";"";"";"60.0";"";""
"397";"2026-03-02 05:13:37";"Pull A";"3293";"Pullover (Machine)";"Note";"";"";"";"";"";"Tried rope. Back of chair to rack, I think heighest pulley height, this way there's tension longer throughout the motion";""
"397";"2026-03-02 05:13:37";"Pull A";"3293";"Pullover (Machine)";"1";"22.5";"12";"";"";"";"";""
"397";"2026-03-02 05:13:37";"Pull A";"3293";"Pullover (Machine)";"Rest Timer";"";"";"";"";"60.0";"";""
"397";"2026-03-02 05:13:37";"Pull A";"3293";"Pullover (Machine)";"2";"22.5";"12";"";"";"";"";""
"397";"2026-03-02 05:13:37";"Pull A";"3293";"Pullover (Machine)";"Rest Timer";"";"";"";"";"60.0";"";""
"397";"2026-03-02 05:13:37";"Pull A";"3293";"Pullover (Machine)";"3";"22.5";"12";"";"";"";"";""
"397";"2026-03-02 05:13:37";"Pull A";"3293";"Pullover (Machine)";"Rest Timer";"";"";"";"";"60.0";"";""
"397";"2026-03-02 05:13:37";"Pull A";"3293";"Face Pull (Cable)";"Note";"";"";"";"";"";"Tried chest supported";""
"397";"2026-03-02 05:13:37";"Pull A";"3293";"Face Pull (Cable)";"W";"10.0";"12";"";"";"";"";""
"397";"2026-03-02 05:13:37";"Pull A";"3293";"Face Pull (Cable)";"Rest Timer";"";"";"";"";"30.0";"";""
"397";"2026-03-02 05:13:37";"Pull A";"3293";"Face Pull (Cable)";"1";"15.0";"12";"";"";"";"";""
"397";"2026-03-02 05:13:37";"Pull A";"3293";"Face Pull (Cable)";"Rest Timer";"";"";"";"";"60.0";"";""
"397";"2026-03-02 05:13:37";"Pull A";"3293";"Face Pull (Cable)";"2";"17.5";"12";"";"";"";"";""
"397";"2026-03-02 05:13:37";"Pull A";"3293";"Face Pull (Cable)";"Rest Timer";"";"";"";"";"60.0";"";""
"397";"2026-03-02 05:13:37";"Pull A";"3293";"Face Pull (Cable)";"3";"17.5";"12";"";"";"";"";""
"397";"2026-03-02 05:13:37";"Pull A";"3293";"Face Pull (Cable)";"Rest Timer";"";"";"";"";"60.0";"";""
"397";"2026-03-02 05:13:37";"Pull A";"3293";"Bayesian Cable Curl";"1";"13.75";"12";"";"";"";"";""
"397";"2026-03-02 05:13:37";"Pull A";"3293";"Bayesian Cable Curl";"Rest Timer";"";"";"";"";"60.0";"";""
"397";"2026-03-02 05:13:37";"Pull A";"3293";"Bayesian Cable Curl";"2";"13.75";"12";"";"";"";"";""
"397";"2026-03-02 05:13:37";"Pull A";"3293";"Bayesian Cable Curl";"Rest Timer";"";"";"";"";"60.0";"";""
"397";"2026-03-02 05:13:37";"Pull A";"3293";"Bayesian Cable Curl";"3";"13.75";"12";"";"";"";"";""
"397";"2026-03-02 05:13:37";"Pull A";"3293";"Bayesian Cable Curl";"Rest Timer";"";"";"";"";"60.0";"";""
"398";"2026-03-03 05:15:34";"Push A";"3606";"Squat (Barbell)";"W";"0.0";"5";"";"";"";"";""
"398";"2026-03-03 05:15:34";"Push A";"3606";"Squat (Barbell)";"W";"50.0";"5";"";"";"";"";""
"398";"2026-03-03 05:15:34";"Push A";"3606";"Squat (Barbell)";"1";"80.0";"5";"";"";"";"";""
"398";"2026-03-03 05:15:34";"Push A";"3606";"Squat (Barbell)";"Rest Timer";"";"";"";"";"60.0";"";""
"398";"2026-03-03 05:15:34";"Push A";"3606";"Squat (Barbell)";"2";"85.0";"5";"";"";"";"";""
"398";"2026-03-03 05:15:34";"Push A";"3606";"Squat (Barbell)";"Rest Timer";"";"";"";"";"60.0";"";""
"398";"2026-03-03 05:15:34";"Push A";"3606";"Squat (Barbell)";"3";"85.0";"5";"";"";"";"";""
"398";"2026-03-03 05:15:34";"Push A";"3606";"Squat (Barbell)";"Rest Timer";"";"";"";"";"60.0";"";""
"398";"2026-03-03 05:15:34";"Push A";"3606";"Incline Bench Press (Barbell)";"W";"0.0";"5";"";"";"";"";""
"398";"2026-03-03 05:15:34";"Push A";"3606";"Incline Bench Press (Barbell)";"W";"30.0";"5";"";"";"";"";""
"398";"2026-03-03 05:15:34";"Push A";"3606";"Incline Bench Press (Barbell)";"1";"51.25";"5";"";"";"";"";""
"398";"2026-03-03 05:15:34";"Push A";"3606";"Incline Bench Press (Barbell)";"Rest Timer";"";"";"";"";"60.0";"";""
"398";"2026-03-03 05:15:34";"Push A";"3606";"Incline Bench Press (Barbell)";"2";"51.25";"5";"";"";"";"";""
"398";"2026-03-03 05:15:34";"Push A";"3606";"Incline Bench Press (Barbell)";"Rest Timer";"";"";"";"";"60.0";"";""
"398";"2026-03-03 05:15:34";"Push A";"3606";"Incline Bench Press (Barbell)";"3";"52.5";"5";"";"";"";"";""
"398";"2026-03-03 05:15:34";"Push A";"3606";"Incline Bench Press (Barbell)";"Rest Timer";"";"";"";"";"60.0";"";""
"398";"2026-03-03 05:15:34";"Push A";"3606";"Overhead Press (Barbell)";"1";"30.0";"5";"";"";"";"";""
"398";"2026-03-03 05:15:34";"Push A";"3606";"Overhead Press (Barbell)";"Rest Timer";"";"";"";"";"120.0";"";""
"398";"2026-03-03 05:15:34";"Push A";"3606";"Overhead Press (Barbell)";"2";"35.0";"5";"";"";"";"";""
"398";"2026-03-03 05:15:34";"Push A";"3606";"Overhead Press (Barbell)";"Rest Timer";"";"";"";"";"60.0";"";""
"398";"2026-03-03 05:15:34";"Push A";"3606";"Overhead Press (Barbell)";"3";"37.5";"5";"";"";"";"";""
"398";"2026-03-03 05:15:34";"Push A";"3606";"Overhead Press (Barbell)";"Rest Timer";"";"";"";"";"60.0";"";""
"398";"2026-03-03 05:15:34";"Push A";"3606";"Chest Flies Cable Seated Heavy";"1";"15.0";"12";"";"";"";"";""
"398";"2026-03-03 05:15:34";"Push A";"3606";"Chest Flies Cable Seated Heavy";"Rest Timer";"";"";"";"";"60.0";"";""
"398";"2026-03-03 05:15:34";"Push A";"3606";"Chest Flies Cable Seated Heavy";"2";"15.0";"12";"";"";"";"";""
"398";"2026-03-03 05:15:34";"Push A";"3606";"Chest Flies Cable Seated Heavy";"Rest Timer";"";"";"";"";"60.0";"";""
"398";"2026-03-03 05:15:34";"Push A";"3606";"Chest Flies Cable Seated Heavy";"3";"15.0";"12";"";"";"";"";""
"398";"2026-03-03 05:15:34";"Push A";"3606";"Chest Flies Cable Seated Heavy";"Rest Timer";"";"";"";"";"60.0";"";""
"398";"2026-03-03 05:15:34";"Push A";"3606";"Lateral Raise (Cable)";"Note";"";"";"";"";"";"Only do 1.25 on last set";""
"398";"2026-03-03 05:15:34";"Push A";"3606";"Lateral Raise (Cable)";"1";"1.25";"12";"";"";"";"";""
"398";"2026-03-03 05:15:34";"Push A";"3606";"Lateral Raise (Cable)";"Rest Timer";"";"";"";"";"30.0";"";""
"398";"2026-03-03 05:15:34";"Push A";"3606";"Lateral Raise (Cable)";"2";"1.25";"12";"";"";"";"";""
"398";"2026-03-03 05:15:34";"Push A";"3606";"Lateral Raise (Cable)";"Rest Timer";"";"";"";"";"30.0";"";""
"398";"2026-03-03 05:15:34";"Push A";"3606";"Lateral Raise (Cable)";"3";"1.25";"12";"";"";"";"";""
"398";"2026-03-03 05:15:34";"Push A";"3606";"Lateral Raise (Cable)";"Rest Timer";"";"";"";"";"30.0";"";""
"398";"2026-03-03 05:15:34";"Push A";"3606";"Tricep Extension Cable Overhead";"Note";"";"";"";"";"";"I messed this up, I should've done 40";""
"398";"2026-03-03 05:15:34";"Push A";"3606";"Tricep Extension Cable Overhead";"1";"50.0";"12";"";"";"";"";""
"398";"2026-03-03 05:15:34";"Push A";"3606";"Tricep Extension Cable Overhead";"Rest Timer";"";"";"";"";"60.0";"";""
"398";"2026-03-03 05:15:34";"Push A";"3606";"Tricep Extension Cable Overhead";"2";"50.0";"12";"";"";"";"";""
"398";"2026-03-03 05:15:34";"Push A";"3606";"Tricep Extension Cable Overhead";"Rest Timer";"";"";"";"";"60.0";"";""
"398";"2026-03-03 05:15:34";"Push A";"3606";"Tricep Extension Cable Overhead";"3";"30.0";"12";"";"";"";"";""
"398";"2026-03-03 05:15:34";"Push A";"3606";"Tricep Extension Cable Overhead";"Rest Timer";"";"";"";"";"60.0";"";""
"399";"2026-03-04 05:14:26";"Pull A";"3151";"Bent Over Row (Barbell)";"Note";"";"";"";"";"";"17 was heavy";""
"399";"2026-03-04 05:14:26";"Pull A";"3151";"Bent Over Row (Barbell)";"W";"0.0";"7";"";"";"";"";""
"399";"2026-03-04 05:14:26";"Pull A";"3151";"Bent Over Row (Barbell)";"Rest Timer";"";"";"";"";"30.0";"";""
"399";"2026-03-04 05:14:26";"Pull A";"3151";"Bent Over Row (Barbell)";"W";"20.0";"7";"";"";"";"";""
"399";"2026-03-04 05:14:26";"Pull A";"3151";"Bent Over Row (Barbell)";"Rest Timer";"";"";"";"";"30.0";"";""
"399";"2026-03-04 05:14:26";"Pull A";"3151";"Bent Over Row (Barbell)";"1";"35.0";"7";"";"";"";"";""
"399";"2026-03-04 05:14:26";"Pull A";"3151";"Bent Over Row (Barbell)";"Rest Timer";"";"";"";"";"60.0";"";""
"399";"2026-03-04 05:14:26";"Pull A";"3151";"Bent Over Row (Barbell)";"2";"35.0";"7";"";"";"";"";""
"399";"2026-03-04 05:14:26";"Pull A";"3151";"Bent Over Row (Barbell)";"Rest Timer";"";"";"";"";"60.0";"";""
"399";"2026-03-04 05:14:26";"Pull A";"3151";"Bent Over Row (Barbell)";"3";"37.5";"7";"";"";"";"";""
"399";"2026-03-04 05:14:26";"Pull A";"3151";"Bent Over Row (Barbell)";"Rest Timer";"";"";"";"";"60.0";"";""
"399";"2026-03-04 05:14:26";"Pull A";"3151";"Supinated Pulldown";"Note";"";"";"";"";"";"Too heavy, go lighter and focus on squeezing ";""
"399";"2026-03-04 05:14:26";"Pull A";"3151";"Supinated Pulldown";"W";"25.0";"7";"";"";"";"";""
"399";"2026-03-04 05:14:26";"Pull A";"3151";"Supinated Pulldown";"Rest Timer";"";"";"";"";"60.0";"";""
"399";"2026-03-04 05:14:26";"Pull A";"3151";"Supinated Pulldown";"W";"50.0";"7";"";"";"";"";""
"399";"2026-03-04 05:14:26";"Pull A";"3151";"Supinated Pulldown";"Rest Timer";"";"";"";"";"30.0";"";""
"399";"2026-03-04 05:14:26";"Pull A";"3151";"Supinated Pulldown";"1";"65.0";"7";"";"";"";"";""
"399";"2026-03-04 05:14:26";"Pull A";"3151";"Supinated Pulldown";"Rest Timer";"";"";"";"";"120.0";"";""
"399";"2026-03-04 05:14:26";"Pull A";"3151";"Supinated Pulldown";"2";"65.0";"7";"";"";"";"";""
"399";"2026-03-04 05:14:26";"Pull A";"3151";"Supinated Pulldown";"Rest Timer";"";"";"";"";"60.0";"";""
"399";"2026-03-04 05:14:26";"Pull A";"3151";"Supinated Pulldown";"3";"65.0";"7";"";"";"";"";""
"399";"2026-03-04 05:14:26";"Pull A";"3151";"Supinated Pulldown";"Rest Timer";"";"";"";"";"60.0";"";""
"399";"2026-03-04 05:14:26";"Pull A";"3151";"Seated Row (Cable)";"W";"65.0";"7";"";"";"";"";""
"399";"2026-03-04 05:14:26";"Pull A";"3151";"Seated Row (Cable)";"1";"87.5";"7";"";"";"";"";""
"399";"2026-03-04 05:14:26";"Pull A";"3151";"Seated Row (Cable)";"Rest Timer";"";"";"";"";"60.0";"";""
"399";"2026-03-04 05:14:26";"Pull A";"3151";"Seated Row (Cable)";"2";"87.5";"7";"";"";"";"";""
"399";"2026-03-04 05:14:26";"Pull A";"3151";"Seated Row (Cable)";"Rest Timer";"";"";"";"";"60.0";"";""
"399";"2026-03-04 05:14:26";"Pull A";"3151";"Seated Row (Cable)";"3";"87.5";"10";"";"";"";"";""
"399";"2026-03-04 05:14:26";"Pull A";"3151";"Seated Row (Cable)";"Rest Timer";"";"";"";"";"60.0";"";""
"399";"2026-03-04 05:14:26";"Pull A";"3151";"Pullover Seated Rope Cable ";"1";"25.0";"12";"";"";"";"";""
"399";"2026-03-04 05:14:26";"Pull A";"3151";"Pullover Seated Rope Cable ";"Rest Timer";"";"";"";"";"120.0";"";""
"399";"2026-03-04 05:14:26";"Pull A";"3151";"Pullover Seated Rope Cable ";"2";"27.5";"12";"";"";"";"";""
"399";"2026-03-04 05:14:26";"Pull A";"3151";"Pullover Seated Rope Cable ";"Rest Timer";"";"";"";"";"60.0";"";""
"399";"2026-03-04 05:14:26";"Pull A";"3151";"Pullover Seated Rope Cable ";"3";"30.0";"15";"";"";"";"";""
"399";"2026-03-04 05:14:26";"Pull A";"3151";"Pullover Seated Rope Cable ";"Rest Timer";"";"";"";"";"60.0";"";""
"399";"2026-03-04 05:14:26";"Pull A";"3151";"Chest Supported Face Pull";"1";"15.0";"12";"";"";"";"";""
"399";"2026-03-04 05:14:26";"Pull A";"3151";"Chest Supported Face Pull";"Rest Timer";"";"";"";"";"60.0";"";""
"399";"2026-03-04 05:14:26";"Pull A";"3151";"Chest Supported Face Pull";"2";"18.75";"12";"";"";"";"";""
"399";"2026-03-04 05:14:26";"Pull A";"3151";"Chest Supported Face Pull";"Rest Timer";"";"";"";"";"60.0";"";""
"399";"2026-03-04 05:14:26";"Pull A";"3151";"Chest Supported Face Pull";"3";"20.0";"15";"";"";"";"";""
"399";"2026-03-04 05:14:26";"Pull A";"3151";"Chest Supported Face Pull";"Rest Timer";"";"";"";"";"60.0";"";""
"399";"2026-03-04 05:14:26";"Pull A";"3151";"Bayesian Cable Curl";"Note";"";"";"";"";"";"4 controlled negatived";""
"399";"2026-03-04 05:14:26";"Pull A";"3151";"Bayesian Cable Curl";"1";"13.75";"12";"";"";"";"";""
"399";"2026-03-04 05:14:26";"Pull A";"3151";"Bayesian Cable Curl";"Rest Timer";"";"";"";"";"60.0";"";""
"399";"2026-03-04 05:14:26";"Pull A";"3151";"Bayesian Cable Curl";"2";"13.75";"12";"";"";"";"";""
"399";"2026-03-04 05:14:26";"Pull A";"3151";"Bayesian Cable Curl";"Rest Timer";"";"";"";"";"60.0";"";""
"399";"2026-03-04 05:14:26";"Pull A";"3151";"Bayesian Cable Curl";"3";"13.75";"12";"";"";"";"";""
"399";"2026-03-04 05:14:26";"Pull A";"3151";"Bayesian Cable Curl";"Rest Timer";"";"";"";"";"60.0";"";""
"400";"2026-03-05 05:18:56";"Push A";"3745";"Squat (Barbell)";"W";"0.0";"5";"";"";"";"";""
"400";"2026-03-05 05:18:56";"Push A";"3745";"Squat (Barbell)";"W";"50.0";"5";"";"";"";"";""
"400";"2026-03-05 05:18:56";"Push A";"3745";"Squat (Barbell)";"1";"85.0";"5";"";"";"";"";""
"400";"2026-03-05 05:18:56";"Push A";"3745";"Squat (Barbell)";"Rest Timer";"";"";"";"";"60.0";"";""
"400";"2026-03-05 05:18:56";"Push A";"3745";"Squat (Barbell)";"2";"87.5";"5";"";"";"";"";""
"400";"2026-03-05 05:18:56";"Push A";"3745";"Squat (Barbell)";"Rest Timer";"";"";"";"";"60.0";"";""
"400";"2026-03-05 05:18:56";"Push A";"3745";"Squat (Barbell)";"3";"87.5";"5";"";"";"";"";""
"400";"2026-03-05 05:18:56";"Push A";"3745";"Squat (Barbell)";"Rest Timer";"";"";"";"";"60.0";"";""
"400";"2026-03-05 05:18:56";"Push A";"3745";"Incline Bench Press (Barbell)";"W";"0.0";"5";"";"";"";"";""
"400";"2026-03-05 05:18:56";"Push A";"3745";"Incline Bench Press (Barbell)";"W";"30.0";"5";"";"";"";"";""
"400";"2026-03-05 05:18:56";"Push A";"3745";"Incline Bench Press (Barbell)";"1";"52.5";"5";"";"";"";"";""
"400";"2026-03-05 05:18:56";"Push A";"3745";"Incline Bench Press (Barbell)";"Rest Timer";"";"";"";"";"60.0";"";""
"400";"2026-03-05 05:18:56";"Push A";"3745";"Incline Bench Press (Barbell)";"2";"55.0";"5";"";"";"";"";""
"400";"2026-03-05 05:18:56";"Push A";"3745";"Incline Bench Press (Barbell)";"Rest Timer";"";"";"";"";"60.0";"";""
"400";"2026-03-05 05:18:56";"Push A";"3745";"Incline Bench Press (Barbell)";"3";"57.5";"5";"";"";"";"";""
"400";"2026-03-05 05:18:56";"Push A";"3745";"Incline Bench Press (Barbell)";"Rest Timer";"";"";"";"";"60.0";"";""
"400";"2026-03-05 05:18:56";"Push A";"3745";"Overhead Press (Barbell)";"1";"35.0";"5";"";"";"";"";""
"400";"2026-03-05 05:18:56";"Push A";"3745";"Overhead Press (Barbell)";"Rest Timer";"";"";"";"";"120.0";"";""
"400";"2026-03-05 05:18:56";"Push A";"3745";"Overhead Press (Barbell)";"2";"35.0";"5";"";"";"";"";""
"400";"2026-03-05 05:18:56";"Push A";"3745";"Overhead Press (Barbell)";"Rest Timer";"";"";"";"";"60.0";"";""
"400";"2026-03-05 05:18:56";"Push A";"3745";"Overhead Press (Barbell)";"3";"35.0";"7";"";"";"";"";""
"400";"2026-03-05 05:18:56";"Push A";"3745";"Overhead Press (Barbell)";"Rest Timer";"";"";"";"";"60.0";"";""
"400";"2026-03-05 05:18:56";"Push A";"3745";"Chest Flies Cable Seated Heavy";"Note";"";"";"";"";"";"Got fatigued, did negatives";""
"400";"2026-03-05 05:18:56";"Push A";"3745";"Chest Flies Cable Seated Heavy";"1";"15.0";"12";"";"";"";"";""
"400";"2026-03-05 05:18:56";"Push A";"3745";"Chest Flies Cable Seated Heavy";"Rest Timer";"";"";"";"";"60.0";"";""
"400";"2026-03-05 05:18:56";"Push A";"3745";"Chest Flies Cable Seated Heavy";"2";"15.0";"12";"";"";"";"";""
"400";"2026-03-05 05:18:56";"Push A";"3745";"Chest Flies Cable Seated Heavy";"Rest Timer";"";"";"";"";"60.0";"";""
"400";"2026-03-05 05:18:56";"Push A";"3745";"Chest Flies Cable Seated Heavy";"3";"15.0";"12";"";"";"";"";""
"400";"2026-03-05 05:18:56";"Push A";"3745";"Chest Flies Cable Seated Heavy";"Rest Timer";"";"";"";"";"60.0";"";""
"400";"2026-03-05 05:18:56";"Push A";"3745";"Lateral Raise (Cable)";"Note";"";"";"";"";"";"1 negative";""
"400";"2026-03-05 05:18:56";"Push A";"3745";"Lateral Raise (Cable)";"1";"1.25";"12";"";"";"";"";""
"400";"2026-03-05 05:18:56";"Push A";"3745";"Lateral Raise (Cable)";"Rest Timer";"";"";"";"";"30.0";"";""
"400";"2026-03-05 05:18:56";"Push A";"3745";"Lateral Raise (Cable)";"2";"1.25";"12";"";"";"";"";""
"400";"2026-03-05 05:18:56";"Push A";"3745";"Lateral Raise (Cable)";"Rest Timer";"";"";"";"";"30.0";"";""
"400";"2026-03-05 05:18:56";"Push A";"3745";"Lateral Raise (Cable)";"3";"1.25";"15";"";"";"";"";""
"400";"2026-03-05 05:18:56";"Push A";"3745";"Lateral Raise (Cable)";"Rest Timer";"";"";"";"";"30.0";"";""
"400";"2026-03-05 05:18:56";"Push A";"3745";"Tricep Extension Cable Overhead";"Note";"";"";"";"";"";"I messed this up, I should've done 40";""
"400";"2026-03-05 05:18:56";"Push A";"3745";"Tricep Extension Cable Overhead";"1";"40.0";"12";"";"";"";"";""
"400";"2026-03-05 05:18:56";"Push A";"3745";"Tricep Extension Cable Overhead";"Rest Timer";"";"";"";"";"60.0";"";""
"400";"2026-03-05 05:18:56";"Push A";"3745";"Tricep Extension Cable Overhead";"2";"42.5";"12";"";"";"";"";""
"400";"2026-03-05 05:18:56";"Push A";"3745";"Tricep Extension Cable Overhead";"Rest Timer";"";"";"";"";"60.0";"";""
"400";"2026-03-05 05:18:56";"Push A";"3745";"Tricep Extension Cable Overhead";"3";"42.5";"12";"";"";"";"";""
"400";"2026-03-05 05:18:56";"Push A";"3745";"Tricep Extension Cable Overhead";"Rest Timer";"";"";"";"";"60.0";"";""
"401";"2026-03-06 05:11:56";"Pull B Temp";"3152";"Lat Pulldown Overhand Grip";"W";"20.0";"10";"";"";"";"";""
"401";"2026-03-06 05:11:56";"Pull B Temp";"3152";"Lat Pulldown Overhand Grip";"1";"40.0";"7";"";"";"";"";""
"401";"2026-03-06 05:11:56";"Pull B Temp";"3152";"Lat Pulldown Overhand Grip";"Rest Timer";"";"";"";"";"60.0";"";""
"401";"2026-03-06 05:11:56";"Pull B Temp";"3152";"Lat Pulldown Overhand Grip";"2";"50.0";"7";"";"";"";"";""
"401";"2026-03-06 05:11:56";"Pull B Temp";"3152";"Lat Pulldown Overhand Grip";"Rest Timer";"";"";"";"";"60.0";"";""
"401";"2026-03-06 05:11:56";"Pull B Temp";"3152";"Lat Pulldown Overhand Grip";"3";"50.0";"7";"";"";"";"";""
"401";"2026-03-06 05:11:56";"Pull B Temp";"3152";"Low Cable Row Neutral Grip";"1";"90.0";"7";"";"";"";"";""
"401";"2026-03-06 05:11:56";"Pull B Temp";"3152";"Low Cable Row Neutral Grip";"Rest Timer";"";"";"";"";"60.0";"";""
"401";"2026-03-06 05:11:56";"Pull B Temp";"3152";"Low Cable Row Neutral Grip";"2";"90.0";"7";"";"";"";"";""
"401";"2026-03-06 05:11:56";"Pull B Temp";"3152";"Low Cable Row Neutral Grip";"Rest Timer";"";"";"";"";"60.0";"";""
"401";"2026-03-06 05:11:56";"Pull B Temp";"3152";"Low Cable Row Neutral Grip";"3";"95.0";"7";"";"";"";"";""
"401";"2026-03-06 05:11:56";"Pull B Temp";"3152";"Barbell Row Underhand Grip";"W";"0.0";"7";"";"";"";"";""
"401";"2026-03-06 05:11:56";"Pull B Temp";"3152";"Barbell Row Underhand Grip";"1";"30.0";"7";"";"";"";"";""
"401";"2026-03-06 05:11:56";"Pull B Temp";"3152";"Barbell Row Underhand Grip";"Rest Timer";"";"";"";"";"60.0";"";""
"401";"2026-03-06 05:11:56";"Pull B Temp";"3152";"Barbell Row Underhand Grip";"2";"30.0";"7";"";"";"";"";""
"401";"2026-03-06 05:11:56";"Pull B Temp";"3152";"Barbell Row Underhand Grip";"Rest Timer";"";"";"";"";"60.0";"";""
"401";"2026-03-06 05:11:56";"Pull B Temp";"3152";"Barbell Row Underhand Grip";"3";"30.0";"7";"";"";"";"";""
"401";"2026-03-06 05:11:56";"Pull B Temp";"3152";"Pullover Seated Rope Cable ";"1";"30.0";"12";"";"";"";"";""
"401";"2026-03-06 05:11:56";"Pull B Temp";"3152";"Pullover Seated Rope Cable ";"Rest Timer";"";"";"";"";"60.0";"";""
"401";"2026-03-06 05:11:56";"Pull B Temp";"3152";"Pullover Seated Rope Cable ";"2";"30.0";"12";"";"";"";"";""
"401";"2026-03-06 05:11:56";"Pull B Temp";"3152";"Pullover Seated Rope Cable ";"Rest Timer";"";"";"";"";"60.0";"";""
"401";"2026-03-06 05:11:56";"Pull B Temp";"3152";"Pullover Seated Rope Cable ";"3";"32.5";"12";"";"";"";"";""
"401";"2026-03-06 05:11:56";"Pull B Temp";"3152";"Pullover Seated Rope Cable ";"Rest Timer";"";"";"";"";"60.0";"";""
"401";"2026-03-06 05:11:56";"Pull B Temp";"3152";"Chest Supported Face Pull";"1";"15.0";"12";"";"";"";"";""
"401";"2026-03-06 05:11:56";"Pull B Temp";"3152";"Chest Supported Face Pull";"Rest Timer";"";"";"";"";"60.0";"";""
"401";"2026-03-06 05:11:56";"Pull B Temp";"3152";"Chest Supported Face Pull";"2";"20.0";"12";"";"";"";"";""
"401";"2026-03-06 05:11:56";"Pull B Temp";"3152";"Chest Supported Face Pull";"Rest Timer";"";"";"";"";"60.0";"";""
"401";"2026-03-06 05:11:56";"Pull B Temp";"3152";"Chest Supported Face Pull";"3";"22.5";"12";"";"";"";"";""
"401";"2026-03-06 05:11:56";"Pull B Temp";"3152";"Barbell Drag Curl";"1";"0.0";"12";"";"";"";"";""
"401";"2026-03-06 05:11:56";"Pull B Temp";"3152";"Barbell Drag Curl";"Rest Timer";"";"";"";"";"60.0";"";""
"401";"2026-03-06 05:11:56";"Pull B Temp";"3152";"Barbell Drag Curl";"2";"0.0";"10";"";"";"";"";""
"401";"2026-03-06 05:11:56";"Pull B Temp";"3152";"Barbell Drag Curl";"Rest Timer";"";"";"";"";"60.0";"";""
"401";"2026-03-06 05:11:56";"Pull B Temp";"3152";"Barbell Drag Curl";"3";"0.0";"8";"";"";"";"";""
"402";"2026-03-07 22:09:18";"Push A";"3673";"Squat (Barbell)";"W";"0.0";"5";"";"";"";"";""
"402";"2026-03-07 22:09:18";"Push A";"3673";"Squat (Barbell)";"W";"50.0";"5";"";"";"";"";""
"402";"2026-03-07 22:09:18";"Push A";"3673";"Squat (Barbell)";"1";"90.0";"5";"";"";"";"";""
"402";"2026-03-07 22:09:18";"Push A";"3673";"Squat (Barbell)";"Rest Timer";"";"";"";"";"60.0";"";""
"402";"2026-03-07 22:09:18";"Push A";"3673";"Squat (Barbell)";"2";"90.0";"5";"";"";"";"";""
"402";"2026-03-07 22:09:18";"Push A";"3673";"Squat (Barbell)";"Rest Timer";"";"";"";"";"60.0";"";""
"402";"2026-03-07 22:09:18";"Push A";"3673";"Squat (Barbell)";"3";"90.0";"5";"";"";"";"";""
"402";"2026-03-07 22:09:18";"Push A";"3673";"Incline Bench Press (Barbell)";"W";"0.0";"5";"";"";"";"";""
"402";"2026-03-07 22:09:18";"Push A";"3673";"Incline Bench Press (Barbell)";"W";"30.0";"5";"";"";"";"";""
"402";"2026-03-07 22:09:18";"Push A";"3673";"Incline Bench Press (Barbell)";"1";"57.5";"5";"";"";"";"";""
"402";"2026-03-07 22:09:18";"Push A";"3673";"Incline Bench Press (Barbell)";"Rest Timer";"";"";"";"";"60.0";"";""
"402";"2026-03-07 22:09:18";"Push A";"3673";"Incline Bench Press (Barbell)";"2";"57.5";"5";"";"";"";"";""
"402";"2026-03-07 22:09:18";"Push A";"3673";"Incline Bench Press (Barbell)";"Rest Timer";"";"";"";"";"60.0";"";""
"402";"2026-03-07 22:09:18";"Push A";"3673";"Incline Bench Press (Barbell)";"3";"57.5";"5";"";"";"";"";""
"402";"2026-03-07 22:09:18";"Push A";"3673";"Overhead Press (Barbell)";"1";"35.0";"5";"";"";"";"";""
"402";"2026-03-07 22:09:18";"Push A";"3673";"Overhead Press (Barbell)";"Rest Timer";"";"";"";"";"120.0";"";""
"402";"2026-03-07 22:09:18";"Push A";"3673";"Overhead Press (Barbell)";"2";"35.0";"5";"";"";"";"";""
"402";"2026-03-07 22:09:18";"Push A";"3673";"Overhead Press (Barbell)";"Rest Timer";"";"";"";"";"60.0";"";""
"402";"2026-03-07 22:09:18";"Push A";"3673";"Overhead Press (Barbell)";"3";"35.0";"7";"";"";"";"";""
"402";"2026-03-07 22:09:18";"Push A";"3673";"Chest Flies Cable Seated Heavy";"Note";"";"";"";"";"";"Got fatigued, did negatives";""
"402";"2026-03-07 22:09:18";"Push A";"3673";"Chest Flies Cable Seated Heavy";"1";"15.0";"12";"";"";"";"";""
"402";"2026-03-07 22:09:18";"Push A";"3673";"Chest Flies Cable Seated Heavy";"Rest Timer";"";"";"";"";"60.0";"";""
"402";"2026-03-07 22:09:18";"Push A";"3673";"Chest Flies Cable Seated Heavy";"2";"15.0";"12";"";"";"";"";""
"402";"2026-03-07 22:09:18";"Push A";"3673";"Chest Flies Cable Seated Heavy";"Rest Timer";"";"";"";"";"60.0";"";""
"402";"2026-03-07 22:09:18";"Push A";"3673";"Chest Flies Cable Seated Heavy";"3";"15.0";"12";"";"";"";"";""
"402";"2026-03-07 22:09:18";"Push A";"3673";"Lateral Raise (Cable)";"Note";"";"";"";"";"";"1 negative";""
"402";"2026-03-07 22:09:18";"Push A";"3673";"Lateral Raise (Cable)";"1";"1.25";"12";"";"";"";"";""
"402";"2026-03-07 22:09:18";"Push A";"3673";"Lateral Raise (Cable)";"Rest Timer";"";"";"";"";"30.0";"";""
"402";"2026-03-07 22:09:18";"Push A";"3673";"Lateral Raise (Cable)";"2";"1.25";"12";"";"";"";"";""
"402";"2026-03-07 22:09:18";"Push A";"3673";"Lateral Raise (Cable)";"Rest Timer";"";"";"";"";"30.0";"";""
"402";"2026-03-07 22:09:18";"Push A";"3673";"Lateral Raise (Cable)";"3";"2.5";"13";"";"";"";"";""
"402";"2026-03-07 22:09:18";"Push A";"3673";"Tricep Extension Cable Overhead";"Note";"";"";"";"";"";"I messed this up, I should've done 40";""
"402";"2026-03-07 22:09:18";"Push A";"3673";"Tricep Extension Cable Overhead";"1";"42.5";"12";"";"";"";"";""
"402";"2026-03-07 22:09:18";"Push A";"3673";"Tricep Extension Cable Overhead";"Rest Timer";"";"";"";"";"60.0";"";""
"402";"2026-03-07 22:09:18";"Push A";"3673";"Tricep Extension Cable Overhead";"2";"42.5";"12";"";"";"";"";""
"402";"2026-03-07 22:09:18";"Push A";"3673";"Tricep Extension Cable Overhead";"Rest Timer";"";"";"";"";"60.0";"";""
"402";"2026-03-07 22:09:18";"Push A";"3673";"Tricep Extension Cable Overhead";"3";"42.5";"14";"";"";"";"";""
"403";"2026-03-09 10:41:59";"Pull A Temp";"3314";"Barbell Row Overhand Grip";"Note";"";"";"";"";"";"Inhale at the bottom, hold, lift, exhale the lower";""
"403";"2026-03-09 10:41:59";"Pull A Temp";"3314";"Barbell Row Overhand Grip";"1";"37.5";"7";"";"";"";"";""
"403";"2026-03-09 10:41:59";"Pull A Temp";"3314";"Barbell Row Overhand Grip";"Rest Timer";"";"";"";"";"60.0";"";""
"403";"2026-03-09 10:41:59";"Pull A Temp";"3314";"Barbell Row Overhand Grip";"2";"37.5";"7";"";"";"";"";""
"403";"2026-03-09 10:41:59";"Pull A Temp";"3314";"Barbell Row Overhand Grip";"Rest Timer";"";"";"";"";"60.0";"";""
"403";"2026-03-09 10:41:59";"Pull A Temp";"3314";"Barbell Row Overhand Grip";"3";"37.5";"7";"";"";"";"";""
"403";"2026-03-09 10:41:59";"Pull A Temp";"3314";"Lat Pulldown Neutral Grip";"1";"70.0";"7";"";"";"";"";""
"403";"2026-03-09 10:41:59";"Pull A Temp";"3314";"Lat Pulldown Neutral Grip";"Rest Timer";"";"";"";"";"60.0";"";""
"403";"2026-03-09 10:41:59";"Pull A Temp";"3314";"Lat Pulldown Neutral Grip";"2";"70.0";"7";"";"";"";"";""
"403";"2026-03-09 10:41:59";"Pull A Temp";"3314";"Lat Pulldown Neutral Grip";"Rest Timer";"";"";"";"";"60.0";"";""
"403";"2026-03-09 10:41:59";"Pull A Temp";"3314";"Lat Pulldown Neutral Grip";"3";"75.0";"7";"";"";"";"";""
"403";"2026-03-09 10:41:59";"Pull A Temp";"3314";"Lat Pulldown Neutral Grip";"Rest Timer";"";"";"";"";"60.0";"";""
"403";"2026-03-09 10:41:59";"Pull A Temp";"3314";"Low Cable Row Underhand Grip";"1";"75.0";"7";"";"";"";"";""
"403";"2026-03-09 10:41:59";"Pull A Temp";"3314";"Low Cable Row Underhand Grip";"Rest Timer";"";"";"";"";"60.0";"";""
"403";"2026-03-09 10:41:59";"Pull A Temp";"3314";"Low Cable Row Underhand Grip";"2";"80.0";"7";"";"";"";"";""
"403";"2026-03-09 10:41:59";"Pull A Temp";"3314";"Low Cable Row Underhand Grip";"Rest Timer";"";"";"";"";"60.0";"";""
"403";"2026-03-09 10:41:59";"Pull A Temp";"3314";"Low Cable Row Underhand Grip";"3";"85.0";"9";"";"";"";"";""
"403";"2026-03-09 10:41:59";"Pull A Temp";"3314";"Pullover Seated Rope Cable ";"1";"32.5";"12";"";"";"";"";""
"403";"2026-03-09 10:41:59";"Pull A Temp";"3314";"Pullover Seated Rope Cable ";"Rest Timer";"";"";"";"";"60.0";"";""
"403";"2026-03-09 10:41:59";"Pull A Temp";"3314";"Pullover Seated Rope Cable ";"2";"32.5";"12";"";"";"";"";""
"403";"2026-03-09 10:41:59";"Pull A Temp";"3314";"Pullover Seated Rope Cable ";"Rest Timer";"";"";"";"";"60.0";"";""
"403";"2026-03-09 10:41:59";"Pull A Temp";"3314";"Pullover Seated Rope Cable ";"3";"35.0";"14";"";"";"";"";""
"403";"2026-03-09 10:41:59";"Pull A Temp";"3314";"Chest Supported Face Pull";"1";"20.0";"12";"";"";"";"";""
"403";"2026-03-09 10:41:59";"Pull A Temp";"3314";"Chest Supported Face Pull";"Rest Timer";"";"";"";"";"60.0";"";""
"403";"2026-03-09 10:41:59";"Pull A Temp";"3314";"Chest Supported Face Pull";"2";"22.5";"12";"";"";"";"";""
"403";"2026-03-09 10:41:59";"Pull A Temp";"3314";"Chest Supported Face Pull";"Rest Timer";"";"";"";"";"60.0";"";""
"403";"2026-03-09 10:41:59";"Pull A Temp";"3314";"Chest Supported Face Pull";"3";"22.5";"12";"";"";"";"";""
"403";"2026-03-09 10:41:59";"Pull A Temp";"3314";"Bayesian Cable Curl";"Note";"";"";"";"";"";"Dropped weight to get used to single arm reps";""
"403";"2026-03-09 10:41:59";"Pull A Temp";"3314";"Bayesian Cable Curl";"1";"13.75";"12";"";"";"";"";""
"403";"2026-03-09 10:41:59";"Pull A Temp";"3314";"Bayesian Cable Curl";"Rest Timer";"";"";"";"";"60.0";"";""
"403";"2026-03-09 10:41:59";"Pull A Temp";"3314";"Bayesian Cable Curl";"2";"10.0";"12";"";"";"";"";""
"403";"2026-03-09 10:41:59";"Pull A Temp";"3314";"Bayesian Cable Curl";"Rest Timer";"";"";"";"";"60.0";"";""
"403";"2026-03-09 10:41:59";"Pull A Temp";"3314";"Bayesian Cable Curl";"3";"10.0";"12";"";"";"";"";""
"404";"2026-03-10 05:01:20";"Push B Temp";"4064";"Squat (Smith Machine)";"W";"50.0";"5";"";"";"";"";""
"404";"2026-03-10 05:01:20";"Push B Temp";"4064";"Squat (Smith Machine)";"1";"90.0";"5";"";"";"";"";""
"404";"2026-03-10 05:01:20";"Push B Temp";"4064";"Squat (Smith Machine)";"Rest Timer";"";"";"";"";"60.0";"";""
"404";"2026-03-10 05:01:20";"Push B Temp";"4064";"Squat (Smith Machine)";"2";"90.0";"5";"";"";"";"";""
"404";"2026-03-10 05:01:20";"Push B Temp";"4064";"Squat (Smith Machine)";"Rest Timer";"";"";"";"";"60.0";"";""
"404";"2026-03-10 05:01:20";"Push B Temp";"4064";"Squat (Smith Machine)";"3";"92.5";"5";"";"";"";"";""
"404";"2026-03-10 05:01:20";"Push B Temp";"4064";"Incline Bench Press (Smith Machine)";"1";"60.0";"5";"";"";"";"";""
"404";"2026-03-10 05:01:20";"Push B Temp";"4064";"Incline Bench Press (Smith Machine)";"Rest Timer";"";"";"";"";"60.0";"";""
"404";"2026-03-10 05:01:20";"Push B Temp";"4064";"Incline Bench Press (Smith Machine)";"2";"60.0";"5";"";"";"";"";""
"404";"2026-03-10 05:01:20";"Push B Temp";"4064";"Incline Bench Press (Smith Machine)";"Rest Timer";"";"";"";"";"60.0";"";""
"404";"2026-03-10 05:01:20";"Push B Temp";"4064";"Incline Bench Press (Smith Machine)";"3";"65.0";"5";"";"";"";"";""
"404";"2026-03-10 05:01:20";"Push B Temp";"4064";"Overhead Press (Smith Machine)";"W";"0.0";"5";"";"";"";"";""
"404";"2026-03-10 05:01:20";"Push B Temp";"4064";"Overhead Press (Smith Machine)";"1";"37.5";"5";"";"";"";"";""
"404";"2026-03-10 05:01:20";"Push B Temp";"4064";"Overhead Press (Smith Machine)";"Rest Timer";"";"";"";"";"60.0";"";""
"404";"2026-03-10 05:01:20";"Push B Temp";"4064";"Overhead Press (Smith Machine)";"2";"37.5";"5";"";"";"";"";""
"404";"2026-03-10 05:01:20";"Push B Temp";"4064";"Overhead Press (Smith Machine)";"Rest Timer";"";"";"";"";"60.0";"";""
"404";"2026-03-10 05:01:20";"Push B Temp";"4064";"Overhead Press (Smith Machine)";"3";"40.0";"8";"";"";"";"";""
"404";"2026-03-10 05:01:20";"Push B Temp";"4064";"Decline Cable Chest Fly";"1";"15.0";"12";"";"";"";"";""
"404";"2026-03-10 05:01:20";"Push B Temp";"4064";"Decline Cable Chest Fly";"Rest Timer";"";"";"";"";"60.0";"";""
"404";"2026-03-10 05:01:20";"Push B Temp";"4064";"Decline Cable Chest Fly";"2";"16.25";"12";"";"";"";"";""
"404";"2026-03-10 05:01:20";"Push B Temp";"4064";"Decline Cable Chest Fly";"Rest Timer";"";"";"";"";"60.0";"";""
"404";"2026-03-10 05:01:20";"Push B Temp";"4064";"Decline Cable Chest Fly";"3";"16.25";"12";"";"";"";"";""
"404";"2026-03-10 05:01:20";"Push B Temp";"4064";"Lateral Raise (Cable)";"Note";"";"";"";"";"";"Struggled last set last rep";""
"404";"2026-03-10 05:01:20";"Push B Temp";"4064";"Lateral Raise (Cable)";"1";"2.5";"12";"";"";"";"";""
"404";"2026-03-10 05:01:20";"Push B Temp";"4064";"Lateral Raise (Cable)";"Rest Timer";"";"";"";"";"30.0";"";""
"404";"2026-03-10 05:01:20";"Push B Temp";"4064";"Lateral Raise (Cable)";"2";"2.5";"12";"";"";"";"";""
"404";"2026-03-10 05:01:20";"Push B Temp";"4064";"Lateral Raise (Cable)";"Rest Timer";"";"";"";"";"30.0";"";""
"404";"2026-03-10 05:01:20";"Push B Temp";"4064";"Lateral Raise (Cable)";"3";"2.5";"12";"";"";"";"";""
"404";"2026-03-10 05:01:20";"Push B Temp";"4064";"Tricep Extension Cable Overhead";"Note";"";"";"";"";"";"Fatigued on last, took more rest";""
"404";"2026-03-10 05:01:20";"Push B Temp";"4064";"Tricep Extension Cable Overhead";"1";"45.0";"12";"";"";"";"";""
"404";"2026-03-10 05:01:20";"Push B Temp";"4064";"Tricep Extension Cable Overhead";"Rest Timer";"";"";"";"";"60.0";"";""
"404";"2026-03-10 05:01:20";"Push B Temp";"4064";"Tricep Extension Cable Overhead";"2";"45.0";"12";"";"";"";"";""
"404";"2026-03-10 05:01:20";"Push B Temp";"4064";"Tricep Extension Cable Overhead";"Rest Timer";"";"";"";"";"60.0";"";""
"404";"2026-03-10 05:01:20";"Push B Temp";"4064";"Tricep Extension Cable Overhead";"3";"45.0";"12";"";"";"";"";""
"405";"2026-03-11 05:14:13";"Pull B";"3643";"Lat Pulldown Overhand Grip";"1";"70.0";"7";"";"";"";"";""
"405";"2026-03-11 05:14:13";"Pull B";"3643";"Lat Pulldown Overhand Grip";"Rest Timer";"";"";"";"";"60.0";"";""
"405";"2026-03-11 05:14:13";"Pull B";"3643";"Lat Pulldown Overhand Grip";"2";"70.0";"7";"";"";"";"";""
"405";"2026-03-11 05:14:13";"Pull B";"3643";"Lat Pulldown Overhand Grip";"Rest Timer";"";"";"";"";"60.0";"";""
"405";"2026-03-11 05:14:13";"Pull B";"3643";"Lat Pulldown Overhand Grip";"3";"70.0";"7";"";"";"";"";""
"405";"2026-03-11 05:14:13";"Pull B";"3643";"Low Cable Row Neutral Grip";"1";"95.0";"7";"";"";"";"";""
"405";"2026-03-11 05:14:13";"Pull B";"3643";"Low Cable Row Neutral Grip";"Rest Timer";"";"";"";"";"60.0";"";""
"405";"2026-03-11 05:14:13";"Pull B";"3643";"Low Cable Row Neutral Grip";"2";"95.0";"7";"";"";"";"";""
"405";"2026-03-11 05:14:13";"Pull B";"3643";"Low Cable Row Neutral Grip";"Rest Timer";"";"";"";"";"60.0";"";""
"405";"2026-03-11 05:14:13";"Pull B";"3643";"Low Cable Row Neutral Grip";"3";"95.0";"7";"";"";"";"";""
"405";"2026-03-11 05:14:13";"Pull B";"3643";"Jammer Arm Rows Underhand Grip";"1";"15.0";"7";"";"";"";"";""
"405";"2026-03-11 05:14:13";"Pull B";"3643";"Jammer Arm Rows Underhand Grip";"Rest Timer";"";"";"";"";"60.0";"";""
"405";"2026-03-11 05:14:13";"Pull B";"3643";"Jammer Arm Rows Underhand Grip";"2";"20.0";"7";"";"";"";"";""
"405";"2026-03-11 05:14:13";"Pull B";"3643";"Jammer Arm Rows Underhand Grip";"Rest Timer";"";"";"";"";"60.0";"";""
"405";"2026-03-11 05:14:13";"Pull B";"3643";"Jammer Arm Rows Underhand Grip";"3";"22.5";"7";"";"";"";"";""
"405";"2026-03-11 05:14:13";"Pull B";"3643";"Pullover Seated Rope Cable ";"1";"35.0";"12";"";"";"";"";""
"405";"2026-03-11 05:14:13";"Pull B";"3643";"Pullover Seated Rope Cable ";"Rest Timer";"";"";"";"";"60.0";"";""
"405";"2026-03-11 05:14:13";"Pull B";"3643";"Pullover Seated Rope Cable ";"2";"37.5";"12";"";"";"";"";""
"405";"2026-03-11 05:14:13";"Pull B";"3643";"Pullover Seated Rope Cable ";"Rest Timer";"";"";"";"";"60.0";"";""
"405";"2026-03-11 05:14:13";"Pull B";"3643";"Pullover Seated Rope Cable ";"3";"40.0";"12";"";"";"";"";""
"405";"2026-03-11 05:14:13";"Pull B";"3643";"Pullover Seated Rope Cable ";"Rest Timer";"";"";"";"";"60.0";"";""
"405";"2026-03-11 05:14:13";"Pull B";"3643";"Chest Supported Face Pull";"1";"25.0";"12";"";"";"";"";""
"405";"2026-03-11 05:14:13";"Pull B";"3643";"Chest Supported Face Pull";"Rest Timer";"";"";"";"";"60.0";"";""
"405";"2026-03-11 05:14:13";"Pull B";"3643";"Chest Supported Face Pull";"2";"25.0";"12";"";"";"";"";""
"405";"2026-03-11 05:14:13";"Pull B";"3643";"Chest Supported Face Pull";"Rest Timer";"";"";"";"";"60.0";"";""
"405";"2026-03-11 05:14:13";"Pull B";"3643";"Chest Supported Face Pull";"3";"25.0";"12";"";"";"";"";""
"405";"2026-03-11 05:14:13";"Pull B";"3643";"Chest Supported Face Pull";"Rest Timer";"";"";"";"";"60.0";"";""
"405";"2026-03-11 05:14:13";"Pull B";"3643";"Cable Drag Curl";"1";"2.5";"12";"";"";"";"";""
"405";"2026-03-11 05:14:13";"Pull B";"3643";"Cable Drag Curl";"Rest Timer";"";"";"";"";"60.0";"";""
"405";"2026-03-11 05:14:13";"Pull B";"3643";"Cable Drag Curl";"2";"2.5";"12";"";"";"";"";""
"405";"2026-03-11 05:14:13";"Pull B";"3643";"Cable Drag Curl";"Rest Timer";"";"";"";"";"60.0";"";""
"405";"2026-03-11 05:14:13";"Pull B";"3643";"Cable Drag Curl";"3";"2.5";"12";"";"";"";"";""
"406";"2026-03-12 11:39:53";"Push";"4020";"Squat (Barbell)";"W";"0.0";"5";"";"";"";"";""
"406";"2026-03-12 11:39:53";"Push";"4020";"Squat (Barbell)";"W";"0.0";"5";"";"";"";"";""
"406";"2026-03-12 11:39:53";"Push";"4020";"Squat (Barbell)";"1";"90.0";"4";"";"";"";"";""
"406";"2026-03-12 11:39:53";"Push";"4020";"Squat (Barbell)";"Rest Timer";"";"";"";"";"60.0";"";""
"406";"2026-03-12 11:39:53";"Push";"4020";"Squat (Barbell)";"2";"90.0";"5";"";"";"";"";""
"406";"2026-03-12 11:39:53";"Push";"4020";"Squat (Barbell)";"Rest Timer";"";"";"";"";"60.0";"";""
"406";"2026-03-12 11:39:53";"Push";"4020";"Squat (Barbell)";"3";"95.0";"6";"";"";"";"";""
"406";"2026-03-12 11:39:53";"Push";"4020";"Squat (Barbell)";"Rest Timer";"";"";"";"";"60.0";"";""
"406";"2026-03-12 11:39:53";"Push";"4020";"Incline Bench Press (Barbell)";"W";"0.0";"5";"";"";"";"";""
"406";"2026-03-12 11:39:53";"Push";"4020";"Incline Bench Press (Barbell)";"W";"0.0";"5";"";"";"";"";""
"406";"2026-03-12 11:39:53";"Push";"4020";"Incline Bench Press (Barbell)";"1";"60.0";"5";"";"";"";"";""
"406";"2026-03-12 11:39:53";"Push";"4020";"Incline Bench Press (Barbell)";"Rest Timer";"";"";"";"";"60.0";"";""
"406";"2026-03-12 11:39:53";"Push";"4020";"Incline Bench Press (Barbell)";"2";"60.0";"5";"";"";"";"";""
"406";"2026-03-12 11:39:53";"Push";"4020";"Incline Bench Press (Barbell)";"Rest Timer";"";"";"";"";"60.0";"";""
"406";"2026-03-12 11:39:53";"Push";"4020";"Incline Bench Press (Barbell)";"3";"62.5";"5";"";"";"";"";""
"406";"2026-03-12 11:39:53";"Push";"4020";"Incline Bench Press (Barbell)";"Rest Timer";"";"";"";"";"60.0";"";""
"406";"2026-03-12 11:39:53";"Push";"4020";"Overhead Press (Smith Machine)";"W";"0.0";"5";"";"";"";"";""
"406";"2026-03-12 11:39:53";"Push";"4020";"Overhead Press (Smith Machine)";"1";"40.0";"5";"";"";"";"";""
"406";"2026-03-12 11:39:53";"Push";"4020";"Overhead Press (Smith Machine)";"Rest Timer";"";"";"";"";"60.0";"";""
"406";"2026-03-12 11:39:53";"Push";"4020";"Overhead Press (Smith Machine)";"2";"42.5";"5";"";"";"";"";""
"406";"2026-03-12 11:39:53";"Push";"4020";"Overhead Press (Smith Machine)";"Rest Timer";"";"";"";"";"60.0";"";""
"406";"2026-03-12 11:39:53";"Push";"4020";"Overhead Press (Smith Machine)";"3";"42.5";"6";"";"";"";"";""
"406";"2026-03-12 11:39:53";"Push";"4020";"Chest Flies Cable Seated Heavy";"Note";"";"";"";"";"";"Drop this weight";""
"406";"2026-03-12 11:39:53";"Push";"4020";"Chest Flies Cable Seated Heavy";"1";"15.0";"12";"";"";"";"";""
"406";"2026-03-12 11:39:53";"Push";"4020";"Chest Flies Cable Seated Heavy";"Rest Timer";"";"";"";"";"60.0";"";""
"406";"2026-03-12 11:39:53";"Push";"4020";"Chest Flies Cable Seated Heavy";"2";"15.0";"12";"";"";"";"";""
"406";"2026-03-12 11:39:53";"Push";"4020";"Chest Flies Cable Seated Heavy";"Rest Timer";"";"";"";"";"120.0";"";""
"406";"2026-03-12 11:39:53";"Push";"4020";"Chest Flies Cable Seated Heavy";"3";"15.0";"12";"";"";"";"";""
"406";"2026-03-12 11:39:53";"Push";"4020";"Lateral Raise (Cable)";"1";"2.5";"12";"";"";"";"";""
"406";"2026-03-12 11:39:53";"Push";"4020";"Lateral Raise (Cable)";"Rest Timer";"";"";"";"";"60.0";"";""
"406";"2026-03-12 11:39:53";"Push";"4020";"Lateral Raise (Cable)";"2";"2.5";"12";"";"";"";"";""
"406";"2026-03-12 11:39:53";"Push";"4020";"Lateral Raise (Cable)";"Rest Timer";"";"";"";"";"60.0";"";""
"406";"2026-03-12 11:39:53";"Push";"4020";"Lateral Raise (Cable)";"3";"2.5";"12";"";"";"";"";""
"406";"2026-03-12 11:39:53";"Push";"4020";"Tricep Extension Cable Overhead";"1";"45.0";"12";"";"";"";"";""
"406";"2026-03-12 11:39:53";"Push";"4020";"Tricep Extension Cable Overhead";"Rest Timer";"";"";"";"";"60.0";"";""
"406";"2026-03-12 11:39:53";"Push";"4020";"Tricep Extension Cable Overhead";"2";"47.5";"12";"";"";"";"";""
"406";"2026-03-12 11:39:53";"Push";"4020";"Tricep Extension Cable Overhead";"Rest Timer";"";"";"";"";"60.0";"";""
"406";"2026-03-12 11:39:53";"Push";"4020";"Tricep Extension Cable Overhead";"3";"47.5";"13";"";"";"";"";""
"406";"2026-03-12 11:39:53";"Push";"4020";"Tricep Extension Cable Overhead";"Rest Timer";"";"";"";"";"60.0";"";""
"407";"2026-03-13 11:36:03";"Pull";"4515";"Lat Pulldown Overhand Grip";"1";"48.0";"12";"";"";"";"";""
"407";"2026-03-13 11:36:03";"Pull";"4515";"Lat Pulldown Overhand Grip";"Rest Timer";"";"";"";"";"60.0";"";""
"407";"2026-03-13 11:36:03";"Pull";"4515";"Lat Pulldown Overhand Grip";"2";"48.0";"12";"";"";"";"";""
"407";"2026-03-13 11:36:03";"Pull";"4515";"Lat Pulldown Overhand Grip";"Rest Timer";"";"";"";"";"120.0";"";""
"407";"2026-03-13 11:36:03";"Pull";"4515";"Lat Pulldown Overhand Grip";"3";"48.0";"12";"";"";"";"";""
"407";"2026-03-13 11:36:03";"Pull";"4515";"Low Cable Row Neutral Grip";"1";"80.0";"12";"";"";"";"";""
"407";"2026-03-13 11:36:03";"Pull";"4515";"Low Cable Row Neutral Grip";"Rest Timer";"";"";"";"";"120.0";"";""
"407";"2026-03-13 11:36:03";"Pull";"4515";"Low Cable Row Neutral Grip";"2";"85.0";"12";"";"";"";"";""
"407";"2026-03-13 11:36:03";"Pull";"4515";"Low Cable Row Neutral Grip";"Rest Timer";"";"";"";"";"120.0";"";""
"407";"2026-03-13 11:36:03";"Pull";"4515";"Low Cable Row Neutral Grip";"3";"85.0";"12";"";"";"";"";""
"407";"2026-03-13 11:36:03";"Pull";"4515";"Jammer Arm Rows Underhand Grip";"1";"20.0";"8";"";"";"";"";""
"407";"2026-03-13 11:36:03";"Pull";"4515";"Jammer Arm Rows Underhand Grip";"Rest Timer";"";"";"";"";"120.0";"";""
"407";"2026-03-13 11:36:03";"Pull";"4515";"Jammer Arm Rows Underhand Grip";"2";"20.0";"8";"";"";"";"";""
"407";"2026-03-13 11:36:03";"Pull";"4515";"Jammer Arm Rows Underhand Grip";"Rest Timer";"";"";"";"";"120.0";"";""
"407";"2026-03-13 11:36:03";"Pull";"4515";"Jammer Arm Rows Underhand Grip";"3";"20.0";"8";"";"";"";"";""
"407";"2026-03-13 11:36:03";"Pull";"4515";"Pullover Seated Rope Cable ";"1";"40.0";"12";"";"";"";"";""
"407";"2026-03-13 11:36:03";"Pull";"4515";"Pullover Seated Rope Cable ";"Rest Timer";"";"";"";"";"120.0";"";""
"407";"2026-03-13 11:36:03";"Pull";"4515";"Pullover Seated Rope Cable ";"2";"40.0";"12";"";"";"";"";""
"407";"2026-03-13 11:36:03";"Pull";"4515";"Pullover Seated Rope Cable ";"Rest Timer";"";"";"";"";"120.0";"";""
"407";"2026-03-13 11:36:03";"Pull";"4515";"Pullover Seated Rope Cable ";"3";"40.0";"12";"";"";"";"";""
"407";"2026-03-13 11:36:03";"Pull";"4515";"Chest Supported Face Pull";"Note";"";"";"";"";"";"Maybe drop down?";""
"407";"2026-03-13 11:36:03";"Pull";"4515";"Chest Supported Face Pull";"1";"20.0";"16";"";"";"";"";""
"407";"2026-03-13 11:36:03";"Pull";"4515";"Chest Supported Face Pull";"Rest Timer";"";"";"";"";"120.0";"";""
"407";"2026-03-13 11:36:03";"Pull";"4515";"Chest Supported Face Pull";"2";"20.0";"16";"";"";"";"";""
"407";"2026-03-13 11:36:03";"Pull";"4515";"Chest Supported Face Pull";"Rest Timer";"";"";"";"";"120.0";"";""
"407";"2026-03-13 11:36:03";"Pull";"4515";"Chest Supported Face Pull";"3";"20.0";"16";"";"";"";"";""
"407";"2026-03-13 11:36:03";"Pull";"4515";"Bayesian Hammer Curl Cable";"1";"2.5";"15";"";"";"";"";""
"407";"2026-03-13 11:36:03";"Pull";"4515";"Bayesian Hammer Curl Cable";"Rest Timer";"";"";"";"";"120.0";"";""
"407";"2026-03-13 11:36:03";"Pull";"4515";"Bayesian Hammer Curl Cable";"2";"3.75";"15";"";"";"";"";""
"407";"2026-03-13 11:36:03";"Pull";"4515";"Bayesian Hammer Curl Cable";"Rest Timer";"";"";"";"";"120.0";"";""
"407";"2026-03-13 11:36:03";"Pull";"4515";"Bayesian Hammer Curl Cable";"3";"5.0";"15";"";"";"";"";""
"408";"2026-03-14 16:35:33";"Push";"5114";"Squat (Barbell)";"W";"0.0";"8";"";"";"";"";""
"408";"2026-03-14 16:35:33";"Push";"5114";"Squat (Barbell)";"W";"50.0";"8";"";"";"";"";""
"408";"2026-03-14 16:35:33";"Push";"5114";"Squat (Barbell)";"1";"90.0";"6";"";"";"";"";""
"408";"2026-03-14 16:35:33";"Push";"5114";"Squat (Barbell)";"Rest Timer";"";"";"";"";"60.0";"";""
"408";"2026-03-14 16:35:33";"Push";"5114";"Squat (Barbell)";"2";"90.0";"7";"";"";"";"";""
"408";"2026-03-14 16:35:33";"Push";"5114";"Squat (Barbell)";"Rest Timer";"";"";"";"";"180.0";"";""
"408";"2026-03-14 16:35:33";"Push";"5114";"Squat (Barbell)";"3";"90.0";"8";"";"";"";"";""
"408";"2026-03-14 16:35:33";"Push";"5114";"Incline Bench Press (Barbell)";"W";"0.0";"8";"";"";"";"";""
"408";"2026-03-14 16:35:33";"Push";"5114";"Incline Bench Press (Barbell)";"W";"50.0";"5";"";"";"";"";""
"408";"2026-03-14 16:35:33";"Push";"5114";"Incline Bench Press (Barbell)";"1";"60.0";"6";"";"";"";"";""
"408";"2026-03-14 16:35:33";"Push";"5114";"Incline Bench Press (Barbell)";"Rest Timer";"";"";"";"";"60.0";"";""
"408";"2026-03-14 16:35:33";"Push";"5114";"Incline Bench Press (Barbell)";"2";"60.0";"7";"";"";"";"";""
"408";"2026-03-14 16:35:33";"Push";"5114";"Incline Bench Press (Barbell)";"Rest Timer";"";"";"";"";"180.0";"";""
"408";"2026-03-14 16:35:33";"Push";"5114";"Incline Bench Press (Barbell)";"3";"60.0";"8";"";"";"";"";""
"408";"2026-03-14 16:35:33";"Push";"5114";"Overhead Press (Smith Machine)";"W";"0.0";"5";"";"";"";"";""
"408";"2026-03-14 16:35:33";"Push";"5114";"Overhead Press (Smith Machine)";"1";"40.0";"6";"";"";"";"";""
"408";"2026-03-14 16:35:33";"Push";"5114";"Overhead Press (Smith Machine)";"Rest Timer";"";"";"";"";"180.0";"";""
"408";"2026-03-14 16:35:33";"Push";"5114";"Overhead Press (Smith Machine)";"2";"40.0";"7";"";"";"";"";""
"408";"2026-03-14 16:35:33";"Push";"5114";"Overhead Press (Smith Machine)";"Rest Timer";"";"";"";"";"180.0";"";""
"408";"2026-03-14 16:35:33";"Push";"5114";"Overhead Press (Smith Machine)";"3";"40.0";"8";"";"";"";"";""
"408";"2026-03-14 16:35:33";"Push";"5114";"Chest Flies Cable Seated Heavy";"Note";"";"";"";"";"";"Stay with this";""
"408";"2026-03-14 16:35:33";"Push";"5114";"Chest Flies Cable Seated Heavy";"1";"10.0";"12";"";"";"";"";""
"408";"2026-03-14 16:35:33";"Push";"5114";"Chest Flies Cable Seated Heavy";"Rest Timer";"";"";"";"";"60.0";"";""
"408";"2026-03-14 16:35:33";"Push";"5114";"Chest Flies Cable Seated Heavy";"2";"11.25";"12";"";"";"";"";""
"408";"2026-03-14 16:35:33";"Push";"5114";"Chest Flies Cable Seated Heavy";"Rest Timer";"";"";"";"";"60.0";"";""
"408";"2026-03-14 16:35:33";"Push";"5114";"Chest Flies Cable Seated Heavy";"3";"11.25";"12";"";"";"";"";""
"408";"2026-03-14 16:35:33";"Push";"5114";"Lateral Raise (Cable)";"1";"1.25";"15";"";"";"";"";""
"408";"2026-03-14 16:35:33";"Push";"5114";"Lateral Raise (Cable)";"Rest Timer";"";"";"";"";"60.0";"";""
"408";"2026-03-14 16:35:33";"Push";"5114";"Lateral Raise (Cable)";"2";"1.25";"15";"";"";"";"";""
"408";"2026-03-14 16:35:33";"Push";"5114";"Lateral Raise (Cable)";"Rest Timer";"";"";"";"";"60.0";"";""
"408";"2026-03-14 16:35:33";"Push";"5114";"Lateral Raise (Cable)";"3";"1.25";"15";"";"";"";"";""
"408";"2026-03-14 16:35:33";"Push";"5114";"Tricep Extension Cable Overhead";"1";"47.5";"12";"";"";"";"";""
"408";"2026-03-14 16:35:33";"Push";"5114";"Tricep Extension Cable Overhead";"Rest Timer";"";"";"";"";"60.0";"";""
"408";"2026-03-14 16:35:33";"Push";"5114";"Tricep Extension Cable Overhead";"2";"50.0";"10";"";"";"";"";""
"408";"2026-03-14 16:35:33";"Push";"5114";"Tricep Extension Cable Overhead";"Rest Timer";"";"";"";"";"60.0";"";""
"408";"2026-03-14 16:35:33";"Push";"5114";"Tricep Extension Cable Overhead";"3";"50.0";"11";"";"";"";"";""
"408";"2026-03-14 16:35:33";"Push";"5114";"Triceps Pushdown (Cable - Straight Bar)";"1";"25.0";"15";"";"";"";"";""
"408";"2026-03-14 16:35:33";"Push";"5114";"Triceps Pushdown (Cable - Straight Bar)";"Rest Timer";"";"";"";"";"60.0";"";""
"408";"2026-03-14 16:35:33";"Push";"5114";"Triceps Pushdown (Cable - Straight Bar)";"2";"25.0";"17";"";"";"";"";""
"408";"2026-03-14 16:35:33";"Push";"5114";"Triceps Pushdown (Cable - Straight Bar)";"Rest Timer";"";"";"";"";"60.0";"";""
"408";"2026-03-14 16:35:33";"Push";"5114";"Triceps Pushdown (Cable - Straight Bar)";"3";"25.0";"20";"";"";"";"";""
"409";"2026-03-16 11:41:07";"Pull";"5057";"Lat Pulldown Overhand Grip";"W";"25.0";"5";"";"";"";"";""
"409";"2026-03-16 11:41:07";"Pull";"5057";"Lat Pulldown Overhand Grip";"1";"50.0";"12";"";"";"";"";""
"409";"2026-03-16 11:41:07";"Pull";"5057";"Lat Pulldown Overhand Grip";"Rest Timer";"";"";"";"";"60.0";"";""
"409";"2026-03-16 11:41:07";"Pull";"5057";"Lat Pulldown Overhand Grip";"2";"50.0";"12";"";"";"";"";""
"409";"2026-03-16 11:41:07";"Pull";"5057";"Lat Pulldown Overhand Grip";"Rest Timer";"";"";"";"";"120.0";"";""
"409";"2026-03-16 11:41:07";"Pull";"5057";"Lat Pulldown Overhand Grip";"3";"50.0";"14";"";"";"";"";""
"409";"2026-03-16 11:41:07";"Pull";"5057";"Low Cable Row Neutral Grip";"W";"50.0";"12";"";"";"";"";""
"409";"2026-03-16 11:41:07";"Pull";"5057";"Low Cable Row Neutral Grip";"1";"85.0";"10";"";"";"";"";""
"409";"2026-03-16 11:41:07";"Pull";"5057";"Low Cable Row Neutral Grip";"Rest Timer";"";"";"";"";"120.0";"";""
"409";"2026-03-16 11:41:07";"Pull";"5057";"Low Cable Row Neutral Grip";"2";"85.0";"11";"";"";"";"";""
"409";"2026-03-16 11:41:07";"Pull";"5057";"Low Cable Row Neutral Grip";"Rest Timer";"";"";"";"";"120.0";"";""
"409";"2026-03-16 11:41:07";"Pull";"5057";"Low Cable Row Neutral Grip";"3";"85.0";"14";"";"";"";"";""
"409";"2026-03-16 11:41:07";"Pull";"5057";"Jammer Arm Rows Underhand Grip";"Note";"";"";"";"";"";"Stay at 30, didn’t get good squeeze at 35";""
"409";"2026-03-16 11:41:07";"Pull";"5057";"Jammer Arm Rows Underhand Grip";"1";"25.0";"8";"";"";"";"";""
"409";"2026-03-16 11:41:07";"Pull";"5057";"Jammer Arm Rows Underhand Grip";"Rest Timer";"";"";"";"";"180.0";"";""
"409";"2026-03-16 11:41:07";"Pull";"5057";"Jammer Arm Rows Underhand Grip";"2";"30.0";"8";"";"";"";"";""
"409";"2026-03-16 11:41:07";"Pull";"5057";"Jammer Arm Rows Underhand Grip";"Rest Timer";"";"";"";"";"180.0";"";""
"409";"2026-03-16 11:41:07";"Pull";"5057";"Jammer Arm Rows Underhand Grip";"3";"35.0";"7";"";"";"";"";""
"409";"2026-03-16 11:41:07";"Pull";"5057";"Pullover Seated Rope Cable ";"Note";"";"";"";"";"";"Stick with 12";""
"409";"2026-03-16 11:41:07";"Pull";"5057";"Pullover Seated Rope Cable ";"1";"40.0";"13";"";"";"";"";""
"409";"2026-03-16 11:41:07";"Pull";"5057";"Pullover Seated Rope Cable ";"Rest Timer";"";"";"";"";"120.0";"";""
"409";"2026-03-16 11:41:07";"Pull";"5057";"Pullover Seated Rope Cable ";"2";"40.0";"12";"";"";"";"";""
"409";"2026-03-16 11:41:07";"Pull";"5057";"Pullover Seated Rope Cable ";"Rest Timer";"";"";"";"";"120.0";"";""
"409";"2026-03-16 11:41:07";"Pull";"5057";"Pullover Seated Rope Cable ";"3";"40.0";"12";"";"";"";"";""
"409";"2026-03-16 11:41:07";"Pull";"5057";"Chest Supported Face Pull";"Note";"";"";"";"";"";"Maybe drop down?";""
"409";"2026-03-16 11:41:07";"Pull";"5057";"Chest Supported Face Pull";"1";"15.0";"18";"";"";"";"";""
"409";"2026-03-16 11:41:07";"Pull";"5057";"Chest Supported Face Pull";"Rest Timer";"";"";"";"";"120.0";"";""
"409";"2026-03-16 11:41:07";"Pull";"5057";"Chest Supported Face Pull";"2";"15.0";"20";"";"";"";"";""
"409";"2026-03-16 11:41:07";"Pull";"5057";"Chest Supported Face Pull";"Rest Timer";"";"";"";"";"60.0";"";""
"409";"2026-03-16 11:41:07";"Pull";"5057";"Chest Supported Face Pull";"3";"15.0";"27";"";"";"";"";""
"409";"2026-03-16 11:41:07";"Pull";"5057";"Chest Supported Face Pull";"Rest Timer";"";"";"";"";"60.0";"";""
"409";"2026-03-16 11:41:07";"Pull";"5057";"Bayesian Hammer Curl Cable";"1";"5.0";"13";"";"";"";"";""
"409";"2026-03-16 11:41:07";"Pull";"5057";"Bayesian Hammer Curl Cable";"Rest Timer";"";"";"";"";"120.0";"";""
"409";"2026-03-16 11:41:07";"Pull";"5057";"Bayesian Hammer Curl Cable";"2";"7.25";"14";"";"";"";"";""
"409";"2026-03-16 11:41:07";"Pull";"5057";"Bayesian Hammer Curl Cable";"Rest Timer";"";"";"";"";"120.0";"";""
"409";"2026-03-16 11:41:07";"Pull";"5057";"Bayesian Hammer Curl Cable";"3";"10.0";"13";"";"";"";"";""
"410";"2026-03-17 12:44:34";"Push";"7492";"Squat (Barbell)";"W";"0.0";"5";"";"";"";"";""
"410";"2026-03-17 12:44:34";"Push";"7492";"Squat (Barbell)";"W";"50.0";"5";"";"";"";"";""
"410";"2026-03-17 12:44:34";"Push";"7492";"Squat (Barbell)";"W";"70.0";"3";"";"";"";"";""
"410";"2026-03-17 12:44:34";"Push";"7492";"Squat (Barbell)";"1";"90.0";"7";"";"";"";"";""
"410";"2026-03-17 12:44:34";"Push";"7492";"Squat (Barbell)";"Rest Timer";"";"";"";"";"180.0";"";""
"410";"2026-03-17 12:44:34";"Push";"7492";"Squat (Barbell)";"2";"90.0";"8";"";"";"";"";""
"410";"2026-03-17 12:44:34";"Push";"7492";"Squat (Barbell)";"Rest Timer";"";"";"";"";"180.0";"";""
"410";"2026-03-17 12:44:34";"Push";"7492";"Squat (Barbell)";"3";"90.0";"8";"";"";"";"";""
"410";"2026-03-17 12:44:34";"Push";"7492";"Incline Bench Press (Barbell)";"W";"0.0";"5";"";"";"";"";""
"410";"2026-03-17 12:44:34";"Push";"7492";"Incline Bench Press (Barbell)";"W";"50.0";"5";"";"";"";"";""
"410";"2026-03-17 12:44:34";"Push";"7492";"Incline Bench Press (Barbell)";"1";"60.0";"7";"";"";"";"";""
"410";"2026-03-17 12:44:34";"Push";"7492";"Incline Bench Press (Barbell)";"Rest Timer";"";"";"";"";"180.0";"";""
"410";"2026-03-17 12:44:34";"Push";"7492";"Incline Bench Press (Barbell)";"2";"60.0";"8";"";"";"";"";""
"410";"2026-03-17 12:44:34";"Push";"7492";"Incline Bench Press (Barbell)";"Rest Timer";"";"";"";"";"180.0";"";""
"410";"2026-03-17 12:44:34";"Push";"7492";"Incline Bench Press (Barbell)";"3";"60.0";"8";"";"";"";"";""
"410";"2026-03-17 12:44:34";"Push";"7492";"Overhead Press (Smith Machine)";"Note";"";"";"";"";"";"1 drop set";""
"410";"2026-03-17 12:44:34";"Push";"7492";"Overhead Press (Smith Machine)";"W";"0.0";"5";"";"";"";"";""
"410";"2026-03-17 12:44:34";"Push";"7492";"Overhead Press (Smith Machine)";"1";"40.0";"7";"";"";"";"";""
"410";"2026-03-17 12:44:34";"Push";"7492";"Overhead Press (Smith Machine)";"Rest Timer";"";"";"";"";"180.0";"";""
"410";"2026-03-17 12:44:34";"Push";"7492";"Overhead Press (Smith Machine)";"2";"40.0";"7";"";"";"";"";""
"410";"2026-03-17 12:44:34";"Push";"7492";"Overhead Press (Smith Machine)";"Rest Timer";"";"";"";"";"180.0";"";""
"410";"2026-03-17 12:44:34";"Push";"7492";"Overhead Press (Smith Machine)";"3";"40.0";"7";"";"";"";"";""
"410";"2026-03-17 12:44:34";"Push";"7492";"Chest Flies Cable Seated Heavy";"Note";"";"";"";"";"";"Stay with this";""
"410";"2026-03-17 12:44:34";"Push";"7492";"Chest Flies Cable Seated Heavy";"1";"10.0";"12";"";"";"";"";""
"410";"2026-03-17 12:44:34";"Push";"7492";"Chest Flies Cable Seated Heavy";"Rest Timer";"";"";"";"";"120.0";"";""
"410";"2026-03-17 12:44:34";"Push";"7492";"Chest Flies Cable Seated Heavy";"2";"11.25";"12";"";"";"";"";""
"410";"2026-03-17 12:44:34";"Push";"7492";"Chest Flies Cable Seated Heavy";"Rest Timer";"";"";"";"";"180.0";"";""
"410";"2026-03-17 12:44:34";"Push";"7492";"Chest Flies Cable Seated Heavy";"3";"12.5";"16";"";"";"";"";""
"410";"2026-03-17 12:44:34";"Push";"7492";"Lateral Raise (Cable)";"1";"2.5";"12";"";"";"";"";""
"410";"2026-03-17 12:44:34";"Push";"7492";"Lateral Raise (Cable)";"Rest Timer";"";"";"";"";"120.0";"";""
"410";"2026-03-17 12:44:34";"Push";"7492";"Lateral Raise (Cable)";"2";"2.5";"13";"";"";"";"";""
"410";"2026-03-17 12:44:34";"Push";"7492";"Lateral Raise (Cable)";"Rest Timer";"";"";"";"";"120.0";"";""
"410";"2026-03-17 12:44:34";"Push";"7492";"Lateral Raise (Cable)";"3";"2.5";"15";"";"";"";"";""
"410";"2026-03-17 12:44:34";"Push";"7492";"Tricep Extension Cable Overhead";"1";"50.0";"10";"";"";"";"";""
"410";"2026-03-17 12:44:34";"Push";"7492";"Tricep Extension Cable Overhead";"Rest Timer";"";"";"";"";"120.0";"";""
"410";"2026-03-17 12:44:34";"Push";"7492";"Tricep Extension Cable Overhead";"2";"50.0";"10";"";"";"";"";""
"410";"2026-03-17 12:44:34";"Push";"7492";"Tricep Extension Cable Overhead";"Rest Timer";"";"";"";"";"180.0";"";""
"410";"2026-03-17 12:44:34";"Push";"7492";"Tricep Extension Cable Overhead";"3";"50.0";"13";"";"";"";"";""
"410";"2026-03-17 12:44:34";"Push";"7492";"Double handle tricep pushdown";"1";"25.0";"20";"";"";"";"";""
"410";"2026-03-17 12:44:34";"Push";"7492";"Double handle tricep pushdown";"Rest Timer";"";"";"";"";"60.0";"";""
"410";"2026-03-17 12:44:34";"Push";"7492";"Double handle tricep pushdown";"2";"27.5";"20";"";"";"";"";""
"410";"2026-03-17 12:44:34";"Push";"7492";"Double handle tricep pushdown";"Rest Timer";"";"";"";"";"60.0";"";""
"410";"2026-03-17 12:44:34";"Push";"7492";"Double handle tricep pushdown";"3";"27.5";"21";"";"";"";"";""
"411";"2026-03-19 05:05:10";"Pull";"5261";"Lat Pulldown Overhand Grip";"W";"25.0";"5";"";"";"";"";""
"411";"2026-03-19 05:05:10";"Pull";"5261";"Lat Pulldown Overhand Grip";"1";"52.5";"10";"";"";"";"";""
"411";"2026-03-19 05:05:10";"Pull";"5261";"Lat Pulldown Overhand Grip";"Rest Timer";"";"";"";"";"180.0";"";""
"411";"2026-03-19 05:05:10";"Pull";"5261";"Lat Pulldown Overhand Grip";"2";"52.5";"12";"";"";"";"";""
"411";"2026-03-19 05:05:10";"Pull";"5261";"Lat Pulldown Overhand Grip";"Rest Timer";"";"";"";"";"180.0";"";""
"411";"2026-03-19 05:05:10";"Pull";"5261";"Lat Pulldown Overhand Grip";"3";"52.0";"18";"";"";"";"";""
"411";"2026-03-19 05:05:10";"Pull";"5261";"Low Cable Row Neutral Grip";"W";"50.0";"5";"";"";"";"";""
"411";"2026-03-19 05:05:10";"Pull";"5261";"Low Cable Row Neutral Grip";"1";"90.0";"10";"";"";"";"";""
"411";"2026-03-19 05:05:10";"Pull";"5261";"Low Cable Row Neutral Grip";"Rest Timer";"";"";"";"";"180.0";"";""
"411";"2026-03-19 05:05:10";"Pull";"5261";"Low Cable Row Neutral Grip";"2";"90.0";"11";"";"";"";"";""
"411";"2026-03-19 05:05:10";"Pull";"5261";"Low Cable Row Neutral Grip";"Rest Timer";"";"";"";"";"180.0";"";""
"411";"2026-03-19 05:05:10";"Pull";"5261";"Low Cable Row Neutral Grip";"3";"90.0";"14";"";"";"";"";""
"411";"2026-03-19 05:05:10";"Pull";"5261";"Jammer Arm Rows Underhand Grip";"W";"20.0";"5";"";"";"";"";""
"411";"2026-03-19 05:05:10";"Pull";"5261";"Jammer Arm Rows Underhand Grip";"1";"30.0";"6";"";"";"";"";""
"411";"2026-03-19 05:05:10";"Pull";"5261";"Jammer Arm Rows Underhand Grip";"Rest Timer";"";"";"";"";"180.0";"";""
"411";"2026-03-19 05:05:10";"Pull";"5261";"Jammer Arm Rows Underhand Grip";"2";"30.0";"7";"";"";"";"";""
"411";"2026-03-19 05:05:10";"Pull";"5261";"Jammer Arm Rows Underhand Grip";"Rest Timer";"";"";"";"";"180.0";"";""
"411";"2026-03-19 05:05:10";"Pull";"5261";"Jammer Arm Rows Underhand Grip";"3";"30.0";"11";"";"";"";"";""
"411";"2026-03-19 05:05:10";"Pull";"5261";"Pullover Seated Rope Cable ";"Note";"";"";"";"";"";"Stick with weight ";""
"411";"2026-03-19 05:05:10";"Pull";"5261";"Pullover Seated Rope Cable ";"1";"35.0";"15";"";"";"";"";""
"411";"2026-03-19 05:05:10";"Pull";"5261";"Pullover Seated Rope Cable ";"Rest Timer";"";"";"";"";"120.0";"";""
"411";"2026-03-19 05:05:10";"Pull";"5261";"Pullover Seated Rope Cable ";"2";"35.0";"15";"";"";"";"";""
"411";"2026-03-19 05:05:10";"Pull";"5261";"Pullover Seated Rope Cable ";"Rest Timer";"";"";"";"";"180.0";"";""
"411";"2026-03-19 05:05:10";"Pull";"5261";"Pullover Seated Rope Cable ";"3";"35.0";"15";"";"";"";"";""
"411";"2026-03-19 05:05:10";"Pull";"5261";"Chest Supported Face Pull";"Note";"";"";"";"";"";"Maybe drop down?";""
"411";"2026-03-19 05:05:10";"Pull";"5261";"Chest Supported Face Pull";"1";"20.0";"20";"";"";"";"";""
"411";"2026-03-19 05:05:10";"Pull";"5261";"Chest Supported Face Pull";"Rest Timer";"";"";"";"";"60.0";"";""
"411";"2026-03-19 05:05:10";"Pull";"5261";"Chest Supported Face Pull";"2";"20.0";"20";"";"";"";"";""
"411";"2026-03-19 05:05:10";"Pull";"5261";"Chest Supported Face Pull";"Rest Timer";"";"";"";"";"60.0";"";""
"411";"2026-03-19 05:05:10";"Pull";"5261";"Chest Supported Face Pull";"3";"20.0";"20";"";"";"";"";""
"411";"2026-03-19 05:05:10";"Pull";"5261";"Bayesian Hammer Curl Cable";"1";"10.0";"10";"";"";"";"";""
"411";"2026-03-19 05:05:10";"Pull";"5261";"Bayesian Hammer Curl Cable";"Rest Timer";"";"";"";"";"120.0";"";""
"411";"2026-03-19 05:05:10";"Pull";"5261";"Bayesian Hammer Curl Cable";"2";"10.0";"11";"";"";"";"";""
"411";"2026-03-19 05:05:10";"Pull";"5261";"Bayesian Hammer Curl Cable";"Rest Timer";"";"";"";"";"120.0";"";""
"411";"2026-03-19 05:05:10";"Pull";"5261";"Bayesian Hammer Curl Cable";"3";"10.0";"13";"";"";"";"";""
"412";"2026-03-20 11:57:25";"Push";"7222";"Squat (Barbell)";"W";"0.0";"5";"";"";"";"";""
"412";"2026-03-20 11:57:25";"Push";"7222";"Squat (Barbell)";"W";"50.0";"5";"";"";"";"";""
"412";"2026-03-20 11:57:25";"Push";"7222";"Squat (Barbell)";"1";"90.0";"8";"";"";"";"";""
"412";"2026-03-20 11:57:25";"Push";"7222";"Squat (Barbell)";"Rest Timer";"";"";"";"";"180.0";"";""
"412";"2026-03-20 11:57:25";"Push";"7222";"Squat (Barbell)";"2";"90.0";"8";"";"";"";"";""
"412";"2026-03-20 11:57:25";"Push";"7222";"Squat (Barbell)";"Rest Timer";"";"";"";"";"180.0";"";""
"412";"2026-03-20 11:57:25";"Push";"7222";"Squat (Barbell)";"3";"90.0";"8";"";"";"";"";""
"412";"2026-03-20 11:57:25";"Push";"7222";"Double handle tricep pushdown";"W";"15.0";"15";"";"";"";"";""
"412";"2026-03-20 11:57:25";"Push";"7222";"Double handle tricep pushdown";"1";"27.5";"17";"";"";"";"";""
"412";"2026-03-20 11:57:25";"Push";"7222";"Double handle tricep pushdown";"Rest Timer";"";"";"";"";"120.0";"";""
"412";"2026-03-20 11:57:25";"Push";"7222";"Double handle tricep pushdown";"2";"27.5";"20";"";"";"";"";""
"412";"2026-03-20 11:57:25";"Push";"7222";"Double handle tricep pushdown";"Rest Timer";"";"";"";"";"180.0";"";""
"412";"2026-03-20 11:57:25";"Push";"7222";"Double handle tricep pushdown";"3";"30.0";"30";"";"";"";"";""
"412";"2026-03-20 11:57:25";"Push";"7222";"Tricep Extension Cable Overhead";"Note";"";"";"";"";"";"USE NEW SETUP!! Refer to notes. Do this for stretch";""
"412";"2026-03-20 11:57:25";"Push";"7222";"Tricep Extension Cable Overhead";"1";"50.0";"11";"";"";"";"";""
"412";"2026-03-20 11:57:25";"Push";"7222";"Tricep Extension Cable Overhead";"Rest Timer";"";"";"";"";"120.0";"";""
"412";"2026-03-20 11:57:25";"Push";"7222";"Tricep Extension Cable Overhead";"2";"50.0";"10";"";"";"";"";""
"412";"2026-03-20 11:57:25";"Push";"7222";"Tricep Extension Cable Overhead";"Rest Timer";"";"";"";"";"180.0";"";""
"412";"2026-03-20 11:57:25";"Push";"7222";"Tricep Extension Cable Overhead";"3";"50.0";"11";"";"";"";"";""
"412";"2026-03-20 11:57:25";"Push";"7222";"Incline Bench Press (Barbell)";"W";"0.0";"5";"";"";"";"";""
"412";"2026-03-20 11:57:25";"Push";"7222";"Incline Bench Press (Barbell)";"W";"50.0";"5";"";"";"";"";""
"412";"2026-03-20 11:57:25";"Push";"7222";"Incline Bench Press (Barbell)";"1";"60.0";"8";"";"";"";"";""
"412";"2026-03-20 11:57:25";"Push";"7222";"Incline Bench Press (Barbell)";"Rest Timer";"";"";"";"";"180.0";"";""
"412";"2026-03-20 11:57:25";"Push";"7222";"Incline Bench Press (Barbell)";"2";"60.0";"8";"";"";"";"";""
"412";"2026-03-20 11:57:25";"Push";"7222";"Incline Bench Press (Barbell)";"Rest Timer";"";"";"";"";"180.0";"";""
"412";"2026-03-20 11:57:25";"Push";"7222";"Incline Bench Press (Barbell)";"3";"60.0";"7";"";"";"";"";""
"412";"2026-03-20 11:57:25";"Push";"7222";"Overhead Press (Smith Machine)";"W";"0.0";"5";"";"";"";"";""
"412";"2026-03-20 11:57:25";"Push";"7222";"Overhead Press (Smith Machine)";"1";"20.0";"8";"";"";"";"";""
"412";"2026-03-20 11:57:25";"Push";"7222";"Overhead Press (Smith Machine)";"Rest Timer";"";"";"";"";"180.0";"";""
"412";"2026-03-20 11:57:25";"Push";"7222";"Overhead Press (Smith Machine)";"2";"25.0";"8";"";"";"";"";""
"412";"2026-03-20 11:57:25";"Push";"7222";"Overhead Press (Smith Machine)";"Rest Timer";"";"";"";"";"180.0";"";""
"412";"2026-03-20 11:57:25";"Push";"7222";"Overhead Press (Smith Machine)";"3";"25.0";"9";"";"";"";"";""
"412";"2026-03-20 11:57:25";"Push";"7222";"Chest Flies Cable Seated Heavy";"Note";"";"";"";"";"";"Stay with this";""
"412";"2026-03-20 11:57:25";"Push";"7222";"Chest Flies Cable Seated Heavy";"1";"10.0";"12";"";"";"";"";""
"412";"2026-03-20 11:57:25";"Push";"7222";"Chest Flies Cable Seated Heavy";"Rest Timer";"";"";"";"";"120.0";"";""
"412";"2026-03-20 11:57:25";"Push";"7222";"Chest Flies Cable Seated Heavy";"2";"11.25";"12";"";"";"";"";""
"412";"2026-03-20 11:57:25";"Push";"7222";"Chest Flies Cable Seated Heavy";"Rest Timer";"";"";"";"";"180.0";"";""
"412";"2026-03-20 11:57:25";"Push";"7222";"Chest Flies Cable Seated Heavy";"3";"11.25";"17";"";"";"";"";""
"412";"2026-03-20 11:57:25";"Push";"7222";"Lateral Raise (Cable)";"1";"2.5";"14";"";"";"";"";""
"412";"2026-03-20 11:57:25";"Push";"7222";"Lateral Raise (Cable)";"Rest Timer";"";"";"";"";"120.0";"";""
"412";"2026-03-20 11:57:25";"Push";"7222";"Lateral Raise (Cable)";"2";"2.5";"15";"";"";"";"";""
"412";"2026-03-20 11:57:25";"Push";"7222";"Lateral Raise (Cable)";"Rest Timer";"";"";"";"";"120.0";"";""
"412";"2026-03-20 11:57:25";"Push";"7222";"Lateral Raise (Cable)";"3";"2.5";"15";"";"";"";"";""
"413";"2026-03-22 15:22:30";"Pull";"5063";"Lat Pulldown Overhand Grip";"W";"25.0";"5";"";"";"";"";""
"413";"2026-03-22 15:22:30";"Pull";"5063";"Lat Pulldown Overhand Grip";"W";"35.0";"5";"";"";"";"";""
"413";"2026-03-22 15:22:30";"Pull";"5063";"Lat Pulldown Overhand Grip";"1";"55.0";"10";"";"";"";"";""
"413";"2026-03-22 15:22:30";"Pull";"5063";"Lat Pulldown Overhand Grip";"Rest Timer";"";"";"";"";"180.0";"";""
"413";"2026-03-22 15:22:30";"Pull";"5063";"Lat Pulldown Overhand Grip";"2";"55.0";"12";"";"";"";"";""
"413";"2026-03-22 15:22:30";"Pull";"5063";"Lat Pulldown Overhand Grip";"Rest Timer";"";"";"";"";"180.0";"";""
"413";"2026-03-22 15:22:30";"Pull";"5063";"Lat Pulldown Overhand Grip";"3";"60.0";"14";"";"";"";"";""
"413";"2026-03-22 15:22:30";"Pull";"5063";"Low Cable Row Neutral Grip";"W";"50.0";"5";"";"";"";"";""
"413";"2026-03-22 15:22:30";"Pull";"5063";"Low Cable Row Neutral Grip";"1";"92.5";"10";"";"";"";"";""
"413";"2026-03-22 15:22:30";"Pull";"5063";"Low Cable Row Neutral Grip";"Rest Timer";"";"";"";"";"180.0";"";""
"413";"2026-03-22 15:22:30";"Pull";"5063";"Low Cable Row Neutral Grip";"2";"92.5";"12";"";"";"";"";""
"413";"2026-03-22 15:22:30";"Pull";"5063";"Low Cable Row Neutral Grip";"Rest Timer";"";"";"";"";"180.0";"";""
"413";"2026-03-22 15:22:30";"Pull";"5063";"Low Cable Row Neutral Grip";"3";"92.5";"12";"";"";"";"";""
"413";"2026-03-22 15:22:30";"Pull";"5063";"Jammer Arm Rows Underhand Grip";"Note";"";"";"";"";"";"Stay at 30, didn’t get good squeeze at 35";""
"413";"2026-03-22 15:22:30";"Pull";"5063";"Jammer Arm Rows Underhand Grip";"W";"25.0";"3";"";"";"";"";""
"413";"2026-03-22 15:22:30";"Pull";"5063";"Jammer Arm Rows Underhand Grip";"1";"32.5";"6";"";"";"";"";""
"413";"2026-03-22 15:22:30";"Pull";"5063";"Jammer Arm Rows Underhand Grip";"Rest Timer";"";"";"";"";"180.0";"";""
"413";"2026-03-22 15:22:30";"Pull";"5063";"Jammer Arm Rows Underhand Grip";"2";"32.5";"8";"";"";"";"";""
"413";"2026-03-22 15:22:30";"Pull";"5063";"Jammer Arm Rows Underhand Grip";"Rest Timer";"";"";"";"";"180.0";"";""
"413";"2026-03-22 15:22:30";"Pull";"5063";"Jammer Arm Rows Underhand Grip";"3";"32.5";"11";"";"";"";"";""
"413";"2026-03-22 15:22:30";"Pull";"5063";"Pullover Seated Rope Cable ";"Note";"";"";"";"";"";"Stick with weight ";""
"413";"2026-03-22 15:22:30";"Pull";"5063";"Pullover Seated Rope Cable ";"1";"35.0";"15";"";"";"";"";""
"413";"2026-03-22 15:22:30";"Pull";"5063";"Pullover Seated Rope Cable ";"Rest Timer";"";"";"";"";"120.0";"";""
"413";"2026-03-22 15:22:30";"Pull";"5063";"Pullover Seated Rope Cable ";"2";"35.0";"15";"";"";"";"";""
"413";"2026-03-22 15:22:30";"Pull";"5063";"Pullover Seated Rope Cable ";"Rest Timer";"";"";"";"";"180.0";"";""
"413";"2026-03-22 15:22:30";"Pull";"5063";"Pullover Seated Rope Cable ";"3";"35.0";"17";"";"";"";"";""
"413";"2026-03-22 15:22:30";"Pull";"5063";"Chest Supported Face Pull";"1";"22.5";"15";"";"";"";"";""
"413";"2026-03-22 15:22:30";"Pull";"5063";"Chest Supported Face Pull";"Rest Timer";"";"";"";"";"60.0";"";""
"413";"2026-03-22 15:22:30";"Pull";"5063";"Chest Supported Face Pull";"2";"22.5";"15";"";"";"";"";""
"413";"2026-03-22 15:22:30";"Pull";"5063";"Chest Supported Face Pull";"Rest Timer";"";"";"";"";"60.0";"";""
"413";"2026-03-22 15:22:30";"Pull";"5063";"Chest Supported Face Pull";"3";"22.5";"20";"";"";"";"";""
"413";"2026-03-22 15:22:30";"Pull";"5063";"Bayesian Hammer Curl Cable";"1";"10.0";"12";"";"";"";"";""
"413";"2026-03-22 15:22:30";"Pull";"5063";"Bayesian Hammer Curl Cable";"Rest Timer";"";"";"";"";"120.0";"";""
"413";"2026-03-22 15:22:30";"Pull";"5063";"Bayesian Hammer Curl Cable";"2";"10.0";"14";"";"";"";"";""
"413";"2026-03-22 15:22:30";"Pull";"5063";"Bayesian Hammer Curl Cable";"Rest Timer";"";"";"";"";"120.0";"";""
"413";"2026-03-22 15:22:30";"Pull";"5063";"Bayesian Hammer Curl Cable";"3";"10.0";"14";"";"";"";"";""
"414";"2026-03-23 11:54:42";"Push";"6070";"Squat (Barbell)";"W";"0.0";"5";"";"";"";"";""
"414";"2026-03-23 11:54:42";"Push";"6070";"Squat (Barbell)";"W";"50.0";"3";"";"";"";"";""
"414";"2026-03-23 11:54:42";"Push";"6070";"Squat (Barbell)";"W";"70.0";"3";"";"";"";"";""
"414";"2026-03-23 11:54:42";"Push";"6070";"Squat (Barbell)";"1";"95.0";"6";"";"";"";"";""
"414";"2026-03-23 11:54:42";"Push";"6070";"Squat (Barbell)";"Rest Timer";"";"";"";"";"180.0";"";""
"414";"2026-03-23 11:54:42";"Push";"6070";"Squat (Barbell)";"2";"95.0";"6";"";"";"";"";""
"414";"2026-03-23 11:54:42";"Push";"6070";"Squat (Barbell)";"Rest Timer";"";"";"";"";"180.0";"";""
"414";"2026-03-23 11:54:42";"Push";"6070";"Squat (Barbell)";"3";"95.0";"6";"";"";"";"";""
"414";"2026-03-23 11:54:42";"Push";"6070";"Incline Bench Press (Barbell)";"Note";"";"";"";"";"";"Stick with 50 for a while. Perfect technique ";""
"414";"2026-03-23 11:54:42";"Push";"6070";"Incline Bench Press (Barbell)";"W";"0.0";"5";"";"";"";"";""
"414";"2026-03-23 11:54:42";"Push";"6070";"Incline Bench Press (Barbell)";"W";"50.0";"5";"";"";"";"";""
"414";"2026-03-23 11:54:42";"Push";"6070";"Incline Bench Press (Barbell)";"1";"60.0";"8";"";"";"";"";""
"414";"2026-03-23 11:54:42";"Push";"6070";"Incline Bench Press (Barbell)";"Rest Timer";"";"";"";"";"180.0";"";""
"414";"2026-03-23 11:54:42";"Push";"6070";"Incline Bench Press (Barbell)";"2";"50.0";"8";"";"";"";"";""
"414";"2026-03-23 11:54:42";"Push";"6070";"Incline Bench Press (Barbell)";"Rest Timer";"";"";"";"";"180.0";"";""
"414";"2026-03-23 11:54:42";"Push";"6070";"Incline Bench Press (Barbell)";"3";"50.0";"8";"";"";"";"";""
"414";"2026-03-23 11:54:42";"Push";"6070";"Overhead Press (Smith Machine)";"W";"0.0";"5";"";"";"";"";""
"414";"2026-03-23 11:54:42";"Push";"6070";"Overhead Press (Smith Machine)";"1";"25.0";"6";"";"";"";"";""
"414";"2026-03-23 11:54:42";"Push";"6070";"Overhead Press (Smith Machine)";"Rest Timer";"";"";"";"";"180.0";"";""
"414";"2026-03-23 11:54:42";"Push";"6070";"Overhead Press (Smith Machine)";"2";"25.0";"8";"";"";"";"";""
"414";"2026-03-23 11:54:42";"Push";"6070";"Overhead Press (Smith Machine)";"Rest Timer";"";"";"";"";"180.0";"";""
"414";"2026-03-23 11:54:42";"Push";"6070";"Overhead Press (Smith Machine)";"3";"25.0";"11";"";"";"";"";""
"414";"2026-03-23 11:54:42";"Push";"6070";"Chest Flies Cable Seated Heavy";"Note";"";"";"";"";"";"Stay with this";""
"414";"2026-03-23 11:54:42";"Push";"6070";"Chest Flies Cable Seated Heavy";"1";"12.0";"12";"";"";"";"";""
"414";"2026-03-23 11:54:42";"Push";"6070";"Chest Flies Cable Seated Heavy";"Rest Timer";"";"";"";"";"120.0";"";""
"414";"2026-03-23 11:54:42";"Push";"6070";"Chest Flies Cable Seated Heavy";"2";"12.0";"12";"";"";"";"";""
"414";"2026-03-23 11:54:42";"Push";"6070";"Chest Flies Cable Seated Heavy";"Rest Timer";"";"";"";"";"180.0";"";""
"414";"2026-03-23 11:54:42";"Push";"6070";"Chest Flies Cable Seated Heavy";"3";"12.0";"16";"";"";"";"";""
"414";"2026-03-23 11:54:42";"Push";"6070";"Lateral Raise (Cable)";"1";"2.5";"14";"";"";"";"";""
"414";"2026-03-23 11:54:42";"Push";"6070";"Lateral Raise (Cable)";"Rest Timer";"";"";"";"";"120.0";"";""
"414";"2026-03-23 11:54:42";"Push";"6070";"Lateral Raise (Cable)";"2";"2.5";"15";"";"";"";"";""
"414";"2026-03-23 11:54:42";"Push";"6070";"Lateral Raise (Cable)";"Rest Timer";"";"";"";"";"120.0";"";""
"414";"2026-03-23 11:54:42";"Push";"6070";"Lateral Raise (Cable)";"3";"2.5";"15";"";"";"";"";""
"414";"2026-03-23 11:54:42";"Push";"6070";"Tricep Extension Cable Overhead";"1";"50.0";"10";"";"";"";"";""
"414";"2026-03-23 11:54:42";"Push";"6070";"Tricep Extension Cable Overhead";"Rest Timer";"";"";"";"";"120.0";"";""
"414";"2026-03-23 11:54:42";"Push";"6070";"Tricep Extension Cable Overhead";"2";"50.0";"12";"";"";"";"";""
"414";"2026-03-23 11:54:42";"Push";"6070";"Tricep Extension Cable Overhead";"Rest Timer";"";"";"";"";"180.0";"";""
"414";"2026-03-23 11:54:42";"Push";"6070";"Tricep Extension Cable Overhead";"3";"50.0";"12";"";"";"";"";""
"414";"2026-03-23 11:54:42";"Push";"6070";"Double handle tricep pushdown";"1";"30.0";"15";"";"";"";"";""
"414";"2026-03-23 11:54:42";"Push";"6070";"Double handle tricep pushdown";"Rest Timer";"";"";"";"";"60.0";"";""
"414";"2026-03-23 11:54:42";"Push";"6070";"Double handle tricep pushdown";"2";"30.0";"20";"";"";"";"";""
"414";"2026-03-23 11:54:42";"Push";"6070";"Double handle tricep pushdown";"Rest Timer";"";"";"";"";"180.0";"";""
"414";"2026-03-23 11:54:42";"Push";"6070";"Double handle tricep pushdown";"3";"30.0";"20";"";"";"";"";""
"415";"2026-03-25 21:31:39";"Pull";"5026";"Lat Pulldown Overhand Grip";"W";"25.0";"5";"";"";"";"";""
"415";"2026-03-25 21:31:39";"Pull";"5026";"Lat Pulldown Overhand Grip";"W";"35.0";"5";"";"";"";"";""
"415";"2026-03-25 21:31:39";"Pull";"5026";"Lat Pulldown Overhand Grip";"1";"60.0";"10";"";"";"";"";""
"415";"2026-03-25 21:31:39";"Pull";"5026";"Lat Pulldown Overhand Grip";"Rest Timer";"";"";"";"";"180.0";"";""
"415";"2026-03-25 21:31:39";"Pull";"5026";"Lat Pulldown Overhand Grip";"2";"60.0";"12";"";"";"";"";""
"415";"2026-03-25 21:31:39";"Pull";"5026";"Lat Pulldown Overhand Grip";"Rest Timer";"";"";"";"";"180.0";"";""
"415";"2026-03-25 21:31:39";"Pull";"5026";"Lat Pulldown Overhand Grip";"3";"62.5";"12";"";"";"";"";""
"415";"2026-03-25 21:31:39";"Pull";"5026";"Low Cable Row Neutral Grip";"W";"60.0";"5";"";"";"";"";""
"415";"2026-03-25 21:31:39";"Pull";"5026";"Low Cable Row Neutral Grip";"1";"92.5";"10";"";"";"";"";""
"415";"2026-03-25 21:31:39";"Pull";"5026";"Low Cable Row Neutral Grip";"Rest Timer";"";"";"";"";"180.0";"";""
"415";"2026-03-25 21:31:39";"Pull";"5026";"Low Cable Row Neutral Grip";"2";"92.5";"13";"";"";"";"";""
"415";"2026-03-25 21:31:39";"Pull";"5026";"Low Cable Row Neutral Grip";"Rest Timer";"";"";"";"";"180.0";"";""
"415";"2026-03-25 21:31:39";"Pull";"5026";"Low Cable Row Neutral Grip";"3";"92.5";"14";"";"";"";"";""
"415";"2026-03-25 21:31:39";"Pull";"5026";"Jammer Arm Rows Underhand Grip";"Note";"";"";"";"";"";"Stay at 30, didn’t get good squeeze at 35";""
"415";"2026-03-25 21:31:39";"Pull";"5026";"Jammer Arm Rows Underhand Grip";"W";"25.0";"3";"";"";"";"";""
"415";"2026-03-25 21:31:39";"Pull";"5026";"Jammer Arm Rows Underhand Grip";"1";"35.0";"6";"";"";"";"";""
"415";"2026-03-25 21:31:39";"Pull";"5026";"Jammer Arm Rows Underhand Grip";"Rest Timer";"";"";"";"";"180.0";"";""
"415";"2026-03-25 21:31:39";"Pull";"5026";"Jammer Arm Rows Underhand Grip";"2";"35.0";"7";"";"";"";"";""
"415";"2026-03-25 21:31:39";"Pull";"5026";"Jammer Arm Rows Underhand Grip";"Rest Timer";"";"";"";"";"180.0";"";""
"415";"2026-03-25 21:31:39";"Pull";"5026";"Jammer Arm Rows Underhand Grip";"3";"35.0";"7";"";"";"";"";""
"415";"2026-03-25 21:31:39";"Pull";"5026";"Pullover Seated Rope Cable ";"Note";"";"";"";"";"";"Stick with weight ";""
"415";"2026-03-25 21:31:39";"Pull";"5026";"Pullover Seated Rope Cable ";"1";"37.5";"12";"";"";"";"";""
"415";"2026-03-25 21:31:39";"Pull";"5026";"Pullover Seated Rope Cable ";"Rest Timer";"";"";"";"";"120.0";"";""
"415";"2026-03-25 21:31:39";"Pull";"5026";"Pullover Seated Rope Cable ";"2";"37.5";"14";"";"";"";"";""
"415";"2026-03-25 21:31:39";"Pull";"5026";"Pullover Seated Rope Cable ";"Rest Timer";"";"";"";"";"180.0";"";""
"415";"2026-03-25 21:31:39";"Pull";"5026";"Pullover Seated Rope Cable ";"3";"37.5";"18";"";"";"";"";""
"415";"2026-03-25 21:31:39";"Pull";"5026";"Chest Supported Face Pull";"Note";"";"";"";"";"";"Stick with weight, maybe drop and hit 20 reps on each";""
"415";"2026-03-25 21:31:39";"Pull";"5026";"Chest Supported Face Pull";"1";"25.0";"15";"";"";"";"";""
"415";"2026-03-25 21:31:39";"Pull";"5026";"Chest Supported Face Pull";"Rest Timer";"";"";"";"";"60.0";"";""
"415";"2026-03-25 21:31:39";"Pull";"5026";"Chest Supported Face Pull";"2";"25.0";"15";"";"";"";"";""
"415";"2026-03-25 21:31:39";"Pull";"5026";"Chest Supported Face Pull";"Rest Timer";"";"";"";"";"60.0";"";""
"415";"2026-03-25 21:31:39";"Pull";"5026";"Chest Supported Face Pull";"3";"25.0";"18";"";"";"";"";""
"415";"2026-03-25 21:31:39";"Pull";"5026";"Bayesian Hammer Curl Cable";"Note";"";"";"";"";"";"Stick with weight";""
"415";"2026-03-25 21:31:39";"Pull";"5026";"Bayesian Hammer Curl Cable";"1";"11.25";"10";"";"";"";"";""
"415";"2026-03-25 21:31:39";"Pull";"5026";"Bayesian Hammer Curl Cable";"Rest Timer";"";"";"";"";"120.0";"";""
"415";"2026-03-25 21:31:39";"Pull";"5026";"Bayesian Hammer Curl Cable";"2";"11.25";"14";"";"";"";"";""
"415";"2026-03-25 21:31:39";"Pull";"5026";"Bayesian Hammer Curl Cable";"Rest Timer";"";"";"";"";"120.0";"";""
"415";"2026-03-25 21:31:39";"Pull";"5026";"Bayesian Hammer Curl Cable";"3";"11.25";"14";"";"";"";"";""
"416";"2026-03-26 12:38:05";"Leg";"2574";"Squat (Smith Machine)";"W";"50.0";"6";"";"";"";"";""
"416";"2026-03-26 12:38:05";"Leg";"2574";"Squat (Smith Machine)";"1";"90.0";"8";"";"";"";"";""
"416";"2026-03-26 12:38:05";"Leg";"2574";"Squat (Smith Machine)";"Rest Timer";"";"";"";"";"120.0";"";""
"416";"2026-03-26 12:38:05";"Leg";"2574";"Squat (Smith Machine)";"2";"95.0";"8";"";"";"";"";""
"416";"2026-03-26 12:38:05";"Leg";"2574";"Squat (Smith Machine)";"Rest Timer";"";"";"";"";"180.0";"";""
"416";"2026-03-26 12:38:05";"Leg";"2574";"Squat (Smith Machine)";"3";"50.0";"15";"";"";"";"";""
"416";"2026-03-26 12:38:05";"Leg";"2574";"Squat (Smith Machine)";"Rest Timer";"";"";"";"";"180.0";"";""
"416";"2026-03-26 12:38:05";"Leg";"2574";"Romanian Deadlift Smith";"1";"50.0";"8";"";"";"";"";""
"416";"2026-03-26 12:38:05";"Leg";"2574";"Romanian Deadlift Smith";"Rest Timer";"";"";"";"";"180.0";"";""
"416";"2026-03-26 12:38:05";"Leg";"2574";"Romanian Deadlift Smith";"2";"80.0";"8";"";"";"";"";""
"416";"2026-03-26 12:38:05";"Leg";"2574";"Romanian Deadlift Smith";"Rest Timer";"";"";"";"";"180.0";"";""
"416";"2026-03-26 12:38:05";"Leg";"2574";"Romanian Deadlift Smith";"3";"50.0";"12";"";"";"";"";""
"416";"2026-03-26 12:38:05";"Leg";"2574";"Romanian Deadlift Smith";"Rest Timer";"";"";"";"";"180.0";"";""
"416";"2026-03-26 12:38:05";"Leg";"2574";"Split Squats Smith";"1";"10.0";"8";"";"";"";"";""
"416";"2026-03-26 12:38:05";"Leg";"2574";"Split Squats Smith";"Rest Timer";"";"";"";"";"120.0";"";""
"416";"2026-03-26 12:38:05";"Leg";"2574";"Split Squats Smith";"2";"0.0";"15";"";"";"";"";""
"416";"2026-03-26 12:38:05";"Leg";"2574";"Split Squats Smith";"Rest Timer";"";"";"";"";"120.0";"";""
"416";"2026-03-26 12:38:05";"Leg";"2574";"Hip Thrust Smith";"1";"0.0";"10";"";"";"";"";""
"416";"2026-03-26 12:38:05";"Leg";"2574";"Hip Thrust Smith";"Rest Timer";"";"";"";"";"120.0";"";""
"416";"2026-03-26 12:38:05";"Leg";"2574";"Hip Thrust Smith";"2";"0.0";"12";"";"";"";"";""
"416";"2026-03-26 12:38:05";"Leg";"2574";"Hip Thrust Smith";"Rest Timer";"";"";"";"";"120.0";"";""
"416";"2026-03-26 12:38:05";"Leg";"2574";"Standing Calf Raise (Smith Machine)";"1";"0.0";"8";"";"";"";"";""
"416";"2026-03-26 12:38:05";"Leg";"2574";"Standing Calf Raise (Smith Machine)";"Rest Timer";"";"";"";"";"120.0";"";""
"416";"2026-03-26 12:38:05";"Leg";"2574";"Standing Calf Raise (Smith Machine)";"2";"0.0";"13";"";"";"";"";""
"416";"2026-03-26 12:38:05";"Leg";"2574";"Standing Calf Raise (Smith Machine)";"Rest Timer";"";"";"";"";"120.0";"";""
"417";"2026-03-28 06:17:25";"Pull";"3691";"Lat Pulldown Overhand Grip";"W";"25.0";"5";"";"";"";"";""
"417";"2026-03-28 06:17:25";"Pull";"3691";"Lat Pulldown Overhand Grip";"W";"35.0";"5";"";"";"";"";""
"417";"2026-03-28 06:17:25";"Pull";"3691";"Lat Pulldown Overhand Grip";"1";"80.0";"10";"";"";"";"";""
"417";"2026-03-28 06:17:25";"Pull";"3691";"Lat Pulldown Overhand Grip";"Rest Timer";"";"";"";"";"180.0";"";""
"417";"2026-03-28 06:17:25";"Pull";"3691";"Lat Pulldown Overhand Grip";"2";"50.0";"15";"";"";"";"";""
"417";"2026-03-28 06:17:25";"Pull";"3691";"Lat Pulldown Overhand Grip";"Rest Timer";"";"";"";"";"180.0";"";""
"417";"2026-03-28 06:17:25";"Pull";"3691";"Low Cable Row Neutral Grip";"W";"60.0";"5";"";"";"";"";""
"417";"2026-03-28 06:17:25";"Pull";"3691";"Low Cable Row Neutral Grip";"1";"92.5";"14";"";"";"";"";""
"417";"2026-03-28 06:17:25";"Pull";"3691";"Low Cable Row Neutral Grip";"Rest Timer";"";"";"";"";"180.0";"";""
"417";"2026-03-28 06:17:25";"Pull";"3691";"Low Cable Row Neutral Grip";"2";"70.0";"18";"";"";"";"";""
"417";"2026-03-28 06:17:25";"Pull";"3691";"Low Cable Row Neutral Grip";"Rest Timer";"";"";"";"";"180.0";"";""
"417";"2026-03-28 06:17:25";"Pull";"3691";"Jammer Arm Rows Underhand Grip";"Note";"";"";"";"";"";"Stay at 30, didn’t get good squeeze at 35";""
"417";"2026-03-28 06:17:25";"Pull";"3691";"Jammer Arm Rows Underhand Grip";"W";"25.0";"3";"";"";"";"";""
"417";"2026-03-28 06:17:25";"Pull";"3691";"Jammer Arm Rows Underhand Grip";"1";"35.0";"8";"";"";"";"";""
"417";"2026-03-28 06:17:25";"Pull";"3691";"Jammer Arm Rows Underhand Grip";"Rest Timer";"";"";"";"";"180.0";"";""
"417";"2026-03-28 06:17:25";"Pull";"3691";"Jammer Arm Rows Underhand Grip";"2";"35.0";"15";"";"";"";"";""
"417";"2026-03-28 06:17:25";"Pull";"3691";"Jammer Arm Rows Underhand Grip";"Rest Timer";"";"";"";"";"180.0";"";""
"417";"2026-03-28 06:17:25";"Pull";"3691";"Pullover Seated Rope Cable ";"Note";"";"";"";"";"";"Stick with weight ";""
"417";"2026-03-28 06:17:25";"Pull";"3691";"Pullover Seated Rope Cable ";"1";"40.0";"15";"";"";"";"";""
"417";"2026-03-28 06:17:25";"Pull";"3691";"Pullover Seated Rope Cable ";"Rest Timer";"";"";"";"";"120.0";"";""
"417";"2026-03-28 06:17:25";"Pull";"3691";"Pullover Seated Rope Cable ";"2";"30.0";"20";"";"";"";"";""
"417";"2026-03-28 06:17:25";"Pull";"3691";"Pullover Seated Rope Cable ";"Rest Timer";"";"";"";"";"180.0";"";""
"417";"2026-03-28 06:17:25";"Pull";"3691";"Chest Supported Face Pull";"1";"20.0";"20";"";"";"";"";""
"417";"2026-03-28 06:17:25";"Pull";"3691";"Chest Supported Face Pull";"Rest Timer";"";"";"";"";"60.0";"";""
"417";"2026-03-28 06:17:25";"Pull";"3691";"Chest Supported Face Pull";"2";"22.5";"16";"";"";"";"";""
"417";"2026-03-28 06:17:25";"Pull";"3691";"Chest Supported Face Pull";"Rest Timer";"";"";"";"";"60.0";"";""
"417";"2026-03-28 06:17:25";"Pull";"3691";"Bayesian Hammer Curl Cable";"1";"12.5";"12";"";"";"";"";""
"417";"2026-03-28 06:17:25";"Pull";"3691";"Bayesian Hammer Curl Cable";"Rest Timer";"";"";"";"";"120.0";"";""
"417";"2026-03-28 06:17:25";"Pull";"3691";"Bayesian Hammer Curl Cable";"2";"7.5";"16";"";"";"";"";""
"417";"2026-03-28 06:17:25";"Pull";"3691";"Bayesian Hammer Curl Cable";"Rest Timer";"";"";"";"";"120.0";"";""
"418";"2026-04-05 21:40:30";"Pull";"3696";"Lat Pulldown Overhand Grip";"W";"25.0";"5";"";"";"";"";""
"418";"2026-04-05 21:40:30";"Pull";"3696";"Lat Pulldown Overhand Grip";"W";"50.0";"5";"";"";"";"";""
"418";"2026-04-05 21:40:30";"Pull";"3696";"Lat Pulldown Overhand Grip";"1";"82.5";"10";"";"";"";"";""
"418";"2026-04-05 21:40:30";"Pull";"3696";"Lat Pulldown Overhand Grip";"Rest Timer";"";"";"";"";"180.0";"";""
"418";"2026-04-05 21:40:30";"Pull";"3696";"Lat Pulldown Overhand Grip";"2";"60.0";"12";"";"";"";"";""
"418";"2026-04-05 21:40:30";"Pull";"3696";"Low Cable Row Neutral Grip";"W";"60.0";"5";"";"";"";"";""
"418";"2026-04-05 21:40:30";"Pull";"3696";"Low Cable Row Neutral Grip";"1";"95.0";"11";"";"";"";"";""
"418";"2026-04-05 21:40:30";"Pull";"3696";"Low Cable Row Neutral Grip";"Rest Timer";"";"";"";"";"180.0";"";""
"418";"2026-04-05 21:40:30";"Pull";"3696";"Low Cable Row Neutral Grip";"2";"70.0";"15";"";"";"";"";""
"418";"2026-04-05 21:40:30";"Pull";"3696";"Jammer Arm Rows Underhand Grip";"Note";"";"";"";"";"";"Try 35-37.5, didn’t get good squeeze at 40";""
"418";"2026-04-05 21:40:30";"Pull";"3696";"Jammer Arm Rows Underhand Grip";"Note";"";"";"";"";"";"";""
"418";"2026-04-05 21:40:30";"Pull";"3696";"Jammer Arm Rows Underhand Grip";"W";"25.0";"5";"";"";"";"";""
"418";"2026-04-05 21:40:30";"Pull";"3696";"Jammer Arm Rows Underhand Grip";"1";"40.0";"6";"";"";"";"";""
"418";"2026-04-05 21:40:30";"Pull";"3696";"Jammer Arm Rows Underhand Grip";"Rest Timer";"";"";"";"";"180.0";"";""
"418";"2026-04-05 21:40:30";"Pull";"3696";"Jammer Arm Rows Underhand Grip";"2";"30.0";"10";"";"";"";"";""
"418";"2026-04-05 21:40:30";"Pull";"3696";"Pullover Seated Rope Cable ";"Note";"";"";"";"";"";"Stick with weight ";""
"418";"2026-04-05 21:40:30";"Pull";"3696";"Pullover Seated Rope Cable ";"1";"42.5";"13";"";"";"";"";""
"418";"2026-04-05 21:40:30";"Pull";"3696";"Pullover Seated Rope Cable ";"Rest Timer";"";"";"";"";"60.0";"";""
"418";"2026-04-05 21:40:30";"Pull";"3696";"Pullover Seated Rope Cable ";"2";"35.0";"15";"";"";"";"";""
"418";"2026-04-05 21:40:30";"Pull";"3696";"Chest Supported Face Pull";"Note";"";"";"";"";"";"Went light due to shoulder pain";""
"418";"2026-04-05 21:40:30";"Pull";"3696";"Chest Supported Face Pull";"1";"20.0";"15";"";"";"";"";""
"418";"2026-04-05 21:40:30";"Pull";"3696";"Chest Supported Face Pull";"Rest Timer";"";"";"";"";"60.0";"";""
"418";"2026-04-05 21:40:30";"Pull";"3696";"Chest Supported Face Pull";"2";"20.0";"15";"";"";"";"";""
"418";"2026-04-05 21:40:30";"Pull";"3696";"Bayesian Hammer Curl Cable";"1";"13.75";"10";"";"";"";"";""
"418";"2026-04-05 21:40:30";"Pull";"3696";"Bayesian Hammer Curl Cable";"Rest Timer";"";"";"";"";"60.0";"";""
"418";"2026-04-05 21:40:30";"Pull";"3696";"Bayesian Hammer Curl Cable";"2";"7.5";"15";"";"";"";"";""
"419";"2026-04-07 12:23:42";"Push";"2532";"Jammer Arm Chest Press";"Note";"";"";"";"";"";"May need to go up in height";""
"419";"2026-04-07 12:23:42";"Push";"2532";"Jammer Arm Chest Press";"1";"75.0";"6";"";"";"";"";""
"419";"2026-04-07 12:23:42";"Push";"2532";"Jammer Arm Chest Press";"Rest Timer";"";"";"";"";"120.0";"";""
"419";"2026-04-07 12:23:42";"Push";"2532";"Jammer Arm Chest Press";"2";"75.0";"10";"";"";"";"";""
"419";"2026-04-07 12:23:42";"Push";"2532";"Jammer Arm Chest Press";"Rest Timer";"";"";"";"";"120.0";"";""
"419";"2026-04-07 12:23:42";"Push";"2532";"Overhead Press (Smith Machine)";"W";"0.0";"5";"";"";"";"";""
"419";"2026-04-07 12:23:42";"Push";"2532";"Overhead Press (Smith Machine)";"1";"25.0";"10";"";"";"";"";""
"419";"2026-04-07 12:23:42";"Push";"2532";"Overhead Press (Smith Machine)";"Rest Timer";"";"";"";"";"180.0";"";""
"419";"2026-04-07 12:23:42";"Push";"2532";"Overhead Press (Smith Machine)";"2";"20.0";"14";"";"";"";"";""
"419";"2026-04-07 12:23:42";"Push";"2532";"Chest Flies Cable Seated Heavy";"Note";"";"";"";"";"";"Stay with this";""
"419";"2026-04-07 12:23:42";"Push";"2532";"Chest Flies Cable Seated Heavy";"1";"15.0";"12";"";"";"";"";""
"419";"2026-04-07 12:23:42";"Push";"2532";"Chest Flies Cable Seated Heavy";"Rest Timer";"";"";"";"";"60.0";"";""
"419";"2026-04-07 12:23:42";"Push";"2532";"Chest Flies Cable Seated Heavy";"2";"10.0";"15";"";"";"";"";""
"419";"2026-04-07 12:23:42";"Push";"2532";"Lateral Raise (Cable)";"1";"2.5";"15";"";"";"";"";""
"419";"2026-04-07 12:23:42";"Push";"2532";"Lateral Raise (Cable)";"Rest Timer";"";"";"";"";"60.0";"";""
"419";"2026-04-07 12:23:42";"Push";"2532";"Lateral Raise (Cable)";"2";"0.0";"12";"";"";"";"";""
"420";"2026-04-10 12:04:28";"Arms";"3774";"JM Press";"Note";"";"";"";"";"";"6-8/12-15

Start arms straight, finish arms 45

Rotate knuckles forward as you come down

Stick with weight when tendons get sore, don't fight through it";""
"420";"2026-04-10 12:04:28";"Arms";"3774";"JM Press";"1";"25.0";"8";"";"";"";"";""
"420";"2026-04-10 12:04:28";"Arms";"3774";"JM Press";"Rest Timer";"";"";"";"";"120.0";"";""
"420";"2026-04-10 12:04:28";"Arms";"3774";"JM Press";"2";"20.0";"16";"";"";"";"";""
"420";"2026-04-10 12:04:28";"Arms";"3774";"Bicep Curl (Barbell)";"Note";"";"";"";"";"";"6-8/12-15";""
"420";"2026-04-10 12:04:28";"Arms";"3774";"Bicep Curl (Barbell)";"1";"10.0";"8";"";"";"";"";""
"420";"2026-04-10 12:04:28";"Arms";"3774";"Bicep Curl (Barbell)";"Rest Timer";"";"";"";"";"180.0";"";""
"420";"2026-04-10 12:04:28";"Arms";"3774";"Bicep Curl (Barbell)";"2";"2.5";"15";"";"";"";"";""
"420";"2026-04-10 12:04:28";"Arms";"3774";"Triceps Pushdown (Cable - Straight Bar)";"Note";"";"";"";"";"";"10-12/12-15";""
"420";"2026-04-10 12:04:28";"Arms";"3774";"Triceps Pushdown (Cable - Straight Bar)";"1";"55.0";"13";"";"";"";"";""
"420";"2026-04-10 12:04:28";"Arms";"3774";"Triceps Pushdown (Cable - Straight Bar)";"Rest Timer";"";"";"";"";"60.0";"";""
"420";"2026-04-10 12:04:28";"Arms";"3774";"Triceps Pushdown (Cable - Straight Bar)";"2";"40.0";"17";"";"";"";"";""
"420";"2026-04-10 12:04:28";"Arms";"3774";"Bayesian Hammer Curl Cable";"Note";"";"";"";"";"";"8-10/12-15";""
"420";"2026-04-10 12:04:28";"Arms";"3774";"Bayesian Hammer Curl Cable";"1";"13.75";"13";"";"";"";"";""
"420";"2026-04-10 12:04:28";"Arms";"3774";"Bayesian Hammer Curl Cable";"Rest Timer";"";"";"";"";"120.0";"";""
"420";"2026-04-10 12:04:28";"Arms";"3774";"Bayesian Hammer Curl Cable";"2";"10.0";"14";"";"";"";"";""
"420";"2026-04-10 12:04:28";"Arms";"3774";"Tricep Extension Cable Overhead";"Note";"";"";"";"";"";"12-15/20+";""
"420";"2026-04-10 12:04:28";"Arms";"3774";"Tricep Extension Cable Overhead";"1";"50.0";"14";"";"";"";"";""
"420";"2026-04-10 12:04:28";"Arms";"3774";"Tricep Extension Cable Overhead";"Rest Timer";"";"";"";"";"60.0";"";""
"420";"2026-04-10 12:04:28";"Arms";"3774";"Tricep Extension Cable Overhead";"2";"25.0";"19";"";"";"";"";""
"420";"2026-04-10 12:04:28";"Arms";"3774";"Cable Spider Curls";"Note";"";"";"";"";"";"10-12/15-20

Focus on squeeze and peak contraction

Cable perpendicular to bench";""
"420";"2026-04-10 12:04:28";"Arms";"3774";"Cable Spider Curls";"1";"5.0";"8";"";"";"";"";""
"420";"2026-04-10 12:04:28";"Arms";"3774";"Cable Spider Curls";"Rest Timer";"";"";"";"";"120.0";"";""
"420";"2026-04-10 12:04:28";"Arms";"3774";"Cable Spider Curls";"2";"2.5";"20";"";"";"";"";""
"421";"2026-04-13 11:51:48";"Push";"3227";"Jammer Arm Chest Press";"W";"25.0";"5";"";"";"";"";""
"421";"2026-04-13 11:51:48";"Push";"3227";"Jammer Arm Chest Press";"W";"50.0";"5";"";"";"";"";""
"421";"2026-04-13 11:51:48";"Push";"3227";"Jammer Arm Chest Press";"Note";"";"";"";"";"";"May need to go up in height";""
"421";"2026-04-13 11:51:48";"Push";"3227";"Jammer Arm Chest Press";"1";"90.0";"8";"";"";"";"";""
"421";"2026-04-13 11:51:48";"Push";"3227";"Jammer Arm Chest Press";"Rest Timer";"";"";"";"";"120.0";"";""
"421";"2026-04-13 11:51:48";"Push";"3227";"Jammer Arm Chest Press";"2";"80.0";"10";"";"";"";"";""
"421";"2026-04-13 11:51:48";"Push";"3227";"Jammer Arm Chest Press";"Rest Timer";"";"";"";"";"120.0";"";""
"421";"2026-04-13 11:51:48";"Push";"3227";"Cable Press Incline ";"Note";"";"";"";"";"";"8-10/12-15";""
"421";"2026-04-13 11:51:48";"Push";"3227";"Cable Press Incline ";"1";"25.0";"10";"";"";"";"";""
"421";"2026-04-13 11:51:48";"Push";"3227";"Cable Press Incline ";"Rest Timer";"";"";"";"";"120.0";"";""
"421";"2026-04-13 11:51:48";"Push";"3227";"Cable Press Incline ";"2";"25.0";"12";"";"";"";"";""
"421";"2026-04-13 11:51:48";"Push";"3227";"Cable Press Incline ";"Rest Timer";"";"";"";"";"120.0";"";""
"421";"2026-04-13 11:51:48";"Push";"3227";"Chest Flies Cable Seated Heavy";"Note";"";"";"";"";"";"Stay with this";""
"421";"2026-04-13 11:51:48";"Push";"3227";"Chest Flies Cable Seated Heavy";"1";"15.0";"13";"";"";"";"";""
"421";"2026-04-13 11:51:48";"Push";"3227";"Chest Flies Cable Seated Heavy";"Rest Timer";"";"";"";"";"120.0";"";""
"421";"2026-04-13 11:51:48";"Push";"3227";"Chest Flies Cable Seated Heavy";"2";"10.0";"16";"";"";"";"";""
"421";"2026-04-13 11:51:48";"Push";"3227";"Lateral Raise (Cable)";"1";"2.5";"16";"";"";"";"";""
"421";"2026-04-13 11:51:48";"Push";"3227";"Lateral Raise (Cable)";"Rest Timer";"";"";"";"";"60.0";"";""
"421";"2026-04-13 11:51:48";"Push";"3227";"Lateral Raise (Cable)";"2";"0.0";"20";"";"";"";"";""
"422";"2026-04-14 12:11:34";"Pull";"3212";"Lat Pulldown Overhand Grip";"W";"25.0";"5";"";"";"";"";""
"422";"2026-04-14 12:11:34";"Pull";"3212";"Lat Pulldown Overhand Grip";"W";"50.0";"5";"";"";"";"";""
"422";"2026-04-14 12:11:34";"Pull";"3212";"Lat Pulldown Overhand Grip";"1";"85.0";"6";"";"";"";"";""
"422";"2026-04-14 12:11:34";"Pull";"3212";"Lat Pulldown Overhand Grip";"Rest Timer";"";"";"";"";"180.0";"";""
"422";"2026-04-14 12:11:34";"Pull";"3212";"Lat Pulldown Overhand Grip";"2";"60.0";"11";"";"";"";"";""
"422";"2026-04-14 12:11:34";"Pull";"3212";"Low Cable Row Neutral Grip";"W";"60.0";"5";"";"";"";"";""
"422";"2026-04-14 12:11:34";"Pull";"3212";"Low Cable Row Neutral Grip";"1";"95.0";"12";"";"";"";"";""
"422";"2026-04-14 12:11:34";"Pull";"3212";"Low Cable Row Neutral Grip";"Rest Timer";"";"";"";"";"180.0";"";""
"422";"2026-04-14 12:11:34";"Pull";"3212";"Low Cable Row Neutral Grip";"2";"70.0";"20";"";"";"";"";""
"422";"2026-04-14 12:11:34";"Pull";"3212";"Jammer Arm Rows Underhand Grip";"Note";"";"";"";"";"";"Stay at 30, didn’t get good squeeze at 35";""
"422";"2026-04-14 12:11:34";"Pull";"3212";"Jammer Arm Rows Underhand Grip";"W";"25.0";"5";"";"";"";"";""
"422";"2026-04-14 12:11:34";"Pull";"3212";"Jammer Arm Rows Underhand Grip";"1";"36.25";"7";"";"";"";"";""
"422";"2026-04-14 12:11:34";"Pull";"3212";"Jammer Arm Rows Underhand Grip";"Rest Timer";"";"";"";"";"180.0";"";""
"422";"2026-04-14 12:11:34";"Pull";"3212";"Jammer Arm Rows Underhand Grip";"2";"25.0";"14";"";"";"";"";""
"422";"2026-04-14 12:11:34";"Pull";"3212";"Pullover Seated Rope Cable ";"Note";"";"";"";"";"";"Stick with weight ";""
"422";"2026-04-14 12:11:34";"Pull";"3212";"Pullover Seated Rope Cable ";"1";"42.5";"17";"";"";"";"";""
"422";"2026-04-14 12:11:34";"Pull";"3212";"Pullover Seated Rope Cable ";"Rest Timer";"";"";"";"";"60.0";"";""
"422";"2026-04-14 12:11:34";"Pull";"3212";"Pullover Seated Rope Cable ";"2";"30.0";"19";"";"";"";"";""
"422";"2026-04-14 12:11:34";"Pull";"3212";"Chest Supported Face Pull";"1";"20.0";"24";"";"";"";"";""
"422";"2026-04-14 12:11:34";"Pull";"3212";"Chest Supported Face Pull";"Rest Timer";"";"";"";"";"60.0";"";""
"422";"2026-04-14 12:11:34";"Pull";"3212";"Chest Supported Face Pull";"2";"20.0";"18";"";"";"";"";""
"423";"2026-04-17 12:07:42";"Arms";"4320";"JM Press";"W";"30.0";"5";"";"";"";"";""
"423";"2026-04-17 12:07:42";"Arms";"4320";"JM Press";"W";"35.0";"5";"";"";"";"";""
"423";"2026-04-17 12:07:42";"Arms";"4320";"JM Press";"Note";"";"";"";"";"";"6-8/12-15

Start arms straight, finish arms 45

Rotate knuckles forward as you come down

Stick with weight when tendons get sore, don't fight through it

Bar at eye line

Bench 50 from edge of mat";""
"423";"2026-04-17 12:07:42";"Arms";"4320";"JM Press";"1";"45.0";"10";"";"";"";"";""
"423";"2026-04-17 12:07:42";"Arms";"4320";"JM Press";"Rest Timer";"";"";"";"";"120.0";"";""
"423";"2026-04-17 12:07:42";"Arms";"4320";"JM Press";"2";"35.0";"14";"";"";"";"";""
"423";"2026-04-17 12:07:42";"Arms";"4320";"JM Press";"Rest Timer";"";"";"";"";"120.0";"";""
"423";"2026-04-17 12:07:42";"Arms";"4320";"Bicep Curl (Barbell)";"Note";"";"";"";"";"";"6-8/12-15";""
"423";"2026-04-17 12:07:42";"Arms";"4320";"Bicep Curl (Barbell)";"1";"15.0";"7";"";"";"";"";""
"423";"2026-04-17 12:07:42";"Arms";"4320";"Bicep Curl (Barbell)";"Rest Timer";"";"";"";"";"120.0";"";""
"423";"2026-04-17 12:07:42";"Arms";"4320";"Bicep Curl (Barbell)";"2";"5.0";"13";"";"";"";"";""
"423";"2026-04-17 12:07:42";"Arms";"4320";"Bicep Curl (Barbell)";"Rest Timer";"";"";"";"";"120.0";"";""
"423";"2026-04-17 12:07:42";"Arms";"4320";"Tricep Extension Cable Overhead";"Note";"";"";"";"";"";"8-10/15-20";""
"423";"2026-04-17 12:07:42";"Arms";"4320";"Tricep Extension Cable Overhead";"1";"55.0";"11";"";"";"";"";""
"423";"2026-04-17 12:07:42";"Arms";"4320";"Tricep Extension Cable Overhead";"Rest Timer";"";"";"";"";"60.0";"";""
"423";"2026-04-17 12:07:42";"Arms";"4320";"Tricep Extension Cable Overhead";"2";"30.0";"18";"";"";"";"";""
"423";"2026-04-17 12:07:42";"Arms";"4320";"Tricep Extension Cable Overhead";"Rest Timer";"";"";"";"";"180.0";"";""
"423";"2026-04-17 12:07:42";"Arms";"4320";"Bayesian Hammer Curl Cable";"Note";"";"";"";"";"";"8-10/12-15";""
"423";"2026-04-17 12:07:42";"Arms";"4320";"Bayesian Hammer Curl Cable";"1";"15.0";"13";"";"";"";"";""
"423";"2026-04-17 12:07:42";"Arms";"4320";"Bayesian Hammer Curl Cable";"Rest Timer";"";"";"";"";"120.0";"";""
"423";"2026-04-17 12:07:42";"Arms";"4320";"Bayesian Hammer Curl Cable";"2";"10.0";"13";"";"";"";"";""
"423";"2026-04-17 12:07:42";"Arms";"4320";"Bayesian Hammer Curl Cable";"Rest Timer";"";"";"";"";"120.0";"";""
"423";"2026-04-17 12:07:42";"Arms";"4320";"Triceps Pushdown (Cable - Straight Bar)";"Note";"";"";"";"";"";"10-12/20+";""
"423";"2026-04-17 12:07:42";"Arms";"4320";"Triceps Pushdown (Cable - Straight Bar)";"1";"60.0";"12";"";"";"";"";""
"423";"2026-04-17 12:07:42";"Arms";"4320";"Triceps Pushdown (Cable - Straight Bar)";"Rest Timer";"";"";"";"";"120.0";"";""
"423";"2026-04-17 12:07:42";"Arms";"4320";"Triceps Pushdown (Cable - Straight Bar)";"2";"40.0";"13";"";"";"";"";""
"423";"2026-04-17 12:07:42";"Arms";"4320";"Triceps Pushdown (Cable - Straight Bar)";"Rest Timer";"";"";"";"";"120.0";"";""
"423";"2026-04-17 12:07:42";"Arms";"4320";"Lying Cable Curl";"Note";"";"";"";"";"";"12-15/20+

Lift elbows at last point to get best contraction";""
"423";"2026-04-17 12:07:42";"Arms";"4320";"Lying Cable Curl";"1";"15.0";"18";"";"";"";"";""
"423";"2026-04-17 12:07:42";"Arms";"4320";"Lying Cable Curl";"Rest Timer";"";"";"";"";"120.0";"";""
"423";"2026-04-17 12:07:42";"Arms";"4320";"Lying Cable Curl";"2";"10.0";"23";"";"";"";"";""
"423";"2026-04-17 12:07:42";"Arms";"4320";"Lying Cable Curl";"Rest Timer";"";"";"";"";"120.0";"";""
"424";"2026-04-18 13:14:13";"Leg";"2516";"Squat (Smith Machine)";"W";"50.0";"5";"";"";"";"";""
"424";"2026-04-18 13:14:13";"Leg";"2516";"Squat (Smith Machine)";"1";"100.0";"6";"";"";"";"";""
"424";"2026-04-18 13:14:13";"Leg";"2516";"Squat (Smith Machine)";"Rest Timer";"";"";"";"";"180.0";"";""
"424";"2026-04-18 13:14:13";"Leg";"2516";"Squat (Smith Machine)";"2";"50.0";"13";"";"";"";"";""
"424";"2026-04-18 13:14:13";"Leg";"2516";"Squat (Smith Machine)";"Rest Timer";"";"";"";"";"180.0";"";""
"424";"2026-04-18 13:14:13";"Leg";"2516";"Romanian Deadlift Smith";"W";"50.0";"3";"";"";"";"";""
"424";"2026-04-18 13:14:13";"Leg";"2516";"Romanian Deadlift Smith";"1";"80.0";"7";"";"";"";"";""
"424";"2026-04-18 13:14:13";"Leg";"2516";"Romanian Deadlift Smith";"Rest Timer";"";"";"";"";"180.0";"";""
"424";"2026-04-18 13:14:13";"Leg";"2516";"Romanian Deadlift Smith";"2";"50.0";"14";"";"";"";"";""
"424";"2026-04-18 13:14:13";"Leg";"2516";"Romanian Deadlift Smith";"Rest Timer";"";"";"";"";"180.0";"";""
"424";"2026-04-18 13:14:13";"Leg";"2516";"Split Squats Smith";"Note";"";"";"";"";"";"Glute focus

Lower bar on bar, lean a bit forward, stretch glute";""
"424";"2026-04-18 13:14:13";"Leg";"2516";"Split Squats Smith";"1";"0.0";"8";"";"";"";"";""
"424";"2026-04-18 13:14:13";"Leg";"2516";"Split Squats Smith";"Rest Timer";"";"";"";"";"120.0";"";""
"424";"2026-04-18 13:14:13";"Leg";"2516";"Split Squats Smith";"2";"0.0";"8";"";"";"";"";""
"424";"2026-04-18 13:14:13";"Leg";"2516";"Split Squats Smith";"Rest Timer";"";"";"";"";"120.0";"";""
"424";"2026-04-18 13:14:13";"Leg";"2516";"Standing Calf Raise (Smith Machine)";"1";"0.0";"12";"";"";"";"";""
"424";"2026-04-18 13:14:13";"Leg";"2516";"Standing Calf Raise (Smith Machine)";"Rest Timer";"";"";"";"";"120.0";"";""
"424";"2026-04-18 13:14:13";"Leg";"2516";"Standing Calf Raise (Smith Machine)";"2";"0.0";"12";"";"";"";"";""
"424";"2026-04-18 13:14:13";"Leg";"2516";"Standing Calf Raise (Smith Machine)";"Rest Timer";"";"";"";"";"120.0";"";""
"425";"2026-04-20 12:02:10";"Push";"4020";"Incline Bench Press (Smith Machine)";"Note";"";"";"";"";"";"6-8/10-12";""
"425";"2026-04-20 12:02:10";"Push";"4020";"Incline Bench Press (Smith Machine)";"W";"50.0";"5";"";"";"";"";""
"425";"2026-04-20 12:02:10";"Push";"4020";"Incline Bench Press (Smith Machine)";"W";"60.0";"5";"";"";"";"";""
"425";"2026-04-20 12:02:10";"Push";"4020";"Incline Bench Press (Smith Machine)";"1";"65.0";"9";"";"";"";"";""
"425";"2026-04-20 12:02:10";"Push";"4020";"Incline Bench Press (Smith Machine)";"Rest Timer";"";"";"";"";"60.0";"";""
"425";"2026-04-20 12:02:10";"Push";"4020";"Incline Bench Press (Smith Machine)";"2";"50.0";"12";"";"";"";"";""
"425";"2026-04-20 12:02:10";"Push";"4020";"Incline Bench Press (Smith Machine)";"Rest Timer";"";"";"";"";"180.0";"";""
"425";"2026-04-20 12:02:10";"Push";"4020";"Jammer Arm Chest Press";"Note";"";"";"";"";"";"May need to go up in height";""
"425";"2026-04-20 12:02:10";"Push";"4020";"Jammer Arm Chest Press";"1";"90.0";"8";"";"";"";"";""
"425";"2026-04-20 12:02:10";"Push";"4020";"Jammer Arm Chest Press";"Rest Timer";"";"";"";"";"120.0";"";""
"425";"2026-04-20 12:02:10";"Push";"4020";"Jammer Arm Chest Press";"2";"75.0";"10";"";"";"";"";""
"425";"2026-04-20 12:02:10";"Push";"4020";"Jammer Arm Chest Press";"Rest Timer";"";"";"";"";"120.0";"";""
"425";"2026-04-20 12:02:10";"Push";"4020";"Lateral Raise (Cable)";"Note";"";"";"";"";"";"Drop 50% second set";""
"425";"2026-04-20 12:02:10";"Push";"4020";"Lateral Raise (Cable)";"1";"7.5";"15";"";"";"";"";""
"425";"2026-04-20 12:02:10";"Push";"4020";"Lateral Raise (Cable)";"Rest Timer";"";"";"";"";"60.0";"";""
"425";"2026-04-20 12:02:10";"Push";"4020";"Lateral Raise (Cable)";"2";"5.0";"14";"";"";"";"";""
"425";"2026-04-20 12:02:10";"Push";"4020";"Converging Decline Cable Press";"Note";"";"";"";"";"";"8-10/12-15";""
"425";"2026-04-20 12:02:10";"Push";"4020";"Converging Decline Cable Press";"1";"0.0";"0";"";"";"";"";""
"425";"2026-04-20 12:02:10";"Push";"4020";"Converging Decline Cable Press";"Rest Timer";"";"";"";"";"120.0";"";""
"425";"2026-04-20 12:02:10";"Push";"4020";"Converging Decline Cable Press";"2";"0.0";"0";"";"";"";"";""
"425";"2026-04-20 12:02:10";"Push";"4020";"Converging Decline Cable Press";"Rest Timer";"";"";"";"";"120.0";"";""
"425";"2026-04-20 12:02:10";"Push";"4020";"Chest Flies Cable Seated Heavy";"Note";"";"";"";"";"";"Try crossing arms for peak contraction";""
"425";"2026-04-20 12:02:10";"Push";"4020";"Chest Flies Cable Seated Heavy";"1";"20.0";"10";"";"";"";"";""
"425";"2026-04-20 12:02:10";"Push";"4020";"Chest Flies Cable Seated Heavy";"Rest Timer";"";"";"";"";"120.0";"";""
"425";"2026-04-20 12:02:10";"Push";"4020";"Chest Flies Cable Seated Heavy";"2";"15.0";"13";"";"";"";"";""
"426";"2026-04-21 12:16:16";"Pull";"3322";"Lat Pulldown Overhand Grip";"W";"25.0";"5";"";"";"";"";""
"426";"2026-04-21 12:16:16";"Pull";"3322";"Lat Pulldown Overhand Grip";"W";"50.0";"5";"";"";"";"";""
"426";"2026-04-21 12:16:16";"Pull";"3322";"Lat Pulldown Overhand Grip";"1";"85.0";"9";"";"";"";"";""
"426";"2026-04-21 12:16:16";"Pull";"3322";"Lat Pulldown Overhand Grip";"Rest Timer";"";"";"";"";"180.0";"";""
"426";"2026-04-21 12:16:16";"Pull";"3322";"Lat Pulldown Overhand Grip";"2";"60.0";"15";"";"";"";"";""
"426";"2026-04-21 12:16:16";"Pull";"3322";"Lat Pulldown Overhand Grip";"Rest Timer";"";"";"";"";"180.0";"";""
"426";"2026-04-21 12:16:16";"Pull";"3322";"Low Cable Row Neutral Grip";"W";"60.0";"5";"";"";"";"";""
"426";"2026-04-21 12:16:16";"Pull";"3322";"Low Cable Row Neutral Grip";"1";"100.0";"10";"";"";"";"";""
"426";"2026-04-21 12:16:16";"Pull";"3322";"Low Cable Row Neutral Grip";"Rest Timer";"";"";"";"";"180.0";"";""
"426";"2026-04-21 12:16:16";"Pull";"3322";"Low Cable Row Neutral Grip";"2";"75.0";"15";"";"";"";"";""
"426";"2026-04-21 12:16:16";"Pull";"3322";"Low Cable Row Neutral Grip";"Rest Timer";"";"";"";"";"180.0";"";""
"426";"2026-04-21 12:16:16";"Pull";"3322";"Jammer Arm Rows Underhand Grip";"Note";"";"";"";"";"";"Stay at 30, didn’t get good squeeze at 35

I think go lower, I think im shrugging";""
"426";"2026-04-21 12:16:16";"Pull";"3322";"Jammer Arm Rows Underhand Grip";"W";"25.0";"5";"";"";"";"";""
"426";"2026-04-21 12:16:16";"Pull";"3322";"Jammer Arm Rows Underhand Grip";"1";"36.25";"9";"";"";"";"";""
"426";"2026-04-21 12:16:16";"Pull";"3322";"Jammer Arm Rows Underhand Grip";"Rest Timer";"";"";"";"";"180.0";"";""
"426";"2026-04-21 12:16:16";"Pull";"3322";"Jammer Arm Rows Underhand Grip";"2";"25.0";"16";"";"";"";"";""
"426";"2026-04-21 12:16:16";"Pull";"3322";"Pullover Seated Rope Cable ";"Note";"";"";"";"";"";"Stick with weight ";""
"426";"2026-04-21 12:16:16";"Pull";"3322";"Pullover Seated Rope Cable ";"1";"45.0";"15";"";"";"";"";""
"426";"2026-04-21 12:16:16";"Pull";"3322";"Pullover Seated Rope Cable ";"Rest Timer";"";"";"";"";"60.0";"";""
"426";"2026-04-21 12:16:16";"Pull";"3322";"Pullover Seated Rope Cable ";"2";"35.0";"16";"";"";"";"";""
"426";"2026-04-21 12:16:16";"Pull";"3322";"Chest Supported Face Pull";"1";"20.0";"28";"";"";"";"";""
"426";"2026-04-21 12:16:16";"Pull";"3322";"Chest Supported Face Pull";"Rest Timer";"";"";"";"";"60.0";"";""
"426";"2026-04-21 12:16:16";"Pull";"3322";"Chest Supported Face Pull";"2";"15.0";"23";"";"";"";"";""
"427";"2026-04-24 15:20:48";"Arms";"3469";"JM Press";"Note";"";"";"";"";"";"6-8/12-15

Start arms straight, finish arms 45

Rotate knuckles forward as you come down

Stick with weight when tendons get sore, don't fight through it

Bar at mouth line

Bench 50 from edge of mat";""
"427";"2026-04-24 15:20:48";"Arms";"3469";"JM Press";"W";"30.0";"5";"";"";"";"";""
"427";"2026-04-24 15:20:48";"Arms";"3469";"JM Press";"W";"35.0";"5";"";"";"";"";""
"427";"2026-04-24 15:20:48";"Arms";"3469";"JM Press";"1";"50.0";"11";"";"";"";"";""
"427";"2026-04-24 15:20:48";"Arms";"3469";"JM Press";"Rest Timer";"";"";"";"";"120.0";"";""
"427";"2026-04-24 15:20:48";"Arms";"3469";"JM Press";"2";"40.0";"14";"";"";"";"";""
"427";"2026-04-24 15:20:48";"Arms";"3469";"JM Press";"Rest Timer";"";"";"";"";"180.0";"";""
"427";"2026-04-24 15:20:48";"Arms";"3469";"Bicep Curl (Barbell)";"Note";"";"";"";"";"";"6-8/12-15";""
"427";"2026-04-24 15:20:48";"Arms";"3469";"Bicep Curl (Barbell)";"1";"15.0";"9";"";"";"";"";""
"427";"2026-04-24 15:20:48";"Arms";"3469";"Bicep Curl (Barbell)";"Rest Timer";"";"";"";"";"120.0";"";""
"427";"2026-04-24 15:20:48";"Arms";"3469";"Bicep Curl (Barbell)";"2";"5.0";"14";"";"";"";"";""
"427";"2026-04-24 15:20:48";"Arms";"3469";"Bicep Curl (Barbell)";"Rest Timer";"";"";"";"";"180.0";"";""
"427";"2026-04-24 15:20:48";"Arms";"3469";"Tricep Extension Cable Overhead";"Note";"";"";"";"";"";"8-10/15-20";""
"427";"2026-04-24 15:20:48";"Arms";"3469";"Tricep Extension Cable Overhead";"Note";"";"";"";"";"";"Used rope instead";""
"427";"2026-04-24 15:20:48";"Arms";"3469";"Tricep Extension Cable Overhead";"1";"50.0";"8";"";"";"";"";""
"427";"2026-04-24 15:20:48";"Arms";"3469";"Tricep Extension Cable Overhead";"Rest Timer";"";"";"";"";"120.0";"";""
"427";"2026-04-24 15:20:48";"Arms";"3469";"Tricep Extension Cable Overhead";"2";"25.0";"13";"";"";"";"";""
"427";"2026-04-24 15:20:48";"Arms";"3469";"Tricep Extension Cable Overhead";"Rest Timer";"";"";"";"";"120.0";"";""
"427";"2026-04-24 15:20:48";"Arms";"3469";"Bayesian Hammer Curl Cable";"Note";"";"";"";"";"";"8-10/12-15";""
"427";"2026-04-24 15:20:48";"Arms";"3469";"Bayesian Hammer Curl Cable";"1";"15.0";"13";"";"";"";"";""
"427";"2026-04-24 15:20:48";"Arms";"3469";"Bayesian Hammer Curl Cable";"Rest Timer";"";"";"";"";"120.0";"";""
"427";"2026-04-24 15:20:48";"Arms";"3469";"Bayesian Hammer Curl Cable";"2";"7.5";"13";"";"";"";"";""
"427";"2026-04-24 15:20:48";"Arms";"3469";"Bayesian Hammer Curl Cable";"Rest Timer";"";"";"";"";"120.0";"";""
"427";"2026-04-24 15:20:48";"Arms";"3469";"Triceps Pushdown (Cable - Straight Bar)";"Note";"";"";"";"";"";"10-12/20+";""
"427";"2026-04-24 15:20:48";"Arms";"3469";"Triceps Pushdown (Cable - Straight Bar)";"1";"65.0";"10";"";"";"";"";""
"427";"2026-04-24 15:20:48";"Arms";"3469";"Triceps Pushdown (Cable - Straight Bar)";"Rest Timer";"";"";"";"";"120.0";"";""
"427";"2026-04-24 15:20:48";"Arms";"3469";"Triceps Pushdown (Cable - Straight Bar)";"2";"40.0";"17";"";"";"";"";""
"427";"2026-04-24 15:20:48";"Arms";"3469";"Triceps Pushdown (Cable - Straight Bar)";"Rest Timer";"";"";"";"";"120.0";"";""
"427";"2026-04-24 15:20:48";"Arms";"3469";"Lying Cable Curl";"Note";"";"";"";"";"";"12-15/20+

Lift elbows at last point to get best contraction";""
"427";"2026-04-24 15:20:48";"Arms";"3469";"Lying Cable Curl";"1";"20.0";"18";"";"";"";"";""
"427";"2026-04-24 15:20:48";"Arms";"3469";"Lying Cable Curl";"Rest Timer";"";"";"";"";"120.0";"";""
"427";"2026-04-24 15:20:48";"Arms";"3469";"Lying Cable Curl";"2";"15.0";"21";"";"";"";"";""
"427";"2026-04-24 15:20:48";"Arms";"3469";"Lying Cable Curl";"Rest Timer";"";"";"";"";"120.0";"";""
"428";"2026-04-25 15:10:36";"Leg";"2543";"Squat (Smith Machine)";"W";"50.0";"5";"";"";"";"";""
"428";"2026-04-25 15:10:36";"Leg";"2543";"Squat (Smith Machine)";"1";"60.0";"7";"";"";"";"";""
"428";"2026-04-25 15:10:36";"Leg";"2543";"Squat (Smith Machine)";"Rest Timer";"";"";"";"";"180.0";"";""
"428";"2026-04-25 15:10:36";"Leg";"2543";"Squat (Smith Machine)";"2";"20.0";"12";"";"";"";"";""
"428";"2026-04-25 15:10:36";"Leg";"2543";"Squat (Smith Machine)";"Rest Timer";"";"";"";"";"180.0";"";""
"428";"2026-04-25 15:10:36";"Leg";"2543";"Romanian Deadlift Smith";"W";"50.0";"3";"";"";"";"";""
"428";"2026-04-25 15:10:36";"Leg";"2543";"Romanian Deadlift Smith";"1";"80.0";"10";"";"";"";"";""
"428";"2026-04-25 15:10:36";"Leg";"2543";"Romanian Deadlift Smith";"Rest Timer";"";"";"";"";"180.0";"";""
"428";"2026-04-25 15:10:36";"Leg";"2543";"Romanian Deadlift Smith";"2";"50.0";"15";"";"";"";"";""
"428";"2026-04-25 15:10:36";"Leg";"2543";"Romanian Deadlift Smith";"Rest Timer";"";"";"";"";"180.0";"";""
"428";"2026-04-25 15:10:36";"Leg";"2543";"Split Squats Smith";"Note";"";"";"";"";"";"Glute focus

Lower bar on bar, lean a bit forward, stretch glute";""
"428";"2026-04-25 15:10:36";"Leg";"2543";"Split Squats Smith";"1";"0.0";"8";"";"";"";"";""
"428";"2026-04-25 15:10:36";"Leg";"2543";"Split Squats Smith";"Rest Timer";"";"";"";"";"120.0";"";""
"428";"2026-04-25 15:10:36";"Leg";"2543";"Split Squats Smith";"2";"0.0";"9";"";"";"";"";""
"428";"2026-04-25 15:10:36";"Leg";"2543";"Split Squats Smith";"Rest Timer";"";"";"";"";"120.0";"";""
"428";"2026-04-25 15:10:36";"Leg";"2543";"Standing Calf Raise (Smith Machine)";"Note";"";"";"";"";"";"Start incline 2 then incline 1 on platform";""
"428";"2026-04-25 15:10:36";"Leg";"2543";"Standing Calf Raise (Smith Machine)";"1";"0.0";"14";"";"";"";"";""
"428";"2026-04-25 15:10:36";"Leg";"2543";"Standing Calf Raise (Smith Machine)";"Rest Timer";"";"";"";"";"120.0";"";""
"428";"2026-04-25 15:10:36";"Leg";"2543";"Standing Calf Raise (Smith Machine)";"2";"0.0";"11";"";"";"";"";""
"428";"2026-04-25 15:10:36";"Leg";"2543";"Standing Calf Raise (Smith Machine)";"Rest Timer";"";"";"";"";"120.0";"";""
"429";"2026-04-27 12:17:40";"Push";"2967";"Decline Smith Press";"W";"0.0";"0";"";"";"";"";""
"429";"2026-04-27 12:17:40";"Push";"2967";"Decline Smith Press";"W";"30.0";"60";"";"";"";"";""
"429";"2026-04-27 12:17:40";"Push";"2967";"Decline Smith Press";"Note";"";"";"";"";"";"Chair 50mm from Matt

6-8/10-12";""
"429";"2026-04-27 12:17:40";"Push";"2967";"Decline Smith Press";"1";"60.0";"7";"";"";"";"";""
"429";"2026-04-27 12:17:40";"Push";"2967";"Decline Smith Press";"Rest Timer";"";"";"";"";"120.0";"";""
"429";"2026-04-27 12:17:40";"Push";"2967";"Decline Smith Press";"2";"50.0";"10";"";"";"";"";""
"429";"2026-04-27 12:17:40";"Push";"2967";"Decline Smith Press";"Rest Timer";"";"";"";"";"180.0";"";""
"429";"2026-04-27 12:17:40";"Push";"2967";"Incline Bench Press (Smith Machine)";"Note";"";"";"";"";"";"6-8/10-12

Seat 300 from Matt";""
"429";"2026-04-27 12:17:40";"Push";"2967";"Incline Bench Press (Smith Machine)";"1";"70.0";"6";"";"";"";"";""
"429";"2026-04-27 12:17:40";"Push";"2967";"Incline Bench Press (Smith Machine)";"Rest Timer";"";"";"";"";"180.0";"";""
"429";"2026-04-27 12:17:40";"Push";"2967";"Incline Bench Press (Smith Machine)";"2";"50.0";"10";"";"";"";"";""
"429";"2026-04-27 12:17:40";"Push";"2967";"Incline Bench Press (Smith Machine)";"Rest Timer";"";"";"";"";"180.0";"";""
"429";"2026-04-27 12:17:40";"Push";"2967";"Lateral Raise (Cable)";"Note";"";"";"";"";"";"12-15/20+

Drop 50% second set

Height 11";""
"429";"2026-04-27 12:17:40";"Push";"2967";"Lateral Raise (Cable)";"1";"7.5";"14";"";"";"";"";""
"429";"2026-04-27 12:17:40";"Push";"2967";"Lateral Raise (Cable)";"Rest Timer";"";"";"";"";"120.0";"";""
"429";"2026-04-27 12:17:40";"Push";"2967";"Lateral Raise (Cable)";"2";"2.5";"18";"";"";"";"";""
"429";"2026-04-27 12:17:40";"Push";"2967";"Lateral Raise (Cable)";"Rest Timer";"";"";"";"";"120.0";"";""
"429";"2026-04-27 12:17:40";"Push";"2967";"Chest Flies Cable Seated Heavy";"Note";"";"";"";"";"";"Try crossing arms for peak contraction";""
"429";"2026-04-27 12:17:40";"Push";"2967";"Chest Flies Cable Seated Heavy";"1";"17.5";"13";"";"";"";"";""
"429";"2026-04-27 12:17:40";"Push";"2967";"Chest Flies Cable Seated Heavy";"Rest Timer";"";"";"";"";"120.0";"";""
"429";"2026-04-27 12:17:40";"Push";"2967";"Chest Flies Cable Seated Heavy";"2";"10.0";"17";"";"";"";"";""
"429";"2026-04-27 12:17:40";"Push";"2967";"Chest Flies Cable Seated Heavy";"Rest Timer";"";"";"";"";"120.0";"";""
"430";"2026-04-28 11:56:09";"Pull";"3696";"Lat Pulldown Overhand Grip";"W";"25.0";"5";"";"";"";"";""
"430";"2026-04-28 11:56:09";"Pull";"3696";"Lat Pulldown Overhand Grip";"W";"50.0";"5";"";"";"";"";""
"430";"2026-04-28 11:56:09";"Pull";"3696";"Lat Pulldown Overhand Grip";"W";"65.0";"3";"";"";"";"";""
"430";"2026-04-28 11:56:09";"Pull";"3696";"Lat Pulldown Overhand Grip";"1";"85.0";"6";"";"";"";"";""
"430";"2026-04-28 11:56:09";"Pull";"3696";"Lat Pulldown Overhand Grip";"Rest Timer";"";"";"";"";"180.0";"";""
"430";"2026-04-28 11:56:09";"Pull";"3696";"Lat Pulldown Overhand Grip";"2";"60.0";"12";"";"";"";"";""
"430";"2026-04-28 11:56:09";"Pull";"3696";"Lat Pulldown Overhand Grip";"Rest Timer";"";"";"";"";"180.0";"";""
"430";"2026-04-28 11:56:09";"Pull";"3696";"Low Cable Row Neutral Grip";"W";"60.0";"5";"";"";"";"";""
"430";"2026-04-28 11:56:09";"Pull";"3696";"Low Cable Row Neutral Grip";"1";"100.0";"8";"";"";"";"";""
"430";"2026-04-28 11:56:09";"Pull";"3696";"Low Cable Row Neutral Grip";"Rest Timer";"";"";"";"";"180.0";"";""
"430";"2026-04-28 11:56:09";"Pull";"3696";"Low Cable Row Neutral Grip";"2";"75.0";"12";"";"";"";"";""
"430";"2026-04-28 11:56:09";"Pull";"3696";"Low Cable Row Neutral Grip";"Rest Timer";"";"";"";"";"180.0";"";""
"430";"2026-04-28 11:56:09";"Pull";"3696";"Jammer Arm Rows Underhand Grip";"Note";"";"";"";"";"";"Height 35

Seat 3

Seat 100 from uprights

6-8/12-15

Stay at 30, didn’t get good squeeze at 35

I think go lower, I think im shrugging";""
"430";"2026-04-28 11:56:09";"Pull";"3696";"Jammer Arm Rows Underhand Grip";"W";"25.0";"5";"";"";"";"";""
"430";"2026-04-28 11:56:09";"Pull";"3696";"Jammer Arm Rows Underhand Grip";"1";"36.25";"6";"";"";"";"";""
"430";"2026-04-28 11:56:09";"Pull";"3696";"Jammer Arm Rows Underhand Grip";"Rest Timer";"";"";"";"";"180.0";"";""
"430";"2026-04-28 11:56:09";"Pull";"3696";"Jammer Arm Rows Underhand Grip";"2";"25.0";"14";"";"";"";"";""
"430";"2026-04-28 11:56:09";"Pull";"3696";"Pullover Seated Rope Cable ";"Note";"";"";"";"";"";"Stick with weight ";""
"430";"2026-04-28 11:56:09";"Pull";"3696";"Pullover Seated Rope Cable ";"1";"45.0";"13";"";"";"";"";""
"430";"2026-04-28 11:56:09";"Pull";"3696";"Pullover Seated Rope Cable ";"Rest Timer";"";"";"";"";"60.0";"";""
"430";"2026-04-28 11:56:09";"Pull";"3696";"Pullover Seated Rope Cable ";"2";"35.0";"14";"";"";"";"";""
"430";"2026-04-28 11:56:09";"Pull";"3696";"Pullover Seated Rope Cable ";"Rest Timer";"";"";"";"";"120.0";"";""
"430";"2026-04-28 11:56:09";"Pull";"3696";"Chest Supported Face Pull";"1";"20.0";"28";"";"";"";"";""
"430";"2026-04-28 11:56:09";"Pull";"3696";"Chest Supported Face Pull";"Rest Timer";"";"";"";"";"120.0";"";""
"430";"2026-04-28 11:56:09";"Pull";"3696";"Chest Supported Face Pull";"2";"15.0";"21";"";"";"";"";""
"430";"2026-04-28 11:56:09";"Pull";"3696";"Chest Supported Face Pull";"Rest Timer";"";"";"";"";"120.0";"";""
"431";"2026-05-01 12:13:19";"Arms";"3692";"JM Press";"Note";"";"";"";"";"";"6-8/12-15

Rotate knuckles forward as you come down

Stick with weight when tendons get sore, don't fight through it

Bar at neck/upper chest

Elbows 45 degrees with line of torso

Bench 50 from edge of mat

Go lower on heavy. Focus on breathe and timing";""
"431";"2026-05-01 12:13:19";"Arms";"3692";"JM Press";"W";"30.0";"5";"";"";"";"";""
"431";"2026-05-01 12:13:19";"Arms";"3692";"JM Press";"W";"40.0";"5";"";"";"";"";""
"431";"2026-05-01 12:13:19";"Arms";"3692";"JM Press";"1";"50.0";"7";"";"";"";"";""
"431";"2026-05-01 12:13:19";"Arms";"3692";"JM Press";"Rest Timer";"";"";"";"";"120.0";"";""
"431";"2026-05-01 12:13:19";"Arms";"3692";"JM Press";"2";"30.0";"15";"";"";"";"";""
"431";"2026-05-01 12:13:19";"Arms";"3692";"JM Press";"Rest Timer";"";"";"";"";"180.0";"";""
"431";"2026-05-01 12:13:19";"Arms";"3692";"Bicep Curl (Barbell)";"Note";"";"";"";"";"";"6-8/12-15";""
"431";"2026-05-01 12:13:19";"Arms";"3692";"Bicep Curl (Barbell)";"1";"15.0";"6";"";"";"";"";""
"431";"2026-05-01 12:13:19";"Arms";"3692";"Bicep Curl (Barbell)";"Rest Timer";"";"";"";"";"180.0";"";""
"431";"2026-05-01 12:13:19";"Arms";"3692";"Bicep Curl (Barbell)";"2";"5.0";"12";"";"";"";"";""
"431";"2026-05-01 12:13:19";"Arms";"3692";"Bicep Curl (Barbell)";"Rest Timer";"";"";"";"";"180.0";"";""
"431";"2026-05-01 12:13:19";"Arms";"3692";"Tricep Extension Cable Overhead";"Note";"";"";"";"";"";"8-10/15-20";""
"431";"2026-05-01 12:13:19";"Arms";"3692";"Tricep Extension Cable Overhead";"Note";"";"";"";"";"";"Used rope instead

Overlap frame, allow distance to avoid rope knocking into frame";""
"431";"2026-05-01 12:13:19";"Arms";"3692";"Tricep Extension Cable Overhead";"1";"25.0";"8";"";"";"";"";""
"431";"2026-05-01 12:13:19";"Arms";"3692";"Tricep Extension Cable Overhead";"Rest Timer";"";"";"";"";"120.0";"";""
"431";"2026-05-01 12:13:19";"Arms";"3692";"Tricep Extension Cable Overhead";"2";"15.0";"15";"";"";"";"";""
"431";"2026-05-01 12:13:19";"Arms";"3692";"Tricep Extension Cable Overhead";"Rest Timer";"";"";"";"";"120.0";"";""
"431";"2026-05-01 12:13:19";"Arms";"3692";"Bayesian Hammer Curl Cable";"Note";"";"";"";"";"";"8-10/12-15";""
"431";"2026-05-01 12:13:19";"Arms";"3692";"Bayesian Hammer Curl Cable";"1";"15.0";"12";"";"";"";"";""
"431";"2026-05-01 12:13:19";"Arms";"3692";"Bayesian Hammer Curl Cable";"Rest Timer";"";"";"";"";"120.0";"";""
"431";"2026-05-01 12:13:19";"Arms";"3692";"Bayesian Hammer Curl Cable";"2";"7.5";"18";"";"";"";"";""
"431";"2026-05-01 12:13:19";"Arms";"3692";"Bayesian Hammer Curl Cable";"Rest Timer";"";"";"";"";"120.0";"";""
"431";"2026-05-01 12:13:19";"Arms";"3692";"Cable Kickback";"1";"7.5";"14";"";"";"";"";""
"431";"2026-05-01 12:13:19";"Arms";"3692";"Cable Kickback";"Rest Timer";"";"";"";"";"120.0";"";""
"431";"2026-05-01 12:13:19";"Arms";"3692";"Cable Kickback";"2";"2.5";"22";"";"";"";"";""
"431";"2026-05-01 12:13:19";"Arms";"3692";"Cable Kickback";"Rest Timer";"";"";"";"";"120.0";"";""
"431";"2026-05-01 12:13:19";"Arms";"3692";"Lying Cable Curl";"Note";"";"";"";"";"";"12-15/20+

Lift elbows at last point to get best contraction";""
"431";"2026-05-01 12:13:19";"Arms";"3692";"Lying Cable Curl";"1";"25.0";"14";"";"";"";"";""
"431";"2026-05-01 12:13:19";"Arms";"3692";"Lying Cable Curl";"Rest Timer";"";"";"";"";"120.0";"";""
"431";"2026-05-01 12:13:19";"Arms";"3692";"Lying Cable Curl";"2";"15.0";"29";"";"";"";"";""
"431";"2026-05-01 12:13:19";"Arms";"3692";"Lying Cable Curl";"Rest Timer";"";"";"";"";"120.0";"";""
"432";"2026-05-02 15:08:00";"Leg";"3928";"Squat (Smith Machine)";"Note";"";"";"";"";"";"Elevated

Support 2 from bottom

6-8/12-15

Ball of foot just before elevation

Platform half way of mat join";""
"432";"2026-05-02 15:08:00";"Leg";"3928";"Squat (Smith Machine)";"W";"30.0";"5";"";"";"";"";""
"432";"2026-05-02 15:08:00";"Leg";"3928";"Squat (Smith Machine)";"W";"50.0";"3";"";"";"";"";""
"432";"2026-05-02 15:08:00";"Leg";"3928";"Squat (Smith Machine)";"1";"60.0";"7";"";"";"";"";""
"432";"2026-05-02 15:08:00";"Leg";"3928";"Squat (Smith Machine)";"Rest Timer";"";"";"";"";"180.0";"";""
"432";"2026-05-02 15:08:00";"Leg";"3928";"Squat (Smith Machine)";"2";"30.0";"12";"";"";"";"";""
"432";"2026-05-02 15:08:00";"Leg";"3928";"Squat (Smith Machine)";"Rest Timer";"";"";"";"";"180.0";"";""
"432";"2026-05-02 15:08:00";"Leg";"3928";"Romanian Deadlift Smith";"W";"50.0";"3";"";"";"";"";""
"432";"2026-05-02 15:08:00";"Leg";"3928";"Romanian Deadlift Smith";"1";"90.0";"7";"";"";"";"";""
"432";"2026-05-02 15:08:00";"Leg";"3928";"Romanian Deadlift Smith";"Rest Timer";"";"";"";"";"180.0";"";""
"432";"2026-05-02 15:08:00";"Leg";"3928";"Romanian Deadlift Smith";"2";"80.0";"12";"";"";"";"";""
"432";"2026-05-02 15:08:00";"Leg";"3928";"Romanian Deadlift Smith";"Rest Timer";"";"";"";"";"180.0";"";""
"432";"2026-05-02 15:08:00";"Leg";"3928";"Split Squats Smith";"Note";"";"";"";"";"";"Glute focus

Lower bar on bar, lean a bit forward, stretch glute

Legs at weight horns";""
"432";"2026-05-02 15:08:00";"Leg";"3928";"Split Squats Smith";"1";"0.0";"8";"";"";"";"";""
"432";"2026-05-02 15:08:00";"Leg";"3928";"Split Squats Smith";"Rest Timer";"";"";"";"";"120.0";"";""
"432";"2026-05-02 15:08:00";"Leg";"3928";"Split Squats Smith";"2";"0.0";"7";"";"";"";"";""
"432";"2026-05-02 15:08:00";"Leg";"3928";"Split Squats Smith";"Rest Timer";"";"";"";"";"120.0";"";""
"432";"2026-05-02 15:08:00";"Leg";"3928";"Standing Calf Raise (Smith Machine)";"Note";"";"";"";"";"";"12-15/15-20

Platform, Lvl 2";""
"432";"2026-05-02 15:08:00";"Leg";"3928";"Standing Calf Raise (Smith Machine)";"1";"0.0";"12";"";"";"";"";""
"432";"2026-05-02 15:08:00";"Leg";"3928";"Standing Calf Raise (Smith Machine)";"Rest Timer";"";"";"";"";"120.0";"";""
"432";"2026-05-02 15:08:00";"Leg";"3928";"Standing Calf Raise (Smith Machine)";"2";"0.0";"10";"";"";"";"";""
"432";"2026-05-02 15:08:00";"Leg";"3928";"Standing Calf Raise (Smith Machine)";"Rest Timer";"";"";"";"";"120.0";"";""
"433";"2026-05-04 12:05:22";"Push";"2646";"Decline Smith Press";"Note";"";"";"";"";"";"Chair 50mm from Matt

6-8/10-12";""
"433";"2026-05-04 12:05:22";"Push";"2646";"Decline Smith Press";"W";"0.0";"0";"";"";"";"";""
"433";"2026-05-04 12:05:22";"Push";"2646";"Decline Smith Press";"W";"30.0";"5";"";"";"";"";""
"433";"2026-05-04 12:05:22";"Push";"2646";"Decline Smith Press";"1";"60.0";"11";"";"";"";"";""
"433";"2026-05-04 12:05:22";"Push";"2646";"Decline Smith Press";"Rest Timer";"";"";"";"";"3.0";"";""
"433";"2026-05-04 12:05:22";"Push";"2646";"Decline Smith Press";"2";"50.0";"13";"";"";"";"";""
"433";"2026-05-04 12:05:22";"Push";"2646";"Decline Smith Press";"Rest Timer";"";"";"";"";"180.0";"";""
"433";"2026-05-04 12:05:22";"Push";"2646";"Incline Bench Press (Smith Machine)";"Note";"";"";"";"";"";"6-8/10-12

Seat 300 from Matt";""
"433";"2026-05-04 12:05:22";"Push";"2646";"Incline Bench Press (Smith Machine)";"1";"70.0";"9";"";"";"";"";""
"433";"2026-05-04 12:05:22";"Push";"2646";"Incline Bench Press (Smith Machine)";"Rest Timer";"";"";"";"";"180.0";"";""
"433";"2026-05-04 12:05:22";"Push";"2646";"Incline Bench Press (Smith Machine)";"2";"50.0";"12";"";"";"";"";""
"433";"2026-05-04 12:05:22";"Push";"2646";"Incline Bench Press (Smith Machine)";"Rest Timer";"";"";"";"";"180.0";"";""
"433";"2026-05-04 12:05:22";"Push";"2646";"Lateral Raise (Cable)";"Note";"";"";"";"";"";"12-15/20+

Drop 50% second set

Height 11";""
"433";"2026-05-04 12:05:22";"Push";"2646";"Lateral Raise (Cable)";"1";"7.5";"17";"";"";"";"";""
"433";"2026-05-04 12:05:22";"Push";"2646";"Lateral Raise (Cable)";"Rest Timer";"";"";"";"";"120.0";"";""
"433";"2026-05-04 12:05:22";"Push";"2646";"Lateral Raise (Cable)";"2";"2.5";"21";"";"";"";"";""
"433";"2026-05-04 12:05:22";"Push";"2646";"Lateral Raise (Cable)";"Rest Timer";"";"";"";"";"120.0";"";""
"433";"2026-05-04 12:05:22";"Push";"2646";"Chest Flies Cable Seated Heavy";"Note";"";"";"";"";"";"Try crossing arms for peak contraction";""
"433";"2026-05-04 12:05:22";"Push";"2646";"Chest Flies Cable Seated Heavy";"1";"20.0";"14";"";"";"";"";""
"433";"2026-05-04 12:05:22";"Push";"2646";"Chest Flies Cable Seated Heavy";"Rest Timer";"";"";"";"";"120.0";"";""
"433";"2026-05-04 12:05:22";"Push";"2646";"Chest Flies Cable Seated Heavy";"2";"10.0";"20";"";"";"";"";""
"433";"2026-05-04 12:05:22";"Push";"2646";"Chest Flies Cable Seated Heavy";"Rest Timer";"";"";"";"";"120.0";"";""
"434";"2026-05-05 13:04:25";"Pull";"3473";"Lat Pulldown Overhand Grip";"W";"25.0";"5";"";"";"";"";""
"434";"2026-05-05 13:04:25";"Pull";"3473";"Lat Pulldown Overhand Grip";"W";"50.0";"5";"";"";"";"";""
"434";"2026-05-05 13:04:25";"Pull";"3473";"Lat Pulldown Overhand Grip";"W";"65.0";"3";"";"";"";"";""
"434";"2026-05-05 13:04:25";"Pull";"3473";"Lat Pulldown Overhand Grip";"1";"85.0";"9";"";"";"";"";""
"434";"2026-05-05 13:04:25";"Pull";"3473";"Lat Pulldown Overhand Grip";"Rest Timer";"";"";"";"";"180.0";"";""
"434";"2026-05-05 13:04:25";"Pull";"3473";"Lat Pulldown Overhand Grip";"2";"65.0";"12";"";"";"";"";""
"434";"2026-05-05 13:04:25";"Pull";"3473";"Lat Pulldown Overhand Grip";"Rest Timer";"";"";"";"";"180.0";"";""
"434";"2026-05-05 13:04:25";"Pull";"3473";"Low Cable Row Neutral Grip";"W";"60.0";"5";"";"";"";"";""
"434";"2026-05-05 13:04:25";"Pull";"3473";"Low Cable Row Neutral Grip";"1";"100.0";"11";"";"";"";"";""
"434";"2026-05-05 13:04:25";"Pull";"3473";"Low Cable Row Neutral Grip";"Rest Timer";"";"";"";"";"180.0";"";""
"434";"2026-05-05 13:04:25";"Pull";"3473";"Low Cable Row Neutral Grip";"2";"75.0";"16";"";"";"";"";""
"434";"2026-05-05 13:04:25";"Pull";"3473";"Low Cable Row Neutral Grip";"Rest Timer";"";"";"";"";"180.0";"";""
"434";"2026-05-05 13:04:25";"Pull";"3473";"Jammer Arm Rows Underhand Grip";"Note";"";"";"";"";"";"Height 35

Seat 3

Seat 100 from uprights

6-8/12-15

Stay at 30, didn’t get good squeeze at 35

I think go lower, I think im shrugging";""
"434";"2026-05-05 13:04:25";"Pull";"3473";"Jammer Arm Rows Underhand Grip";"W";"25.0";"5";"";"";"";"";""
"434";"2026-05-05 13:04:25";"Pull";"3473";"Jammer Arm Rows Underhand Grip";"1";"36.25";"9";"";"";"";"";""
"434";"2026-05-05 13:04:25";"Pull";"3473";"Jammer Arm Rows Underhand Grip";"Rest Timer";"";"";"";"";"180.0";"";""
"434";"2026-05-05 13:04:25";"Pull";"3473";"Jammer Arm Rows Underhand Grip";"2";"25.0";"27";"";"";"";"";""
"434";"2026-05-05 13:04:25";"Pull";"3473";"Pullover Seated Rope Cable ";"Note";"";"";"";"";"";"Stick with weight ";""
"434";"2026-05-05 13:04:25";"Pull";"3473";"Pullover Seated Rope Cable ";"1";"45.0";"15";"";"";"";"";""
"434";"2026-05-05 13:04:25";"Pull";"3473";"Pullover Seated Rope Cable ";"Rest Timer";"";"";"";"";"60.0";"";""
"434";"2026-05-05 13:04:25";"Pull";"3473";"Pullover Seated Rope Cable ";"2";"35.0";"17";"";"";"";"";""
"434";"2026-05-05 13:04:25";"Pull";"3473";"Pullover Seated Rope Cable ";"Rest Timer";"";"";"";"";"120.0";"";""
"434";"2026-05-05 13:04:25";"Pull";"3473";"Chest Supported Face Pull";"1";"25.0";"22";"";"";"";"";""
"434";"2026-05-05 13:04:25";"Pull";"3473";"Chest Supported Face Pull";"Rest Timer";"";"";"";"";"120.0";"";""
"434";"2026-05-05 13:04:25";"Pull";"3473";"Chest Supported Face Pull";"2";"15.0";"28";"";"";"";"";""
"434";"2026-05-05 13:04:25";"Pull";"3473";"Chest Supported Face Pull";"Rest Timer";"";"";"";"";"120.0";"";""
"435";"2026-05-08 12:06:41";"Arms";"4643";"JM Press";"Note";"";"";"";"";"";"6-8/12-15

Rotate knuckles forward as you come down

Stick with weight when tendons get sore, don't fight through it

Bar at neck/upper chest

Elbows 45 degrees with line of torso

Bench 50 from edge of mat

Go lower on heavy. Focus on breathe and timing";""
"435";"2026-05-08 12:06:41";"Arms";"4643";"JM Press";"W";"30.0";"5";"";"";"";"";""
"435";"2026-05-08 12:06:41";"Arms";"4643";"JM Press";"W";"40.0";"5";"";"";"";"";""
"435";"2026-05-08 12:06:41";"Arms";"4643";"JM Press";"1";"50.0";"11";"";"";"";"";""
"435";"2026-05-08 12:06:41";"Arms";"4643";"JM Press";"Rest Timer";"";"";"";"";"120.0";"";""
"435";"2026-05-08 12:06:41";"Arms";"4643";"JM Press";"2";"40.0";"14";"";"";"";"";""
"435";"2026-05-08 12:06:41";"Arms";"4643";"JM Press";"Rest Timer";"";"";"";"";"180.0";"";""
"435";"2026-05-08 12:06:41";"Arms";"4643";"Bicep Curl (Barbell)";"Note";"";"";"";"";"";"6-8/12-15";""
"435";"2026-05-08 12:06:41";"Arms";"4643";"Bicep Curl (Barbell)";"1";"15.0";"8";"";"";"";"";""
"435";"2026-05-08 12:06:41";"Arms";"4643";"Bicep Curl (Barbell)";"Rest Timer";"";"";"";"";"180.0";"";""
"435";"2026-05-08 12:06:41";"Arms";"4643";"Bicep Curl (Barbell)";"2";"5.0";"13";"";"";"";"";""
"435";"2026-05-08 12:06:41";"Arms";"4643";"Bicep Curl (Barbell)";"Rest Timer";"";"";"";"";"180.0";"";""
"435";"2026-05-08 12:06:41";"Arms";"4643";"Tricep Extension Cable Overhead";"Note";"";"";"";"";"";"8-10/15-20";""
"435";"2026-05-08 12:06:41";"Arms";"4643";"Tricep Extension Cable Overhead";"Note";"";"";"";"";"";"Short rope

Pulley lowest

Overlap frame, allow distance to avoid rope knocking into frame";""
"435";"2026-05-08 12:06:41";"Arms";"4643";"Tricep Extension Cable Overhead";"1";"25.0";"11";"";"";"";"";""
"435";"2026-05-08 12:06:41";"Arms";"4643";"Tricep Extension Cable Overhead";"Rest Timer";"";"";"";"";"120.0";"";""
"435";"2026-05-08 12:06:41";"Arms";"4643";"Tricep Extension Cable Overhead";"2";"15.0";"19";"";"";"";"";""
"435";"2026-05-08 12:06:41";"Arms";"4643";"Tricep Extension Cable Overhead";"Rest Timer";"";"";"";"";"120.0";"";""
"435";"2026-05-08 12:06:41";"Arms";"4643";"Bayesian Hammer Curl Cable";"Note";"";"";"";"";"";"8-10/12-15

Pulley 13";""
"435";"2026-05-08 12:06:41";"Arms";"4643";"Bayesian Hammer Curl Cable";"1";"17.0";"12";"";"";"";"";""
"435";"2026-05-08 12:06:41";"Arms";"4643";"Bayesian Hammer Curl Cable";"Rest Timer";"";"";"";"";"120.0";"";""
"435";"2026-05-08 12:06:41";"Arms";"4643";"Bayesian Hammer Curl Cable";"2";"10.0";"14";"";"";"";"";""
"435";"2026-05-08 12:06:41";"Arms";"4643";"Bayesian Hammer Curl Cable";"Rest Timer";"";"";"";"";"120.0";"";""
"435";"2026-05-08 12:06:41";"Arms";"4643";"Tricep Push down Spreader Bar";"Note";"";"";"";"";"";"10-12/20+

Pulley 3";""
"435";"2026-05-08 12:06:41";"Arms";"4643";"Tricep Push down Spreader Bar";"1";"35.0";"12";"";"";"";"";""
"435";"2026-05-08 12:06:41";"Arms";"4643";"Tricep Push down Spreader Bar";"Rest Timer";"";"";"";"";"120.0";"";""
"435";"2026-05-08 12:06:41";"Arms";"4643";"Tricep Push down Spreader Bar";"2";"25.0";"20";"";"";"";"";""
"435";"2026-05-08 12:06:41";"Arms";"4643";"Tricep Push down Spreader Bar";"Rest Timer";"";"";"";"";"120.0";"";""
"435";"2026-05-08 12:06:41";"Arms";"4643";"Lying Cable Curl";"Note";"";"";"";"";"";"12-15/20+

Lift elbows at last point to get best contraction";""
"435";"2026-05-08 12:06:41";"Arms";"4643";"Lying Cable Curl";"1";"25.0";"16";"";"";"";"";""
"435";"2026-05-08 12:06:41";"Arms";"4643";"Lying Cable Curl";"Rest Timer";"";"";"";"";"120.0";"";""
"435";"2026-05-08 12:06:41";"Arms";"4643";"Lying Cable Curl";"2";"20.0";"20";"";"";"";"";""
"435";"2026-05-08 12:06:41";"Arms";"4643";"Lying Cable Curl";"Rest Timer";"";"";"";"";"120.0";"";""
"436";"2026-05-09 15:12:09";"Leg";"3000";"Squat (Smith Machine)";"Note";"";"";"";"";"";"Elevated

Support 2 from bottom

6-8/12-15

Ball of foot just before elevation

Platform half way of mat join";""
"436";"2026-05-09 15:12:09";"Leg";"3000";"Squat (Smith Machine)";"W";"30.0";"5";"";"";"";"";""
"436";"2026-05-09 15:12:09";"Leg";"3000";"Squat (Smith Machine)";"W";"50.0";"3";"";"";"";"";""
"436";"2026-05-09 15:12:09";"Leg";"3000";"Squat (Smith Machine)";"1";"65.0";"5";"";"";"";"";""
"436";"2026-05-09 15:12:09";"Leg";"3000";"Squat (Smith Machine)";"Rest Timer";"";"";"";"";"180.0";"";""
"436";"2026-05-09 15:12:09";"Leg";"3000";"Squat (Smith Machine)";"2";"30.0";"18";"";"";"";"";""
"436";"2026-05-09 15:12:09";"Leg";"3000";"Squat (Smith Machine)";"Rest Timer";"";"";"";"";"180.0";"";""
"436";"2026-05-09 15:12:09";"Leg";"3000";"Romanian Deadlift Smith";"Note";"";"";"";"";"";"6-8/10-12";""
"436";"2026-05-09 15:12:09";"Leg";"3000";"Romanian Deadlift Smith";"W";"50.0";"3";"";"";"";"";""
"436";"2026-05-09 15:12:09";"Leg";"3000";"Romanian Deadlift Smith";"1";"90.0";"10";"";"";"";"";""
"436";"2026-05-09 15:12:09";"Leg";"3000";"Romanian Deadlift Smith";"Rest Timer";"";"";"";"";"180.0";"";""
"436";"2026-05-09 15:12:09";"Leg";"3000";"Romanian Deadlift Smith";"2";"80.0";"15";"";"";"";"";""
"436";"2026-05-09 15:12:09";"Leg";"3000";"Romanian Deadlift Smith";"Rest Timer";"";"";"";"";"180.0";"";""
"436";"2026-05-09 15:12:09";"Leg";"3000";"Split Squats Smith";"Note";"";"";"";"";"";"Glute focus

Lower bar on bar, lean a bit forward, stretch glute

Legs at weight horns";""
"436";"2026-05-09 15:12:09";"Leg";"3000";"Split Squats Smith";"1";"0.0";"10";"";"";"";"";""
"436";"2026-05-09 15:12:09";"Leg";"3000";"Split Squats Smith";"Rest Timer";"";"";"";"";"120.0";"";""
"436";"2026-05-09 15:12:09";"Leg";"3000";"Split Squats Smith";"2";"0.0";"10";"";"";"";"";""
"436";"2026-05-09 15:12:09";"Leg";"3000";"Split Squats Smith";"Rest Timer";"";"";"";"";"120.0";"";""
"436";"2026-05-09 15:12:09";"Leg";"3000";"Standing Calf Raise (Smith Machine)";"Note";"";"";"";"";"";"12-15/15-20

Platform, Lvl 2";""
"436";"2026-05-09 15:12:09";"Leg";"3000";"Standing Calf Raise (Smith Machine)";"1";"0.0";"15";"";"";"";"";""
"436";"2026-05-09 15:12:09";"Leg";"3000";"Standing Calf Raise (Smith Machine)";"Rest Timer";"";"";"";"";"120.0";"";""
"436";"2026-05-09 15:12:09";"Leg";"3000";"Standing Calf Raise (Smith Machine)";"2";"0.0";"13";"";"";"";"";""
"436";"2026-05-09 15:12:09";"Leg";"3000";"Standing Calf Raise (Smith Machine)";"Rest Timer";"";"";"";"";"120.0";"";""
"437";"2026-05-11 14:26:17";"Push";"3448";"Decline Smith Press";"Note";"";"";"";"";"";"Chair 50mm from Matt

6-8/10-12";""
"437";"2026-05-11 14:26:17";"Push";"3448";"Decline Smith Press";"W";"0.0";"0";"";"";"";"";""
"437";"2026-05-11 14:26:17";"Push";"3448";"Decline Smith Press";"W";"30.0";"5";"";"";"";"";""
"437";"2026-05-11 14:26:17";"Push";"3448";"Decline Smith Press";"1";"75.0";"9";"";"";"";"";""
"437";"2026-05-11 14:26:17";"Push";"3448";"Decline Smith Press";"Rest Timer";"";"";"";"";"180.0";"";""
"437";"2026-05-11 14:26:17";"Push";"3448";"Decline Smith Press";"2";"60.0";"13";"";"";"";"";""
"437";"2026-05-11 14:26:17";"Push";"3448";"Decline Smith Press";"Rest Timer";"";"";"";"";"180.0";"";""
"437";"2026-05-11 14:26:17";"Push";"3448";"Incline Bench Press (Smith Machine)";"Note";"";"";"";"";"";"6-8/10-12

Seat 300 from Matt

Change to seat 4!
";""
"437";"2026-05-11 14:26:17";"Push";"3448";"Incline Bench Press (Smith Machine)";"1";"75.0";"6";"";"";"";"";""
"437";"2026-05-11 14:26:17";"Push";"3448";"Incline Bench Press (Smith Machine)";"Rest Timer";"";"";"";"";"180.0";"";""
"437";"2026-05-11 14:26:17";"Push";"3448";"Incline Bench Press (Smith Machine)";"2";"55.0";"11";"";"";"";"";""
"437";"2026-05-11 14:26:17";"Push";"3448";"Incline Bench Press (Smith Machine)";"Rest Timer";"";"";"";"";"180.0";"";""
"437";"2026-05-11 14:26:17";"Push";"3448";"Lateral Raise (Cable)";"Note";"";"";"";"";"";"12-15/20+

Drop 50% second set

Height 11";""
"437";"2026-05-11 14:26:17";"Push";"3448";"Lateral Raise (Cable)";"1";"10.0";"14";"";"";"";"";""
"437";"2026-05-11 14:26:17";"Push";"3448";"Lateral Raise (Cable)";"Rest Timer";"";"";"";"";"120.0";"";""
"437";"2026-05-11 14:26:17";"Push";"3448";"Lateral Raise (Cable)";"2";"5.0";"19";"";"";"";"";""
"437";"2026-05-11 14:26:17";"Push";"3448";"Lateral Raise (Cable)";"Rest Timer";"";"";"";"";"120.0";"";""
"437";"2026-05-11 14:26:17";"Push";"3448";"Chest Flies Cable Seated Heavy";"Note";"";"";"";"";"";"Try crossing arms for peak contraction";""
"437";"2026-05-11 14:26:17";"Push";"3448";"Chest Flies Cable Seated Heavy";"1";"25.0";"11";"";"";"";"";""
"437";"2026-05-11 14:26:17";"Push";"3448";"Chest Flies Cable Seated Heavy";"Rest Timer";"";"";"";"";"120.0";"";""
"437";"2026-05-11 14:26:17";"Push";"3448";"Chest Flies Cable Seated Heavy";"2";"12.5";"16";"";"";"";"";""
"437";"2026-05-11 14:26:17";"Push";"3448";"Chest Flies Cable Seated Heavy";"Rest Timer";"";"";"";"";"120.0";"";""
"438";"2026-05-12 20:08:15";"Pull";"4145";"Pull Up";"Note";"";"";"";"";"";"6-8

2 negative";""
"438";"2026-05-12 20:08:15";"Pull";"4145";"Pull Up";"1";"0.0";"5";"";"";"";"";""
"438";"2026-05-12 20:08:15";"Pull";"4145";"Pull Up";"Rest Timer";"";"";"";"";"120.0";"";""
"438";"2026-05-12 20:08:15";"Pull";"4145";"Lat Pulldown Neutral Grip";"Note";"";"";"";"";"";"10-12";""
"438";"2026-05-12 20:08:15";"Pull";"4145";"Lat Pulldown Neutral Grip";"1";"80.0";"6";"";"";"";"";""
"438";"2026-05-12 20:08:15";"Pull";"4145";"Lat Pulldown Neutral Grip";"Rest Timer";"";"";"";"";"60.0";"";""
"438";"2026-05-12 20:08:15";"Pull";"4145";"Jammer Arms Row Neutral Grip";"1";"30.0";"9";"";"";"";"";""
"438";"2026-05-12 20:08:15";"Pull";"4145";"Jammer Arms Row Neutral Grip";"Rest Timer";"";"";"";"";"180.0";"";""
"438";"2026-05-12 20:08:15";"Pull";"4145";"Low Cable Row Shoulder Width Neutral Grip";"Note";"";"";"";"";"";"Pulley lowest";""
"438";"2026-05-12 20:08:15";"Pull";"4145";"Low Cable Row Shoulder Width Neutral Grip";"1";"50.0";"10";"";"";"";"";""
"438";"2026-05-12 20:08:15";"Pull";"4145";"Low Cable Row Shoulder Width Neutral Grip";"Rest Timer";"";"";"";"";"120.0";"";""
"438";"2026-05-12 20:08:15";"Pull";"4145";"Pullover Seated Rope Cable ";"Note";"";"";"";"";"";"Stick with weight ";""
"438";"2026-05-12 20:08:15";"Pull";"4145";"Pullover Seated Rope Cable ";"1";"50.0";"14";"";"";"";"";""
"438";"2026-05-12 20:08:15";"Pull";"4145";"Pullover Seated Rope Cable ";"Rest Timer";"";"";"";"";"120.0";"";""
"438";"2026-05-12 20:08:15";"Pull";"4145";"Pullover Seated Rope Cable ";"2";"40.0";"16";"";"";"";"";""
"438";"2026-05-12 20:08:15";"Pull";"4145";"Pullover Seated Rope Cable ";"Rest Timer";"";"";"";"";"120.0";"";""
"438";"2026-05-12 20:08:15";"Pull";"4145";"Chest Supported Face Pull";"1";"30.0";"20";"";"";"";"";""
"438";"2026-05-12 20:08:15";"Pull";"4145";"Chest Supported Face Pull";"Rest Timer";"";"";"";"";"120.0";"";""
"438";"2026-05-12 20:08:15";"Pull";"4145";"Chest Supported Face Pull";"2";"20.0";"26";"";"";"";"";""
"438";"2026-05-12 20:08:15";"Pull";"4145";"Chest Supported Face Pull";"Rest Timer";"";"";"";"";"120.0";"";""
"438";"2026-05-12 20:08:15";"Pull";"4145";"Chest Supported Kettle Shrug ";"1";"0.0";"10";"";"";"";"";""
"438";"2026-05-12 20:08:15";"Pull";"4145";"Chest Supported Kettle Shrug ";"Rest Timer";"";"";"";"";"120.0";"";""
"438";"2026-05-12 20:08:15";"Pull";"4145";"Shrug Cable Leaning Back";"Note";"";"";"";"";"";"Pulley 15";""
"438";"2026-05-12 20:08:15";"Pull";"4145";"Shrug Cable Leaning Back";"1";"15.0";"10";"";"";"";"";""
"438";"2026-05-12 20:08:15";"Pull";"4145";"Shrug Cable Leaning Back";"Rest Timer";"";"";"";"";"120.0";"";""
"439";"2026-05-15 12:08:50";"Arms";"3067";"JM Press";"Note";"";"";"";"";"";"6-8

Rotate knuckles forward as you come down

Stick with weight when tendons get sore, don't fight through it

Bar at neck/upper chest

Elbows 45 degrees with line of torso

Bench 50 from edge of mat

Go lower on heavy. Focus on breathe and timing";""
"439";"2026-05-15 12:08:50";"Arms";"3067";"JM Press";"W";"30.0";"5";"";"";"";"";""
"439";"2026-05-15 12:08:50";"Arms";"3067";"JM Press";"W";"40.0";"5";"";"";"";"";""
"439";"2026-05-15 12:08:50";"Arms";"3067";"JM Press";"1";"55.0";"9";"";"";"";"";""
"439";"2026-05-15 12:08:50";"Arms";"3067";"JM Press";"Rest Timer";"";"";"";"";"120.0";"";""
"439";"2026-05-15 12:08:50";"Arms";"3067";"Tricep Push down Spreader Bar";"Note";"";"";"";"";"";"10-12

Pulley 3";""
"439";"2026-05-15 12:08:50";"Arms";"3067";"Tricep Push down Spreader Bar";"1";"40.0";"15";"";"";"";"";""
"439";"2026-05-15 12:08:50";"Arms";"3067";"Tricep Push down Spreader Bar";"Rest Timer";"";"";"";"";"120.0";"";""
"439";"2026-05-15 12:08:50";"Arms";"3067";"Bicep Curl (Barbell)";"W";"0.0";"10";"";"";"";"";""
"439";"2026-05-15 12:08:50";"Arms";"3067";"Bicep Curl (Barbell)";"W";"5.0";"5";"";"";"";"";""
"439";"2026-05-15 12:08:50";"Arms";"3067";"Bicep Curl (Barbell)";"Note";"";"";"";"";"";"6-8";""
"439";"2026-05-15 12:08:50";"Arms";"3067";"Bicep Curl (Barbell)";"1";"17.5";"6";"";"";"";"";""
"439";"2026-05-15 12:08:50";"Arms";"3067";"Bicep Curl (Barbell)";"Rest Timer";"";"";"";"";"180.0";"";""
"439";"2026-05-15 12:08:50";"Arms";"3067";"Lying Cable Curl";"Note";"";"";"";"";"";"10-12

Lift elbows at last point to get best contraction";""
"439";"2026-05-15 12:08:50";"Arms";"3067";"Lying Cable Curl";"1";"30.0";"12";"";"";"";"";""
"439";"2026-05-15 12:08:50";"Arms";"3067";"Lying Cable Curl";"Rest Timer";"";"";"";"";"120.0";"";""
"439";"2026-05-15 12:08:50";"Arms";"3067";"Tricep Extension Cable Overhead";"Note";"";"";"";"";"";"Seat 1

8-10/12-15

Short rope

Pulley lowest

Overlap frame, allow distance to avoid rope knocking into frame";""
"439";"2026-05-15 12:08:50";"Arms";"3067";"Tricep Extension Cable Overhead";"1";"35.0";"8";"";"";"";"";""
"439";"2026-05-15 12:08:50";"Arms";"3067";"Tricep Extension Cable Overhead";"Rest Timer";"";"";"";"";"120.0";"";""
"439";"2026-05-15 12:08:50";"Arms";"3067";"Tricep Extension Cable Overhead";"2";"25.0";"12";"";"";"";"";""
"439";"2026-05-15 12:08:50";"Arms";"3067";"Tricep Extension Cable Overhead";"Rest Timer";"";"";"";"";"120.0";"";""
"439";"2026-05-15 12:08:50";"Arms";"3067";"Bayesian Hammer Curl Cable";"Note";"";"";"";"";"";"12-15

Pulley 13";""
"439";"2026-05-15 12:08:50";"Arms";"3067";"Bayesian Hammer Curl Cable";"1";"17.0";"14";"";"";"";"";""
"439";"2026-05-15 12:08:50";"Arms";"3067";"Bayesian Hammer Curl Cable";"Rest Timer";"";"";"";"";"120.0";"";""
"439";"2026-05-15 12:08:50";"Arms";"3067";"Laying Hammer Curl";"Note";"";"";"";"";"";"20+";""
"439";"2026-05-15 12:08:50";"Arms";"3067";"Laying Hammer Curl";"1";"5.0";"17";"";"";"";"";""
"439";"2026-05-15 12:08:50";"Arms";"3067";"Laying Hammer Curl";"Rest Timer";"";"";"";"";"120.0";"";""
"440";"2026-05-16 13:20:59";"Leg";"85534";"Squat (Smith Machine)";"Note";"";"";"";"";"";"Elevated

Support 2 from bottom

6-8/12-15

Ball of foot just before elevation

Platform half way of mat join";""
"440";"2026-05-16 13:20:59";"Leg";"85534";"Squat (Smith Machine)";"W";"30.0";"5";"";"";"";"";""
"440";"2026-05-16 13:20:59";"Leg";"85534";"Squat (Smith Machine)";"W";"50.0";"3";"";"";"";"";""
"440";"2026-05-16 13:20:59";"Leg";"85534";"Squat (Smith Machine)";"1";"65.0";"6";"";"";"";"";""
"440";"2026-05-16 13:20:59";"Leg";"85534";"Squat (Smith Machine)";"Rest Timer";"";"";"";"";"180.0";"";""
"440";"2026-05-16 13:20:59";"Leg";"85534";"Squat (Smith Machine)";"2";"40.0";"12";"";"";"";"";""
"440";"2026-05-16 13:20:59";"Leg";"85534";"Squat (Smith Machine)";"Rest Timer";"";"";"";"";"180.0";"";""
"440";"2026-05-16 13:20:59";"Leg";"85534";"Romanian Deadlift Smith";"W";"50.0";"5";"";"";"";"";""
"440";"2026-05-16 13:20:59";"Leg";"85534";"Romanian Deadlift Smith";"1";"95.0";"10";"";"";"";"";""
"440";"2026-05-16 13:20:59";"Leg";"85534";"Romanian Deadlift Smith";"Rest Timer";"";"";"";"";"180.0";"";""
"440";"2026-05-16 13:20:59";"Leg";"85534";"Hamstring Curl with Cuff";"W";"0.0";"10";"";"";"";"";""
"440";"2026-05-16 13:20:59";"Leg";"85534";"Hamstring Curl with Cuff";"1";"2.5";"5";"";"";"";"";""
"440";"2026-05-16 13:20:59";"Leg";"85534";"Hamstring Curl with Cuff";"Rest Timer";"";"";"";"";"120.0";"";""
"440";"2026-05-16 13:20:59";"Leg";"85534";"Split Squats Smith";"Note";"";"";"";"";"";"Glute focus

Lower bar on bar, lean a bit forward, stretch glute

Legs at weight horns";""
"440";"2026-05-16 13:20:59";"Leg";"85534";"Split Squats Smith";"1";"0.0";"8";"";"";"";"";""
"440";"2026-05-16 13:20:59";"Leg";"85534";"Split Squats Smith";"Rest Timer";"";"";"";"";"120.0";"";""
"440";"2026-05-16 13:20:59";"Leg";"85534";"Split Squats Smith";"2";"0.0";"12";"";"";"";"";""
"440";"2026-05-16 13:20:59";"Leg";"85534";"Split Squats Smith";"Rest Timer";"";"";"";"";"120.0";"";""
"440";"2026-05-16 13:20:59";"Leg";"85534";"Standing Calf Raise (Smith Machine)";"Note";"";"";"";"";"";"12-15

Platform, Lvl 2";""
"440";"2026-05-16 13:20:59";"Leg";"85534";"Standing Calf Raise (Smith Machine)";"1";"0.0";"10";"";"";"";"";""
"440";"2026-05-16 13:20:59";"Leg";"85534";"Standing Calf Raise (Smith Machine)";"Rest Timer";"";"";"";"";"120.0";"";""
"440";"2026-05-16 13:20:59";"Leg";"85534";"Smith Sitting Calf Raise";"Note";"";"";"";"";"";"15-20";""
"440";"2026-05-16 13:20:59";"Leg";"85534";"Smith Sitting Calf Raise";"1";"10.0";"15";"";"";"";"";""
"440";"2026-05-16 13:20:59";"Leg";"85534";"Smith Sitting Calf Raise";"Rest Timer";"";"";"";"";"120.0";"";""
"441";"2026-05-18 12:20:21";"Push";"3167";"Incline Bench Press (Smith Machine)";"W";"20.0";"5";"";"";"";"";""
"441";"2026-05-18 12:20:21";"Push";"3167";"Incline Bench Press (Smith Machine)";"W";"50.0";"5";"";"";"";"";""
"441";"2026-05-18 12:20:21";"Push";"3167";"Incline Bench Press (Smith Machine)";"Note";"";"";"";"";"";"6-8
Seat 4";""
"441";"2026-05-18 12:20:21";"Push";"3167";"Incline Bench Press (Smith Machine)";"1";"75.0";"8";"";"";"";"";""
"441";"2026-05-18 12:20:21";"Push";"3167";"Incline Bench Press (Smith Machine)";"Rest Timer";"";"";"";"";"180.0";"";""
"441";"2026-05-18 12:20:21";"Push";"3167";"Cable Press Incline ";"Note";"";"";"";"";"";"12-15";""
"441";"2026-05-18 12:20:21";"Push";"3167";"Cable Press Incline ";"1";"25.0";"15";"";"";"";"";""
"441";"2026-05-18 12:20:21";"Push";"3167";"Cable Press Incline ";"Rest Timer";"";"";"";"";"180.0";"";""
"441";"2026-05-18 12:20:21";"Push";"3167";"Decline Smith Press";"Note";"";"";"";"";"";"6-8";""
"441";"2026-05-18 12:20:21";"Push";"3167";"Decline Smith Press";"1";"80.0";"6";"";"";"";"";""
"441";"2026-05-18 12:20:21";"Push";"3167";"Decline Smith Press";"Rest Timer";"";"";"";"";"180.0";"";""
"441";"2026-05-18 12:20:21";"Push";"3167";"Cable Press Decline";"Note";"";"";"";"";"";"12-15";""
"441";"2026-05-18 12:20:21";"Push";"3167";"Cable Press Decline";"1";"25.0";"12";"";"";"";"";""
"441";"2026-05-18 12:20:21";"Push";"3167";"Cable Press Decline";"Rest Timer";"";"";"";"";"180.0";"";""
"441";"2026-05-18 12:20:21";"Push";"3167";"Lateral Raise (Cable)";"Note";"";"";"";"";"";"8-10
Height 11";""
"441";"2026-05-18 12:20:21";"Push";"3167";"Lateral Raise (Cable)";"1";"12.5";"11";"";"";"";"";""
"441";"2026-05-18 12:20:21";"Push";"3167";"Lateral Raise (Cable)";"Rest Timer";"";"";"";"";"120.0";"";""
"441";"2026-05-18 12:20:21";"Push";"3167";"Lateral Raise Cable Leaning";"Note";"";"";"";"";"";"15-20";""
"441";"2026-05-18 12:20:21";"Push";"3167";"Lateral Raise Cable Leaning";"1";"2.5";"20";"";"";"";"";""
"441";"2026-05-18 12:20:21";"Push";"3167";"Lateral Raise Cable Leaning";"Rest Timer";"";"";"";"";"120.0";"";""
"441";"2026-05-18 12:20:21";"Push";"3167";"Chest Flies Cable Seated Heavy";"Note";"";"";"";"";"";"Chair 2
Pulley 15
10-12";""
"441";"2026-05-18 12:20:21";"Push";"3167";"Chest Flies Cable Seated Heavy";"1";"25.0";"13";"";"";"";"";""
"441";"2026-05-18 12:20:21";"Push";"3167";"Chest Flies Cable Seated Heavy";"Rest Timer";"";"";"";"";"180.0";"";""
"441";"2026-05-18 12:20:21";"Push";"3167";"Cable Chest Flies Static Hold";"Note";"";"";"";"";"";"30 seconds";""
"441";"2026-05-18 12:20:21";"Push";"3167";"Cable Chest Flies Static Hold";"1";"25.0";"0";"";"";"";"";""
"442";"2026-05-19 11:52:34";"Pull";"3842";"Pull Up";"Note";"";"";"";"";"";"6-8

1 negative";""
"442";"2026-05-19 11:52:34";"Pull";"3842";"Pull Up";"1";"0.0";"7";"";"";"";"";""
"442";"2026-05-19 11:52:34";"Pull";"3842";"Pull Up";"Rest Timer";"";"";"";"";"180.0";"";""
"442";"2026-05-19 11:52:34";"Pull";"3842";"Lat Pulldown Neutral Grip";"Note";"";"";"";"";"";"10-12";""
"442";"2026-05-19 11:52:34";"Pull";"3842";"Lat Pulldown Neutral Grip";"1";"80.0";"11";"";"";"";"";""
"442";"2026-05-19 11:52:34";"Pull";"3842";"Lat Pulldown Neutral Grip";"Rest Timer";"";"";"";"";"180.0";"";""
"442";"2026-05-19 11:52:34";"Pull";"3842";"Jammer Arms Row Neutral Grip";"W";"25.0";"5";"";"";"";"";""
"442";"2026-05-19 11:52:34";"Pull";"3842";"Jammer Arms Row Neutral Grip";"Note";"";"";"";"";"";"6-8
Height 37";""
"442";"2026-05-19 11:52:34";"Pull";"3842";"Jammer Arms Row Neutral Grip";"1";"32.5";"10";"";"";"";"";""
"442";"2026-05-19 11:52:34";"Pull";"3842";"Jammer Arms Row Neutral Grip";"Rest Timer";"";"";"";"";"180.0";"";""
"442";"2026-05-19 11:52:34";"Pull";"3842";"Low Cable Row Shoulder Width Neutral Grip";"Note";"";"";"";"";"";"10-12

Pulley lowest";""
"442";"2026-05-19 11:52:34";"Pull";"3842";"Low Cable Row Shoulder Width Neutral Grip";"1";"50.0";"17";"";"";"";"";""
"442";"2026-05-19 11:52:34";"Pull";"3842";"Low Cable Row Shoulder Width Neutral Grip";"Rest Timer";"";"";"";"";"180.0";"";""
"442";"2026-05-19 11:52:34";"Pull";"3842";"Chest Supported Kettle Shrug ";"Note";"";"";"";"";"";"8-10";""
"442";"2026-05-19 11:52:34";"Pull";"3842";"Chest Supported Kettle Shrug ";"1";"15.0";"10";"";"";"";"";""
"442";"2026-05-19 11:52:34";"Pull";"3842";"Chest Supported Kettle Shrug ";"Rest Timer";"";"";"";"";"120.0";"";""
"442";"2026-05-19 11:52:34";"Pull";"3842";"Shrug Cable Leaning Back";"Note";"";"";"";"";"";"Pulley 15

15-20";""
"442";"2026-05-19 11:52:34";"Pull";"3842";"Shrug Cable Leaning Back";"1";"25.0";"22";"";"";"";"";""
"442";"2026-05-19 11:52:34";"Pull";"3842";"Shrug Cable Leaning Back";"Rest Timer";"";"";"";"";"120.0";"";""
"442";"2026-05-19 11:52:34";"Pull";"3842";"Rear Delt Row Chest Supported";"Note";"";"";"";"";"";"8-10";""
"442";"2026-05-19 11:52:34";"Pull";"3842";"Rear Delt Row Chest Supported";"1";"60.0";"12";"";"";"";"";""
"442";"2026-05-19 11:52:34";"Pull";"3842";"Rear Delt Row Chest Supported";"Rest Timer";"";"";"";"";"120.0";"";""
"442";"2026-05-19 11:52:34";"Pull";"3842";"Reverse Fly (Cable)";"Note";"";"";"";"";"";"Height 7";""
"442";"2026-05-19 11:52:34";"Pull";"3842";"Reverse Fly (Cable)";"1";"2.5";"15";"";"";"";"";""
"442";"2026-05-19 11:52:34";"Pull";"3842";"Reverse Fly (Cable)";"Rest Timer";"";"";"";"";"60.0";"";""
"442";"2026-05-19 11:52:34";"Pull";"3842";"Scapular Depressions Cable";"Note";"";"";"";"";"";"10-12";""
"442";"2026-05-19 11:52:34";"Pull";"3842";"Scapular Depressions Cable";"1";"75.0";"15";"";"";"";"";""
"442";"2026-05-19 11:52:34";"Pull";"3842";"Scapular Depressions Cable";"Rest Timer";"";"";"";"";"120.0";"";""
"442";"2026-05-19 11:52:34";"Pull";"3842";"Pullover Seated Rope Cable ";"Note";"";"";"";"";"";"Chair 2
Pulley 2
12-15";""
"442";"2026-05-19 11:52:34";"Pull";"3842";"Pullover Seated Rope Cable ";"1";"50.0";"13";"";"";"";"";""
"443";"2026-05-22 11:55:09";"Arms";"3739";"JM Press";"Note";"";"";"";"";"";"6-8

Rotate knuckles forward as you come down

Stick with weight when tendons get sore, don't fight through it

Bar at neck/upper chest

Elbows 45 degrees with line of torso

Bench 50 from edge of mat

Go lower on heavy. Focus on breathe and timing";""
"443";"2026-05-22 11:55:09";"Arms";"3739";"JM Press";"W";"30.0";"5";"";"";"";"";""
"443";"2026-05-22 11:55:09";"Arms";"3739";"JM Press";"1";"40.0";"9";"";"";"";"";""
"443";"2026-05-22 11:55:09";"Arms";"3739";"JM Press";"Rest Timer";"";"";"";"";"180.0";"";""
"443";"2026-05-22 11:55:09";"Arms";"3739";"Tricep Push down Spreader Bar";"Note";"";"";"";"";"";"10-12

Pulley 3";""
"443";"2026-05-22 11:55:09";"Arms";"3739";"Tricep Push down Spreader Bar";"1";"45.0";"10";"";"";"";"";""
"443";"2026-05-22 11:55:09";"Arms";"3739";"Tricep Push down Spreader Bar";"Rest Timer";"";"";"";"";"120.0";"";""
"443";"2026-05-22 11:55:09";"Arms";"3739";"Bayesian Cable Curl";"Note";"";"";"";"";"";"6-8
13";""
"443";"2026-05-22 11:55:09";"Arms";"3739";"Bayesian Cable Curl";"W";"5.0";"12";"";"";"";"";""
"443";"2026-05-22 11:55:09";"Arms";"3739";"Bayesian Cable Curl";"W";"10.0";"5";"";"";"";"";""
"443";"2026-05-22 11:55:09";"Arms";"3739";"Bayesian Cable Curl";"1";"15.0";"8";"";"";"";"";""
"443";"2026-05-22 11:55:09";"Arms";"3739";"Bayesian Cable Curl";"Rest Timer";"";"";"";"";"60.0";"";""
"443";"2026-05-22 11:55:09";"Arms";"3739";"Spider Curl Cable";"Note";"";"";"";"";"";"10-12
Lowest";""
"443";"2026-05-22 11:55:09";"Arms";"3739";"Spider Curl Cable";"1";"10.0";"10";"";"";"";"";""
"443";"2026-05-22 11:55:09";"Arms";"3739";"Spider Curl Cable";"Rest Timer";"";"";"";"";"120.0";"";""
"443";"2026-05-22 11:55:09";"Arms";"3739";"Tricep Extension Cable Overhead";"Note";"";"";"";"";"";"Seat 1

8-10

Short rope

Pulley lowest

Overlap frame, allow distance to avoid rope knocking into frame";""
"443";"2026-05-22 11:55:09";"Arms";"3739";"Tricep Extension Cable Overhead";"1";"35.0";"10";"";"";"";"";""
"443";"2026-05-22 11:55:09";"Arms";"3739";"Tricep Extension Cable Overhead";"Rest Timer";"";"";"";"";"120.0";"";""
"443";"2026-05-22 11:55:09";"Arms";"3739";"Cable Single Arm Overhead Extension";"Note";"";"";"";"";"";"12-15";""
"443";"2026-05-22 11:55:09";"Arms";"3739";"Cable Single Arm Overhead Extension";"1";"10.0";"8";"";"";"";"";""
"443";"2026-05-22 11:55:09";"Arms";"3739";"Cable Single Arm Overhead Extension";"Rest Timer";"";"";"";"";"120.0";"";""
"443";"2026-05-22 11:55:09";"Arms";"3739";"Bayesian Hammer Curl Cable";"Note";"";"";"";"";"";"8-10
13";""
"443";"2026-05-22 11:55:09";"Arms";"3739";"Bayesian Hammer Curl Cable";"1";"20.0";"9";"";"";"";"";""
"443";"2026-05-22 11:55:09";"Arms";"3739";"Bayesian Hammer Curl Cable";"Rest Timer";"";"";"";"";"120.0";"";""
"443";"2026-05-22 11:55:09";"Arms";"3739";"Spider Hammer Curl Cable";"Note";"";"";"";"";"";"12-15";""
"443";"2026-05-22 11:55:09";"Arms";"3739";"Spider Hammer Curl Cable";"1";"5.0";"17";"";"";"";"";""
"443";"2026-05-22 11:55:09";"Arms";"3739";"Spider Hammer Curl Cable";"Rest Timer";"";"";"";"";"120.0";"";""
"444";"2026-05-23 13:41:45";"Leg";"3278";"Squat (Smith Machine)";"Note";"";"";"";"";"";"Elevated

Support 2 from bottom

6-8/12-15

Ball of foot just before elevation

Platform half way of mat join";""
"444";"2026-05-23 13:41:45";"Leg";"3278";"Squat (Smith Machine)";"W";"30.0";"5";"";"";"";"";""
"444";"2026-05-23 13:41:45";"Leg";"3278";"Squat (Smith Machine)";"1";"50.0";"70";"";"";"";"";""
"444";"2026-05-23 13:41:45";"Leg";"3278";"Squat (Smith Machine)";"Rest Timer";"";"";"";"";"180.0";"";""
"444";"2026-05-23 13:41:45";"Leg";"3278";"Squat (Smith Machine)";"2";"20.0";"10";"";"";"";"";""
"444";"2026-05-23 13:41:45";"Leg";"3278";"Squat (Smith Machine)";"Rest Timer";"";"";"";"";"180.0";"";""
"444";"2026-05-23 13:41:45";"Leg";"3278";"Romanian Deadlift Smith";"Note";"";"";"";"";"";"6-8";""
"444";"2026-05-23 13:41:45";"Leg";"3278";"Romanian Deadlift Smith";"W";"50.0";"5";"";"";"";"";""
"444";"2026-05-23 13:41:45";"Leg";"3278";"Romanian Deadlift Smith";"1";"110.0";"8";"";"";"";"";""
"444";"2026-05-23 13:41:45";"Leg";"3278";"Romanian Deadlift Smith";"Rest Timer";"";"";"";"";"180.0";"";""
"444";"2026-05-23 13:41:45";"Leg";"3278";"Hamstring Curl with Cuff";"Note";"";"";"";"";"";"Lowest

10-12";""
"444";"2026-05-23 13:41:45";"Leg";"3278";"Hamstring Curl with Cuff";"W";"0.0";"10";"";"";"";"";""
"444";"2026-05-23 13:41:45";"Leg";"3278";"Hamstring Curl with Cuff";"1";"2.5";"7";"";"";"";"";""
"444";"2026-05-23 13:41:45";"Leg";"3278";"Hamstring Curl with Cuff";"Rest Timer";"";"";"";"";"120.0";"";""
"444";"2026-05-23 13:41:45";"Leg";"3278";"Split Squats Smith";"Note";"";"";"";"";"";"Glute focus

Lower bar on bar, lean a bit forward, stretch glute

Legs at weight horns";""
"444";"2026-05-23 13:41:45";"Leg";"3278";"Split Squats Smith";"1";"0.0";"7";"";"";"";"";""
"444";"2026-05-23 13:41:45";"Leg";"3278";"Split Squats Smith";"Rest Timer";"";"";"";"";"120.0";"";""
"444";"2026-05-23 13:41:45";"Leg";"3278";"Glute Kickback (Machine)";"1";"2.5";"12";"";"";"";"";""
"444";"2026-05-23 13:41:45";"Leg";"3278";"Glute Kickback (Machine)";"Rest Timer";"";"";"";"";"120.0";"";""
"444";"2026-05-23 13:41:45";"Leg";"3278";"Standing Calf Raise (Smith Machine)";"Note";"";"";"";"";"";"12-15

Platform, Lvl 2";""
"444";"2026-05-23 13:41:45";"Leg";"3278";"Standing Calf Raise (Smith Machine)";"1";"0.0";"15";"";"";"";"";""
"444";"2026-05-23 13:41:45";"Leg";"3278";"Standing Calf Raise (Smith Machine)";"Rest Timer";"";"";"";"";"120.0";"";""
"444";"2026-05-23 13:41:45";"Leg";"3278";"Smith Sitting Calf Raise";"Note";"";"";"";"";"";"15-20";""
"444";"2026-05-23 13:41:45";"Leg";"3278";"Smith Sitting Calf Raise";"1";"15.0";"15";"";"";"";"";""
"444";"2026-05-23 13:41:45";"Leg";"3278";"Smith Sitting Calf Raise";"Rest Timer";"";"";"";"";"120.0";"";""
"445";"2026-05-25 12:02:45";"Push";"3203";"Incline Bench Press (Smith Machine)";"Note";"";"";"";"";"";"6-8
Seat 4";""
"445";"2026-05-25 12:02:45";"Push";"3203";"Incline Bench Press (Smith Machine)";"W";"20.0";"5";"";"";"";"";""
"445";"2026-05-25 12:02:45";"Push";"3203";"Incline Bench Press (Smith Machine)";"W";"50.0";"5";"";"";"";"";""
"445";"2026-05-25 12:02:45";"Push";"3203";"Incline Bench Press (Smith Machine)";"1";"75.0";"8";"";"";"";"";""
"445";"2026-05-25 12:02:45";"Push";"3203";"Incline Bench Press (Smith Machine)";"Rest Timer";"";"";"";"";"180.0";"";""
"445";"2026-05-25 12:02:45";"Push";"3203";"Cable Press Incline ";"Note";"";"";"";"";"";"12-15";""
"445";"2026-05-25 12:02:45";"Push";"3203";"Cable Press Incline ";"1";"27.5";"12";"";"";"";"";""
"445";"2026-05-25 12:02:45";"Push";"3203";"Cable Press Incline ";"Rest Timer";"";"";"";"";"180.0";"";""
"445";"2026-05-25 12:02:45";"Push";"3203";"Decline Smith Press";"Note";"";"";"";"";"";"6-8";""
"445";"2026-05-25 12:02:45";"Push";"3203";"Decline Smith Press";"1";"80.0";"6";"";"";"";"";""
"445";"2026-05-25 12:02:45";"Push";"3203";"Decline Smith Press";"Rest Timer";"";"";"";"";"180.0";"";""
"445";"2026-05-25 12:02:45";"Push";"3203";"Cable Press Decline";"Note";"";"";"";"";"";"12-15";""
"445";"2026-05-25 12:02:45";"Push";"3203";"Cable Press Decline";"1";"25.0";"10";"";"";"";"";""
"445";"2026-05-25 12:02:45";"Push";"3203";"Cable Press Decline";"Rest Timer";"";"";"";"";"180.0";"";""
"445";"2026-05-25 12:02:45";"Push";"3203";"Lateral Raise (Cable)";"Note";"";"";"";"";"";"8-10
Height 11";""
"445";"2026-05-25 12:02:45";"Push";"3203";"Lateral Raise (Cable)";"1";"15.0";"9";"";"";"";"";""
"445";"2026-05-25 12:02:45";"Push";"3203";"Lateral Raise (Cable)";"Rest Timer";"";"";"";"";"120.0";"";""
"445";"2026-05-25 12:02:45";"Push";"3203";"Lateral Raise Cable Leaning";"Note";"";"";"";"";"";"15-20";""
"445";"2026-05-25 12:02:45";"Push";"3203";"Lateral Raise Cable Leaning";"1";"5.0";"11";"";"";"";"";""
"445";"2026-05-25 12:02:45";"Push";"3203";"Lateral Raise Cable Leaning";"Rest Timer";"";"";"";"";"120.0";"";""
"445";"2026-05-25 12:02:45";"Push";"3203";"Chest Flies Cable Seated Heavy";"Note";"";"";"";"";"";"Chair 2
Pulley 15
10-12";""
"445";"2026-05-25 12:02:45";"Push";"3203";"Chest Flies Cable Seated Heavy";"1";"27.5";"8";"";"";"";"";""
"445";"2026-05-25 12:02:45";"Push";"3203";"Chest Flies Cable Seated Heavy";"Rest Timer";"";"";"";"";"180.0";"";""
"445";"2026-05-25 12:02:45";"Push";"3203";"Chest Flies Cable Seated Volume";"Note";"";"";"";"";"";"15-20";""
"445";"2026-05-25 12:02:45";"Push";"3203";"Chest Flies Cable Seated Volume";"1";"15.0";"8";"";"";"";"";""
"445";"2026-05-25 12:02:45";"Push";"3203";"Chest Flies Cable Seated Volume";"Rest Timer";"";"";"";"";"120.0";"";""
"446";"2026-05-26 12:03:05";"Pull";"3849";"Pull Up";"Note";"";"";"";"";"";"6-8

1 negative";""
"446";"2026-05-26 12:03:05";"Pull";"3849";"Pull Up";"1";"0.0";"6";"";"";"";"";""
"446";"2026-05-26 12:03:05";"Pull";"3849";"Pull Up";"Rest Timer";"";"";"";"";"180.0";"";""
"446";"2026-05-26 12:03:05";"Pull";"3849";"Lat Pulldown Neutral Grip";"Note";"";"";"";"";"";"10-12";""
"446";"2026-05-26 12:03:05";"Pull";"3849";"Lat Pulldown Neutral Grip";"1";"80.0";"12";"";"";"";"";""
"446";"2026-05-26 12:03:05";"Pull";"3849";"Lat Pulldown Neutral Grip";"Rest Timer";"";"";"";"";"180.0";"";""
"446";"2026-05-26 12:03:05";"Pull";"3849";"Jammer Arms Row Neutral Grip";"Note";"";"";"";"";"";"6-8
Height 37
3";""
"446";"2026-05-26 12:03:05";"Pull";"3849";"Jammer Arms Row Neutral Grip";"W";"25.0";"5";"";"";"";"";""
"446";"2026-05-26 12:03:05";"Pull";"3849";"Jammer Arms Row Neutral Grip";"1";"35.0";"7";"";"";"";"";""
"446";"2026-05-26 12:03:05";"Pull";"3849";"Jammer Arms Row Neutral Grip";"Rest Timer";"";"";"";"";"180.0";"";""
"446";"2026-05-26 12:03:05";"Pull";"3849";"Low Cable Row Shoulder Width Neutral Grip";"Note";"";"";"";"";"";"10-12

Pulley lowest";""
"446";"2026-05-26 12:03:05";"Pull";"3849";"Low Cable Row Shoulder Width Neutral Grip";"1";"60.0";"10";"";"";"";"";""
"446";"2026-05-26 12:03:05";"Pull";"3849";"Low Cable Row Shoulder Width Neutral Grip";"Rest Timer";"";"";"";"";"180.0";"";""
"446";"2026-05-26 12:03:05";"Pull";"3849";"Chest Supported Kettle Shrug ";"Note";"";"";"";"";"";"8-10";""
"446";"2026-05-26 12:03:05";"Pull";"3849";"Chest Supported Kettle Shrug ";"1";"15.0";"15";"";"";"";"";""
"446";"2026-05-26 12:03:05";"Pull";"3849";"Chest Supported Kettle Shrug ";"Rest Timer";"";"";"";"";"120.0";"";""
"446";"2026-05-26 12:03:05";"Pull";"3849";"Shrug Cable Leaning Back";"Note";"";"";"";"";"";"Pulley 15

15-20";""
"446";"2026-05-26 12:03:05";"Pull";"3849";"Shrug Cable Leaning Back";"1";"35.0";"19";"";"";"";"";""
"446";"2026-05-26 12:03:05";"Pull";"3849";"Shrug Cable Leaning Back";"Rest Timer";"";"";"";"";"120.0";"";""
"446";"2026-05-26 12:03:05";"Pull";"3849";"Rear Delt Row Chest Supported";"Note";"";"";"";"";"";"8-10
13";""
"446";"2026-05-26 12:03:05";"Pull";"3849";"Rear Delt Row Chest Supported";"1";"60.0";"12";"";"";"";"";""
"446";"2026-05-26 12:03:05";"Pull";"3849";"Rear Delt Row Chest Supported";"Rest Timer";"";"";"";"";"120.0";"";""
"446";"2026-05-26 12:03:05";"Pull";"3849";"Reverse Fly (Cable)";"Note";"";"";"";"";"";"4
12-15";""
"446";"2026-05-26 12:03:05";"Pull";"3849";"Reverse Fly (Cable)";"1";"3.75";"12";"";"";"";"";""
"446";"2026-05-26 12:03:05";"Pull";"3849";"Reverse Fly (Cable)";"Rest Timer";"";"";"";"";"60.0";"";""
"446";"2026-05-26 12:03:05";"Pull";"3849";"Scapular Depressions Cable";"Note";"";"";"";"";"";"10-12";""
"446";"2026-05-26 12:03:05";"Pull";"3849";"Scapular Depressions Cable";"1";"80.0";"18";"";"";"";"";""
"446";"2026-05-26 12:03:05";"Pull";"3849";"Scapular Depressions Cable";"Rest Timer";"";"";"";"";"120.0";"";""
"446";"2026-05-26 12:03:05";"Pull";"3849";"Pullover Seated Rope Cable ";"Note";"";"";"";"";"";"Chair 2
Pulley 2
12-15";""
"446";"2026-05-26 12:03:05";"Pull";"3849";"Pullover Seated Rope Cable ";"1";"50.0";"10";"";"";"";"";""
"447";"2026-05-29 12:23:25";"Arms";"2782";"JM Press";"Note";"";"";"";"";"";"6-8

Rotate knuckles forward as you come down

Stick with weight when tendons get sore, don't fight through it

Bar at neck/upper chest

Elbows 45 degrees with line of torso

Bench 50 from edge of mat

Go lower on heavy. Focus on breathe and timing";""
"447";"2026-05-29 12:23:25";"Arms";"2782";"JM Press";"W";"30.0";"5";"";"";"";"";""
"447";"2026-05-29 12:23:25";"Arms";"2782";"JM Press";"1";"50.0";"8";"";"";"";"";""
"447";"2026-05-29 12:23:25";"Arms";"2782";"JM Press";"Rest Timer";"";"";"";"";"180.0";"";""
"447";"2026-05-29 12:23:25";"Arms";"2782";"Tricep Push down Spreader Bar";"Note";"";"";"";"";"";"10-12

Pulley 3";""
"447";"2026-05-29 12:23:25";"Arms";"2782";"Tricep Push down Spreader Bar";"1";"45.0";"10";"";"";"";"";""
"447";"2026-05-29 12:23:25";"Arms";"2782";"Tricep Push down Spreader Bar";"Rest Timer";"";"";"";"";"120.0";"";""
"447";"2026-05-29 12:23:25";"Arms";"2782";"Bayesian Cable Curl";"Note";"";"";"";"";"";"6-8
13";""
"447";"2026-05-29 12:23:25";"Arms";"2782";"Bayesian Cable Curl";"W";"5.0";"12";"";"";"";"";""
"447";"2026-05-29 12:23:25";"Arms";"2782";"Bayesian Cable Curl";"W";"10.0";"5";"";"";"";"";""
"447";"2026-05-29 12:23:25";"Arms";"2782";"Bayesian Cable Curl";"1";"16.25";"7";"";"";"";"";""
"447";"2026-05-29 12:23:25";"Arms";"2782";"Bayesian Cable Curl";"Rest Timer";"";"";"";"";"60.0";"";""
"447";"2026-05-29 12:23:25";"Arms";"2782";"Spider Curl Cable";"Note";"";"";"";"";"";"10-12
Lowest";""
"447";"2026-05-29 12:23:25";"Arms";"2782";"Spider Curl Cable";"1";"10.0";"13";"";"";"";"";""
"447";"2026-05-29 12:23:25";"Arms";"2782";"Spider Curl Cable";"Rest Timer";"";"";"";"";"120.0";"";""
"447";"2026-05-29 12:23:25";"Arms";"2782";"Tricep Extension Cable Overhead";"Note";"";"";"";"";"";"Seat 1

8-10

Short rope

Pulley lowest

Overlap frame, allow distance to avoid rope knocking into frame";""
"447";"2026-05-29 12:23:25";"Arms";"2782";"Tricep Extension Cable Overhead";"1";"35.0";"10";"";"";"";"";""
"447";"2026-05-29 12:23:25";"Arms";"2782";"Tricep Extension Cable Overhead";"Rest Timer";"";"";"";"";"120.0";"";""
"447";"2026-05-29 12:23:25";"Arms";"2782";"Cable Single Arm Overhead Extension";"Note";"";"";"";"";"";"12-15
11";""
"447";"2026-05-29 12:23:25";"Arms";"2782";"Cable Single Arm Overhead Extension";"1";"10.0";"10";"";"";"";"";""
"447";"2026-05-29 12:23:25";"Arms";"2782";"Cable Single Arm Overhead Extension";"Rest Timer";"";"";"";"";"120.0";"";""
"447";"2026-05-29 12:23:25";"Arms";"2782";"Bayesian Hammer Curl Cable";"Note";"";"";"";"";"";"8-10
13";""
"447";"2026-05-29 12:23:25";"Arms";"2782";"Bayesian Hammer Curl Cable";"1";"20.0";"11";"";"";"";"";""
"447";"2026-05-29 12:23:25";"Arms";"2782";"Bayesian Hammer Curl Cable";"Rest Timer";"";"";"";"";"120.0";"";""
"447";"2026-05-29 12:23:25";"Arms";"2782";"Spider Hammer Curl Cable";"Note";"";"";"";"";"";"12-15";""
"447";"2026-05-29 12:23:25";"Arms";"2782";"Spider Hammer Curl Cable";"1";"7.5";"11";"";"";"";"";""
"447";"2026-05-29 12:23:25";"Arms";"2782";"Spider Hammer Curl Cable";"Rest Timer";"";"";"";"";"120.0";"";""
"448";"2026-05-30 14:02:08";"Leg";"3411";"Squat (Smith Machine)";"Note";"";"";"";"";"";"Support 2/3

6-8/12-15";""
"448";"2026-05-30 14:02:08";"Leg";"3411";"Squat (Smith Machine)";"W";"30.0";"5";"";"";"";"";""
"448";"2026-05-30 14:02:08";"Leg";"3411";"Squat (Smith Machine)";"1";"50.0";"7";"";"";"";"";""
"448";"2026-05-30 14:02:08";"Leg";"3411";"Squat (Smith Machine)";"Rest Timer";"";"";"";"";"180.0";"";""
"448";"2026-05-30 14:02:08";"Leg";"3411";"Squat (Smith Machine)";"2";"20.0";"11";"";"";"";"";""
"448";"2026-05-30 14:02:08";"Leg";"3411";"Squat (Smith Machine)";"Rest Timer";"";"";"";"";"180.0";"";""
"448";"2026-05-30 14:02:08";"Leg";"3411";"Romanian Deadlift Smith";"Note";"";"";"";"";"";"6-8";""
"448";"2026-05-30 14:02:08";"Leg";"3411";"Romanian Deadlift Smith";"W";"50.0";"5";"";"";"";"";""
"448";"2026-05-30 14:02:08";"Leg";"3411";"Romanian Deadlift Smith";"1";"115.0";"6";"";"";"";"";""
"448";"2026-05-30 14:02:08";"Leg";"3411";"Romanian Deadlift Smith";"Rest Timer";"";"";"";"";"180.0";"";""
"448";"2026-05-30 14:02:08";"Leg";"3411";"Hamstring Curl with Cuff";"Note";"";"";"";"";"";"Lowest

10-12";""
"448";"2026-05-30 14:02:08";"Leg";"3411";"Hamstring Curl with Cuff";"W";"0.0";"6";"";"";"";"";""
"448";"2026-05-30 14:02:08";"Leg";"3411";"Hamstring Curl with Cuff";"1";"2.5";"9";"";"";"";"";""
"448";"2026-05-30 14:02:08";"Leg";"3411";"Hamstring Curl with Cuff";"Rest Timer";"";"";"";"";"120.0";"";""
"448";"2026-05-30 14:02:08";"Leg";"3411";"Split Squats Smith";"Note";"";"";"";"";"";"Glute focus

Lower bar on bar, lean a bit forward, stretch glute

Legs at weight horns";""
"448";"2026-05-30 14:02:08";"Leg";"3411";"Split Squats Smith";"1";"0.0";"8";"";"";"";"";""
"448";"2026-05-30 14:02:08";"Leg";"3411";"Split Squats Smith";"Rest Timer";"";"";"";"";"120.0";"";""
"448";"2026-05-30 14:02:08";"Leg";"3411";"Glute Kickback (Machine)";"1";"2.5";"15";"";"";"";"";""
"448";"2026-05-30 14:02:08";"Leg";"3411";"Glute Kickback (Machine)";"Rest Timer";"";"";"";"";"120.0";"";""
"448";"2026-05-30 14:02:08";"Leg";"3411";"Standing Calf Raise (Smith Machine)";"Note";"";"";"";"";"";"12-15

Platform, Lvl 2";""
"448";"2026-05-30 14:02:08";"Leg";"3411";"Standing Calf Raise (Smith Machine)";"1";"0.0";"17";"";"";"";"";""
"448";"2026-05-30 14:02:08";"Leg";"3411";"Standing Calf Raise (Smith Machine)";"Rest Timer";"";"";"";"";"120.0";"";""
"448";"2026-05-30 14:02:08";"Leg";"3411";"Smith Sitting Calf Raise";"Note";"";"";"";"";"";"15-20";""
"448";"2026-05-30 14:02:08";"Leg";"3411";"Smith Sitting Calf Raise";"1";"15.0";"25";"";"";"";"";""
"448";"2026-05-30 14:02:08";"Leg";"3411";"Smith Sitting Calf Raise";"Rest Timer";"";"";"";"";"120.0";"";""
"449";"2026-06-01 12:07:29";"Push";"4239";"Incline Bench Press (Smith Machine)";"W";"30.0";"5";"";"";"";"";""
"449";"2026-06-01 12:07:29";"Push";"4239";"Incline Bench Press (Smith Machine)";"W";"50.0";"5";"";"";"";"";""
"449";"2026-06-01 12:07:29";"Push";"4239";"Incline Bench Press (Smith Machine)";"W";"60.0";"5";"";"";"";"";""
"449";"2026-06-01 12:07:29";"Push";"4239";"Incline Bench Press (Smith Machine)";"Note";"";"";"";"";"";"6-8
Seat 4

Drop down to 60!!!!!!";""
"449";"2026-06-01 12:07:29";"Push";"4239";"Incline Bench Press (Smith Machine)";"1";"60.0";"6";"";"";"";"";""
"449";"2026-06-01 12:07:29";"Push";"4239";"Incline Bench Press (Smith Machine)";"Rest Timer";"";"";"";"";"180.0";"";""
"449";"2026-06-01 12:07:29";"Push";"4239";"Cable Press Incline ";"Note";"";"";"";"";"";"12-15";""
"449";"2026-06-01 12:07:29";"Push";"4239";"Cable Press Incline ";"1";"27.5";"14";"";"";"";"";""
"449";"2026-06-01 12:07:29";"Push";"4239";"Cable Press Incline ";"Rest Timer";"";"";"";"";"180.0";"";""
"449";"2026-06-01 12:07:29";"Push";"4239";"Decline Smith Press";"Note";"";"";"";"";"";"6-8";""
"449";"2026-06-01 12:07:29";"Push";"4239";"Decline Smith Press";"1";"70.0";"6";"";"";"";"";""
"449";"2026-06-01 12:07:29";"Push";"4239";"Decline Smith Press";"Rest Timer";"";"";"";"";"180.0";"";""
"449";"2026-06-01 12:07:29";"Push";"4239";"Cable Press Decline";"Note";"";"";"";"";"";"12-15";""
"449";"2026-06-01 12:07:29";"Push";"4239";"Cable Press Decline";"1";"20.0";"12";"";"";"";"";""
"449";"2026-06-01 12:07:29";"Push";"4239";"Cable Press Decline";"Rest Timer";"";"";"";"";"180.0";"";""
"449";"2026-06-01 12:07:29";"Push";"4239";"Lateral Raise (Cable)";"W";"5.0";"5";"";"";"";"";""
"449";"2026-06-01 12:07:29";"Push";"4239";"Lateral Raise (Cable)";"W";"10.0";"5";"";"";"";"";""
"449";"2026-06-01 12:07:29";"Push";"4239";"Lateral Raise (Cable)";"W";"12.0";"3";"";"";"";"";""
"449";"2026-06-01 12:07:29";"Push";"4239";"Lateral Raise (Cable)";"Note";"";"";"";"";"";"8-10
Height 10";""
"449";"2026-06-01 12:07:29";"Push";"4239";"Lateral Raise (Cable)";"1";"15.0";"10";"";"";"";"";""
"449";"2026-06-01 12:07:29";"Push";"4239";"Lateral Raise (Cable)";"Rest Timer";"";"";"";"";"120.0";"";""
"449";"2026-06-01 12:07:29";"Push";"4239";"Lateral Raise Cable Leaning";"Note";"";"";"";"";"";"15-20";""
"449";"2026-06-01 12:07:29";"Push";"4239";"Lateral Raise Cable Leaning";"1";"2.5";"13";"";"";"";"";""
"449";"2026-06-01 12:07:29";"Push";"4239";"Lateral Raise Cable Leaning";"Rest Timer";"";"";"";"";"120.0";"";""
"449";"2026-06-01 12:07:29";"Push";"4239";"Chest Flies Cable Seated Heavy";"Note";"";"";"";"";"";"Chair 2
Pulley 15
10-12";""
"449";"2026-06-01 12:07:29";"Push";"4239";"Chest Flies Cable Seated Heavy";"1";"20.0";"8";"";"";"";"";""
"449";"2026-06-01 12:07:29";"Push";"4239";"Chest Flies Cable Seated Heavy";"Rest Timer";"";"";"";"";"180.0";"";""
"449";"2026-06-01 12:07:29";"Push";"4239";"Chest Flies Cable Seated Volume";"Note";"";"";"";"";"";"15-20";""
"449";"2026-06-01 12:07:29";"Push";"4239";"Chest Flies Cable Seated Volume";"1";"5.0";"15";"";"";"";"";""
"449";"2026-06-01 12:07:29";"Push";"4239";"Chest Flies Cable Seated Volume";"Rest Timer";"";"";"";"";"120.0";"";""
"450";"2026-06-02 12:03:22";"Pull";"3826";"Pull Up";"Note";"";"";"";"";"";"6-8
1 negative";""
"450";"2026-06-02 12:03:22";"Pull";"3826";"Pull Up";"1";"0.0";"7";"";"";"";"";""
"450";"2026-06-02 12:03:22";"Pull";"3826";"Pull Up";"Rest Timer";"";"";"";"";"180.0";"";""
"450";"2026-06-02 12:03:22";"Pull";"3826";"Lat Pulldown Neutral Grip";"Note";"";"";"";"";"";"10-12";""
"450";"2026-06-02 12:03:22";"Pull";"3826";"Lat Pulldown Neutral Grip";"1";"82.5";"10";"";"";"";"";""
"450";"2026-06-02 12:03:22";"Pull";"3826";"Lat Pulldown Neutral Grip";"Rest Timer";"";"";"";"";"180.0";"";""
"450";"2026-06-02 12:03:22";"Pull";"3826";"Jammer Arms Row Neutral Grip";"Note";"";"";"";"";"";"6-8
3
Height 37";""
"450";"2026-06-02 12:03:22";"Pull";"3826";"Jammer Arms Row Neutral Grip";"W";"25.0";"5";"";"";"";"";""
"450";"2026-06-02 12:03:22";"Pull";"3826";"Jammer Arms Row Neutral Grip";"1";"35.0";"8";"";"";"";"";""
"450";"2026-06-02 12:03:22";"Pull";"3826";"Jammer Arms Row Neutral Grip";"Rest Timer";"";"";"";"";"180.0";"";""
"450";"2026-06-02 12:03:22";"Pull";"3826";"Low Cable Row Shoulder Width Neutral Grip";"Note";"";"";"";"";"";"10-12
12";""
"450";"2026-06-02 12:03:22";"Pull";"3826";"Low Cable Row Shoulder Width Neutral Grip";"1";"60.0";"12";"";"";"";"";""
"450";"2026-06-02 12:03:22";"Pull";"3826";"Low Cable Row Shoulder Width Neutral Grip";"Rest Timer";"";"";"";"";"180.0";"";""
"450";"2026-06-02 12:03:22";"Pull";"3826";"Chest Supported Kettle Shrug ";"Note";"";"";"";"";"";"8-10";""
"450";"2026-06-02 12:03:22";"Pull";"3826";"Chest Supported Kettle Shrug ";"1";"15.0";"15";"";"";"";"";""
"450";"2026-06-02 12:03:22";"Pull";"3826";"Chest Supported Kettle Shrug ";"Rest Timer";"";"";"";"";"120.0";"";""
"450";"2026-06-02 12:03:22";"Pull";"3826";"Shrug Cable Leaning Back";"Note";"";"";"";"";"";"15
15-20";""
"450";"2026-06-02 12:03:22";"Pull";"3826";"Shrug Cable Leaning Back";"1";"35.0";"22";"";"";"";"";""
"450";"2026-06-02 12:03:22";"Pull";"3826";"Shrug Cable Leaning Back";"Rest Timer";"";"";"";"";"120.0";"";""
"450";"2026-06-02 12:03:22";"Pull";"3826";"Rear Delt Row Chest Supported";"Note";"";"";"";"";"";"8-10
13";""
"450";"2026-06-02 12:03:22";"Pull";"3826";"Rear Delt Row Chest Supported";"1";"62.5";"10";"";"";"";"";""
"450";"2026-06-02 12:03:22";"Pull";"3826";"Rear Delt Row Chest Supported";"Rest Timer";"";"";"";"";"120.0";"";""
"450";"2026-06-02 12:03:22";"Pull";"3826";"Reverse Fly (Cable)";"Note";"";"";"";"";"";"4
12-15";""
"450";"2026-06-02 12:03:22";"Pull";"3826";"Reverse Fly (Cable)";"1";"3.75";"16";"";"";"";"";""
"450";"2026-06-02 12:03:22";"Pull";"3826";"Reverse Fly (Cable)";"Rest Timer";"";"";"";"";"60.0";"";""
"450";"2026-06-02 12:03:22";"Pull";"3826";"Scapular Depressions Cable";"Note";"";"";"";"";"";"10-12";""
"450";"2026-06-02 12:03:22";"Pull";"3826";"Scapular Depressions Cable";"1";"90.0";"15";"";"";"";"";""
"450";"2026-06-02 12:03:22";"Pull";"3826";"Scapular Depressions Cable";"Rest Timer";"";"";"";"";"120.0";"";""
"450";"2026-06-02 12:03:22";"Pull";"3826";"Pullover Seated Rope Cable ";"Note";"";"";"";"";"";"Chair 2
2
12-15";""
"450";"2026-06-02 12:03:22";"Pull";"3826";"Pullover Seated Rope Cable ";"1";"50.0";"9";"";"";"";"";""
"451";"2026-06-05 11:56:12";"Arms";"3775";"JM Press";"Note";"";"";"";"";"";"6-8

Bar at neck/upper chest

Elbows 45 degrees";""
"451";"2026-06-05 11:56:12";"Arms";"3775";"JM Press";"W";"30.0";"5";"";"";"";"";""
"451";"2026-06-05 11:56:12";"Arms";"3775";"JM Press";"1";"50.0";"11";"";"";"";"";""
"451";"2026-06-05 11:56:12";"Arms";"3775";"JM Press";"Rest Timer";"";"";"";"";"180.0";"";""
"451";"2026-06-05 11:56:12";"Arms";"3775";"Tricep Push down Spreader Bar";"Note";"";"";"";"";"";"10-12

Pulley 3";""
"451";"2026-06-05 11:56:12";"Arms";"3775";"Tricep Push down Spreader Bar";"1";"45.0";"10";"";"";"";"";""
"451";"2026-06-05 11:56:12";"Arms";"3775";"Tricep Push down Spreader Bar";"Rest Timer";"";"";"";"";"120.0";"";""
"451";"2026-06-05 11:56:12";"Arms";"3775";"Bayesian Cable Curl";"Note";"";"";"";"";"";"6-8
13";""
"451";"2026-06-05 11:56:12";"Arms";"3775";"Bayesian Cable Curl";"W";"5.0";"12";"";"";"";"";""
"451";"2026-06-05 11:56:12";"Arms";"3775";"Bayesian Cable Curl";"W";"10.0";"5";"";"";"";"";""
"451";"2026-06-05 11:56:12";"Arms";"3775";"Bayesian Cable Curl";"1";"16.25";"12";"";"";"";"";""
"451";"2026-06-05 11:56:12";"Arms";"3775";"Bayesian Cable Curl";"Rest Timer";"";"";"";"";"60.0";"";""
"451";"2026-06-05 11:56:12";"Arms";"3775";"Spider Curl Cable";"Note";"";"";"";"";"";"10-12
Lowest";""
"451";"2026-06-05 11:56:12";"Arms";"3775";"Spider Curl Cable";"1";"12.5";"10";"";"";"";"";""
"451";"2026-06-05 11:56:12";"Arms";"3775";"Spider Curl Cable";"Rest Timer";"";"";"";"";"120.0";"";""
"451";"2026-06-05 11:56:12";"Arms";"3775";"Tricep Extension Cable Overhead";"Note";"";"";"";"";"";"Seat 1

8-10

Short rope

Pulley lowest

Overlap frame, allow distance to avoid rope knocking into frame";""
"451";"2026-06-05 11:56:12";"Arms";"3775";"Tricep Extension Cable Overhead";"1";"37.5";"10";"";"";"";"";""
"451";"2026-06-05 11:56:12";"Arms";"3775";"Tricep Extension Cable Overhead";"Rest Timer";"";"";"";"";"120.0";"";""
"451";"2026-06-05 11:56:12";"Arms";"3775";"Cable Single Arm Overhead Extension";"Note";"";"";"";"";"";"12-15";""
"451";"2026-06-05 11:56:12";"Arms";"3775";"Cable Single Arm Overhead Extension";"1";"7.5";"10";"";"";"";"";""
"451";"2026-06-05 11:56:12";"Arms";"3775";"Cable Single Arm Overhead Extension";"Rest Timer";"";"";"";"";"120.0";"";""
"451";"2026-06-05 11:56:12";"Arms";"3775";"Bayesian Hammer Curl Cable";"Note";"";"";"";"";"";"8-10
13";""
"451";"2026-06-05 11:56:12";"Arms";"3775";"Bayesian Hammer Curl Cable";"1";"21.25";"11";"";"";"";"";""
"451";"2026-06-05 11:56:12";"Arms";"3775";"Bayesian Hammer Curl Cable";"Rest Timer";"";"";"";"";"120.0";"";""
"451";"2026-06-05 11:56:12";"Arms";"3775";"Spider Hammer Curl Cable";"Note";"";"";"";"";"";"12-15";""
"451";"2026-06-05 11:56:12";"Arms";"3775";"Spider Hammer Curl Cable";"1";"7.5";"12";"";"";"";"";""
"451";"2026-06-05 11:56:12";"Arms";"3775";"Spider Hammer Curl Cable";"Rest Timer";"";"";"";"";"120.0";"";""
"452";"2026-06-06 14:04:35";"Leg";"3593";"Squat (Smith Machine)";"Note";"";"";"";"";"";"Elevated

Support 3

6-8/12-15";""
"452";"2026-06-06 14:04:35";"Leg";"3593";"Squat (Smith Machine)";"W";"30.0";"5";"";"";"";"";""
"452";"2026-06-06 14:04:35";"Leg";"3593";"Squat (Smith Machine)";"1";"50.0";"12";"";"";"";"";""
"452";"2026-06-06 14:04:35";"Leg";"3593";"Squat (Smith Machine)";"Rest Timer";"";"";"";"";"180.0";"";""
"452";"2026-06-06 14:04:35";"Leg";"3593";"Squat (Smith Machine)";"2";"20.0";"12";"";"";"";"";""
"452";"2026-06-06 14:04:35";"Leg";"3593";"Squat (Smith Machine)";"Rest Timer";"";"";"";"";"180.0";"";""
"452";"2026-06-06 14:04:35";"Leg";"3593";"Romanian Deadlift Smith";"Note";"";"";"";"";"";"6-8";""
"452";"2026-06-06 14:04:35";"Leg";"3593";"Romanian Deadlift Smith";"W";"50.0";"5";"";"";"";"";""
"452";"2026-06-06 14:04:35";"Leg";"3593";"Romanian Deadlift Smith";"1";"115.0";"6";"";"";"";"";""
"452";"2026-06-06 14:04:35";"Leg";"3593";"Romanian Deadlift Smith";"Rest Timer";"";"";"";"";"180.0";"";""
"452";"2026-06-06 14:04:35";"Leg";"3593";"Hamstring Curl with Cuff";"Note";"";"";"";"";"";"Lowest

10-12";""
"452";"2026-06-06 14:04:35";"Leg";"3593";"Hamstring Curl with Cuff";"W";"0.0";"6";"";"";"";"";""
"452";"2026-06-06 14:04:35";"Leg";"3593";"Hamstring Curl with Cuff";"1";"2.5";"10";"";"";"";"";""
"452";"2026-06-06 14:04:35";"Leg";"3593";"Hamstring Curl with Cuff";"Rest Timer";"";"";"";"";"120.0";"";""
"452";"2026-06-06 14:04:35";"Leg";"3593";"Split Squats Smith";"Note";"";"";"";"";"";"Glute focus

Lower bar on bar, lean a bit forward, stretch glute

Legs at weight horns";""
"452";"2026-06-06 14:04:35";"Leg";"3593";"Split Squats Smith";"1";"0.0";"8";"";"";"";"";""
"452";"2026-06-06 14:04:35";"Leg";"3593";"Split Squats Smith";"Rest Timer";"";"";"";"";"120.0";"";""
"452";"2026-06-06 14:04:35";"Leg";"3593";"Glute Kickback (Machine)";"1";"2.5";"15";"";"";"";"";""
"452";"2026-06-06 14:04:35";"Leg";"3593";"Glute Kickback (Machine)";"Rest Timer";"";"";"";"";"120.0";"";""
"452";"2026-06-06 14:04:35";"Leg";"3593";"Standing Calf Raise (Smith Machine)";"Note";"";"";"";"";"";"12-15

Platform, Lvl 2";""
"452";"2026-06-06 14:04:35";"Leg";"3593";"Standing Calf Raise (Smith Machine)";"1";"0.0";"17";"";"";"";"";""
"452";"2026-06-06 14:04:35";"Leg";"3593";"Standing Calf Raise (Smith Machine)";"Rest Timer";"";"";"";"";"120.0";"";""
"452";"2026-06-06 14:04:35";"Leg";"3593";"Smith Sitting Calf Raise";"Note";"";"";"";"";"";"15-20";""
"452";"2026-06-06 14:04:35";"Leg";"3593";"Smith Sitting Calf Raise";"1";"20.0";"15";"";"";"";"";""
"452";"2026-06-06 14:04:35";"Leg";"3593";"Smith Sitting Calf Raise";"Rest Timer";"";"";"";"";"120.0";"";""
"453";"2026-06-08 12:35:51";"Push";"2954";"Incline Bench Press (Smith Machine)";"Note";"";"";"";"";"";"6-8
Seat 4

Drop down to 60!!!!!!";""
"453";"2026-06-08 12:35:51";"Push";"2954";"Incline Bench Press (Smith Machine)";"W";"0.0";"5";"";"";"";"";""
"453";"2026-06-08 12:35:51";"Push";"2954";"Incline Bench Press (Smith Machine)";"W";"30.0";"5";"";"";"";"";""
"453";"2026-06-08 12:35:51";"Push";"2954";"Incline Bench Press (Smith Machine)";"W";"30.0";"5";"";"";"";"";""
"453";"2026-06-08 12:35:51";"Push";"2954";"Incline Bench Press (Smith Machine)";"1";"60.0";"8";"";"";"";"";""
"453";"2026-06-08 12:35:51";"Push";"2954";"Incline Bench Press (Smith Machine)";"Rest Timer";"";"";"";"";"180.0";"";""
"453";"2026-06-08 12:35:51";"Push";"2954";"Cable Press Incline ";"Note";"";"";"";"";"";"12-15";""
"453";"2026-06-08 12:35:51";"Push";"2954";"Cable Press Incline ";"1";"27.5";"18";"";"";"";"";""
"453";"2026-06-08 12:35:51";"Push";"2954";"Cable Press Incline ";"Rest Timer";"";"";"";"";"180.0";"";""
"453";"2026-06-08 12:35:51";"Push";"2954";"Decline Smith Press";"Note";"";"";"";"";"";"6-8";""
"453";"2026-06-08 12:35:51";"Push";"2954";"Decline Smith Press";"1";"70.0";"6";"";"";"";"";""
"453";"2026-06-08 12:35:51";"Push";"2954";"Decline Smith Press";"Rest Timer";"";"";"";"";"180.0";"";""
"453";"2026-06-08 12:35:51";"Push";"2954";"Cable Press Decline";"Note";"";"";"";"";"";"12-15";""
"453";"2026-06-08 12:35:51";"Push";"2954";"Cable Press Decline";"1";"20.0";"12";"";"";"";"";""
"453";"2026-06-08 12:35:51";"Push";"2954";"Cable Press Decline";"Rest Timer";"";"";"";"";"180.0";"";""
"453";"2026-06-08 12:35:51";"Push";"2954";"Lateral Raise (Cable)";"Note";"";"";"";"";"";"8-10
Height 10";""
"453";"2026-06-08 12:35:51";"Push";"2954";"Lateral Raise (Cable)";"W";"5.0";"5";"";"";"";"";""
"453";"2026-06-08 12:35:51";"Push";"2954";"Lateral Raise (Cable)";"W";"10.0";"5";"";"";"";"";""
"453";"2026-06-08 12:35:51";"Push";"2954";"Lateral Raise (Cable)";"W";"12.0";"3";"";"";"";"";""
"453";"2026-06-08 12:35:51";"Push";"2954";"Lateral Raise (Cable)";"1";"15.0";"10";"";"";"";"";""
"453";"2026-06-08 12:35:51";"Push";"2954";"Lateral Raise (Cable)";"Rest Timer";"";"";"";"";"120.0";"";""
"453";"2026-06-08 12:35:51";"Push";"2954";"Lateral Raise Cable Leaning";"Note";"";"";"";"";"";"15-20";""
"453";"2026-06-08 12:35:51";"Push";"2954";"Lateral Raise Cable Leaning";"1";"2.5";"15";"";"";"";"";""
"453";"2026-06-08 12:35:51";"Push";"2954";"Lateral Raise Cable Leaning";"Rest Timer";"";"";"";"";"120.0";"";""
"453";"2026-06-08 12:35:51";"Push";"2954";"Chest Flies Cable Seated Heavy";"Note";"";"";"";"";"";"2
Lowest
10-12";""
"453";"2026-06-08 12:35:51";"Push";"2954";"Chest Flies Cable Seated Heavy";"1";"20.0";"13";"";"";"";"";""
"453";"2026-06-08 12:35:51";"Push";"2954";"Chest Flies Cable Seated Heavy";"Rest Timer";"";"";"";"";"180.0";"";""
"453";"2026-06-08 12:35:51";"Push";"2954";"Chest Flies Cable Seated Volume";"Note";"";"";"";"";"";"15-20";""
"453";"2026-06-08 12:35:51";"Push";"2954";"Chest Flies Cable Seated Volume";"1";"5.0";"17";"";"";"";"";""
"453";"2026-06-08 12:35:51";"Push";"2954";"Chest Flies Cable Seated Volume";"Rest Timer";"";"";"";"";"120.0";"";""
"454";"2026-06-09 12:06:09";"Pull";"4156";"Pull Up";"Note";"";"";"";"";"";"6-8
1 negative";""
"454";"2026-06-09 12:06:09";"Pull";"4156";"Pull Up";"1";"0.0";"7";"";"";"";"";""
"454";"2026-06-09 12:06:09";"Pull";"4156";"Pull Up";"Rest Timer";"";"";"";"";"180.0";"";""
"454";"2026-06-09 12:06:09";"Pull";"4156";"Lat Pulldown Neutral Grip";"Note";"";"";"";"";"";"10-12";""
"454";"2026-06-09 12:06:09";"Pull";"4156";"Lat Pulldown Neutral Grip";"1";"82.5";"12";"";"";"";"";""
"454";"2026-06-09 12:06:09";"Pull";"4156";"Lat Pulldown Neutral Grip";"Rest Timer";"";"";"";"";"180.0";"";""
"454";"2026-06-09 12:06:09";"Pull";"4156";"Jammer Arms Row Neutral Grip";"Note";"";"";"";"";"";"6-8
37
3";""
"454";"2026-06-09 12:06:09";"Pull";"4156";"Jammer Arms Row Neutral Grip";"W";"25.0";"5";"";"";"";"";""
"454";"2026-06-09 12:06:09";"Pull";"4156";"Jammer Arms Row Neutral Grip";"1";"35.0";"8";"";"";"";"";""
"454";"2026-06-09 12:06:09";"Pull";"4156";"Jammer Arms Row Neutral Grip";"Rest Timer";"";"";"";"";"180.0";"";""
"454";"2026-06-09 12:06:09";"Pull";"4156";"Low Cable Row Shoulder Width Neutral Grip";"Note";"";"";"";"";"";"10-12
lowest";""
"454";"2026-06-09 12:06:09";"Pull";"4156";"Low Cable Row Shoulder Width Neutral Grip";"1";"60.0";"12";"";"";"";"";""
"454";"2026-06-09 12:06:09";"Pull";"4156";"Low Cable Row Shoulder Width Neutral Grip";"Rest Timer";"";"";"";"";"180.0";"";""
"454";"2026-06-09 12:06:09";"Pull";"4156";"Chest Supported Kettle Shrug ";"Note";"";"";"";"";"";"8-10";""
"454";"2026-06-09 12:06:09";"Pull";"4156";"Chest Supported Kettle Shrug ";"1";"20.0";"9";"";"";"";"";""
"454";"2026-06-09 12:06:09";"Pull";"4156";"Chest Supported Kettle Shrug ";"Rest Timer";"";"";"";"";"120.0";"";""
"454";"2026-06-09 12:06:09";"Pull";"4156";"Shrug Cable Leaning Back";"Note";"";"";"";"";"";"Pulley 15

15-20";""
"454";"2026-06-09 12:06:09";"Pull";"4156";"Shrug Cable Leaning Back";"1";"40.0";"18";"";"";"";"";""
"454";"2026-06-09 12:06:09";"Pull";"4156";"Shrug Cable Leaning Back";"Rest Timer";"";"";"";"";"120.0";"";""
"454";"2026-06-09 12:06:09";"Pull";"4156";"Scapular Depressions Cable";"Note";"";"";"";"";"";"10-12";""
"454";"2026-06-09 12:06:09";"Pull";"4156";"Scapular Depressions Cable";"1";"95.0";"11";"";"";"";"";""
"454";"2026-06-09 12:06:09";"Pull";"4156";"Scapular Depressions Cable";"Rest Timer";"";"";"";"";"120.0";"";""
"454";"2026-06-09 12:06:09";"Pull";"4156";"Pullover Seated Rope Cable ";"Note";"";"";"";"";"";"Chair 2
2
12-15";""
"454";"2026-06-09 12:06:09";"Pull";"4156";"Pullover Seated Rope Cable ";"1";"50.0";"12";"";"";"";"";""
"454";"2026-06-09 12:06:09";"Pull";"4156";"Rear Delt Row Chest Supported";"Note";"";"";"";"";"";"8-10
12";""
"454";"2026-06-09 12:06:09";"Pull";"4156";"Rear Delt Row Chest Supported";"1";"62.5";"11";"";"";"";"";""
"454";"2026-06-09 12:06:09";"Pull";"4156";"Rear Delt Row Chest Supported";"Rest Timer";"";"";"";"";"120.0";"";""
"454";"2026-06-09 12:06:09";"Pull";"4156";"Reverse Fly (Cable)";"Note";"";"";"";"";"";"5
15-20";""
"454";"2026-06-09 12:06:09";"Pull";"4156";"Reverse Fly (Cable)";"1";"3.75";"16";"";"";"";"";""
"454";"2026-06-09 12:06:09";"Pull";"4156";"Reverse Fly (Cable)";"Rest Timer";"";"";"";"";"60.0";"";""
"455";"2026-06-12 12:49:42";"Arms";"3397";"JM Press";"Note";"";"";"";"";"";"6-8

Rotate knuckles forward as you come down

Stick with weight when tendons get sore, don't fight through it

Bar at neck/upper chest

Elbows 45 degrees with line of torso

Bench 50 from edge of mat

Go lower on heavy. Focus on breathe and timing";""
"455";"2026-06-12 12:49:42";"Arms";"3397";"JM Press";"W";"30.0";"5";"";"";"";"";""
"455";"2026-06-12 12:49:42";"Arms";"3397";"JM Press";"1";"55.0";"9";"";"";"";"";""
"455";"2026-06-12 12:49:42";"Arms";"3397";"JM Press";"Rest Timer";"";"";"";"";"180.0";"";""
"455";"2026-06-12 12:49:42";"Arms";"3397";"Tricep Push down Spreader Bar";"Note";"";"";"";"";"";"10-12

Pulley 3";""
"455";"2026-06-12 12:49:42";"Arms";"3397";"Tricep Push down Spreader Bar";"1";"45.0";"11";"";"";"";"";""
"455";"2026-06-12 12:49:42";"Arms";"3397";"Tricep Push down Spreader Bar";"Rest Timer";"";"";"";"";"120.0";"";""
"455";"2026-06-12 12:49:42";"Arms";"3397";"Bayesian Cable Curl";"Note";"";"";"";"";"";"6-8
13";""
"455";"2026-06-12 12:49:42";"Arms";"3397";"Bayesian Cable Curl";"W";"5.0";"12";"";"";"";"";""
"455";"2026-06-12 12:49:42";"Arms";"3397";"Bayesian Cable Curl";"W";"10.0";"5";"";"";"";"";""
"455";"2026-06-12 12:49:42";"Arms";"3397";"Bayesian Cable Curl";"1";"17.25";"10";"";"";"";"";""
"455";"2026-06-12 12:49:42";"Arms";"3397";"Bayesian Cable Curl";"Rest Timer";"";"";"";"";"60.0";"";""
"455";"2026-06-12 12:49:42";"Arms";"3397";"Spider Curl Cable";"Note";"";"";"";"";"";"10-12
Lowest";""
"455";"2026-06-12 12:49:42";"Arms";"3397";"Spider Curl Cable";"1";"12.5";"11";"";"";"";"";""
"455";"2026-06-12 12:49:42";"Arms";"3397";"Spider Curl Cable";"Rest Timer";"";"";"";"";"120.0";"";""
"455";"2026-06-12 12:49:42";"Arms";"3397";"Tricep Extension Cable Overhead";"Note";"";"";"";"";"";"Seat 1

8-10

Short rope

Pulley lowest";""
"455";"2026-06-12 12:49:42";"Arms";"3397";"Tricep Extension Cable Overhead";"1";"37.5";"11";"";"";"";"";""
"455";"2026-06-12 12:49:42";"Arms";"3397";"Tricep Extension Cable Overhead";"Rest Timer";"";"";"";"";"120.0";"";""
"455";"2026-06-12 12:49:42";"Arms";"3397";"Cable Single Arm Overhead Extension";"Note";"";"";"";"";"";"12-15";""
"455";"2026-06-12 12:49:42";"Arms";"3397";"Cable Single Arm Overhead Extension";"1";"7.5";"12";"";"";"";"";""
"455";"2026-06-12 12:49:42";"Arms";"3397";"Cable Single Arm Overhead Extension";"Rest Timer";"";"";"";"";"120.0";"";""
"455";"2026-06-12 12:49:42";"Arms";"3397";"Bayesian Hammer Curl Cable";"Note";"";"";"";"";"";"8-10
13";""
"455";"2026-06-12 12:49:42";"Arms";"3397";"Bayesian Hammer Curl Cable";"1";"20.0";"11";"";"";"";"";""
"455";"2026-06-12 12:49:42";"Arms";"3397";"Bayesian Hammer Curl Cable";"Rest Timer";"";"";"";"";"120.0";"";""
"455";"2026-06-12 12:49:42";"Arms";"3397";"Spider Hammer Curl Cable";"Note";"";"";"";"";"";"12-15";""
"455";"2026-06-12 12:49:42";"Arms";"3397";"Spider Hammer Curl Cable";"1";"7.5";"15";"";"";"";"";""
"455";"2026-06-12 12:49:42";"Arms";"3397";"Spider Hammer Curl Cable";"Rest Timer";"";"";"";"";"120.0";"";""
"456";"2026-06-15 11:58:40";"Push";"3636";"Incline Bench Press (Smith Machine)";"Note";"";"";"";"";"";"6-8
Seat 4

Drop down to 60!!!!!!";""
"456";"2026-06-15 11:58:40";"Push";"3636";"Incline Bench Press (Smith Machine)";"W";"0.0";"5";"";"";"";"";""
"456";"2026-06-15 11:58:40";"Push";"3636";"Incline Bench Press (Smith Machine)";"W";"30.0";"5";"";"";"";"";""
"456";"2026-06-15 11:58:40";"Push";"3636";"Incline Bench Press (Smith Machine)";"W";"50.0";"5";"";"";"";"";""
"456";"2026-06-15 11:58:40";"Push";"3636";"Incline Bench Press (Smith Machine)";"1";"60.0";"9";"";"";"";"";""
"456";"2026-06-15 11:58:40";"Push";"3636";"Incline Bench Press (Smith Machine)";"Rest Timer";"";"";"";"";"180.0";"";""
"456";"2026-06-15 11:58:40";"Push";"3636";"Cable Press Incline ";"Note";"";"";"";"";"";"12-15";""
"456";"2026-06-15 11:58:40";"Push";"3636";"Cable Press Incline ";"1";"30.0";"13";"";"";"";"";""
"456";"2026-06-15 11:58:40";"Push";"3636";"Cable Press Incline ";"Rest Timer";"";"";"";"";"180.0";"";""
"456";"2026-06-15 11:58:40";"Push";"3636";"Decline Smith Press";"Note";"";"";"";"";"";"6-8";""
"456";"2026-06-15 11:58:40";"Push";"3636";"Decline Smith Press";"1";"70.0";"7";"";"";"";"";""
"456";"2026-06-15 11:58:40";"Push";"3636";"Decline Smith Press";"Rest Timer";"";"";"";"";"180.0";"";""
"456";"2026-06-15 11:58:40";"Push";"3636";"Cable Press Decline";"Note";"";"";"";"";"";"12-15
11";""
"456";"2026-06-15 11:58:40";"Push";"3636";"Cable Press Decline";"1";"20.0";"12";"";"";"";"";""
"456";"2026-06-15 11:58:40";"Push";"3636";"Cable Press Decline";"Rest Timer";"";"";"";"";"180.0";"";""
"456";"2026-06-15 11:58:40";"Push";"3636";"Lateral Raise (Cable)";"Note";"";"";"";"";"";"8-10
Height 10";""
"456";"2026-06-15 11:58:40";"Push";"3636";"Lateral Raise (Cable)";"W";"5.0";"5";"";"";"";"";""
"456";"2026-06-15 11:58:40";"Push";"3636";"Lateral Raise (Cable)";"W";"10.0";"5";"";"";"";"";""
"456";"2026-06-15 11:58:40";"Push";"3636";"Lateral Raise (Cable)";"W";"12.0";"3";"";"";"";"";""
"456";"2026-06-15 11:58:40";"Push";"3636";"Lateral Raise (Cable)";"1";"15.0";"10";"";"";"";"";""
"456";"2026-06-15 11:58:40";"Push";"3636";"Lateral Raise (Cable)";"Rest Timer";"";"";"";"";"120.0";"";""
"456";"2026-06-15 11:58:40";"Push";"3636";"Lateral Raise Cable Leaning";"Note";"";"";"";"";"";"15-20";""
"456";"2026-06-15 11:58:40";"Push";"3636";"Lateral Raise Cable Leaning";"1";"2.5";"17";"";"";"";"";""
"456";"2026-06-15 11:58:40";"Push";"3636";"Lateral Raise Cable Leaning";"Rest Timer";"";"";"";"";"120.0";"";""
"456";"2026-06-15 11:58:40";"Push";"3636";"Chest Flies Cable Seated Heavy";"Note";"";"";"";"";"";"Chair 2
Pulley 15
10-12";""
"456";"2026-06-15 11:58:40";"Push";"3636";"Chest Flies Cable Seated Heavy";"1";"22.5";"10";"";"";"";"";""
"456";"2026-06-15 11:58:40";"Push";"3636";"Chest Flies Cable Seated Heavy";"Rest Timer";"";"";"";"";"180.0";"";""
"456";"2026-06-15 11:58:40";"Push";"3636";"Chest Flies Cable Seated Volume";"Note";"";"";"";"";"";"15-20";""
"456";"2026-06-15 11:58:40";"Push";"3636";"Chest Flies Cable Seated Volume";"1";"5.0";"22";"";"";"";"";""
"456";"2026-06-15 11:58:40";"Push";"3636";"Chest Flies Cable Seated Volume";"Rest Timer";"";"";"";"";"120.0";"";""
"457";"2026-06-16 12:03:17";"Pull";"4193";"Pull Up";"Note";"";"";"";"";"";"6-8
1 negative";""
"457";"2026-06-16 12:03:17";"Pull";"4193";"Pull Up";"1";"0.0";"8";"";"";"";"";""
"457";"2026-06-16 12:03:17";"Pull";"4193";"Pull Up";"Rest Timer";"";"";"";"";"180.0";"";""
"457";"2026-06-16 12:03:17";"Pull";"4193";"Lat Pulldown Neutral Grip";"Note";"";"";"";"";"";"10-12";""
"457";"2026-06-16 12:03:17";"Pull";"4193";"Lat Pulldown Neutral Grip";"1";"82.5";"14";"";"";"";"";""
"457";"2026-06-16 12:03:17";"Pull";"4193";"Lat Pulldown Neutral Grip";"Rest Timer";"";"";"";"";"180.0";"";""
"457";"2026-06-16 12:03:17";"Pull";"4193";"Jammer Arms Row Neutral Grip";"Note";"";"";"";"";"";"6-8
37
3?";""
"457";"2026-06-16 12:03:17";"Pull";"4193";"Jammer Arms Row Neutral Grip";"W";"25.0";"5";"";"";"";"";""
"457";"2026-06-16 12:03:17";"Pull";"4193";"Jammer Arms Row Neutral Grip";"1";"35.0";"8";"";"";"";"";""
"457";"2026-06-16 12:03:17";"Pull";"4193";"Jammer Arms Row Neutral Grip";"Rest Timer";"";"";"";"";"180.0";"";""
"457";"2026-06-16 12:03:17";"Pull";"4193";"Low Cable Row Shoulder Width Neutral Grip";"Note";"";"";"";"";"";"10-12
lowest";""
"457";"2026-06-16 12:03:17";"Pull";"4193";"Low Cable Row Shoulder Width Neutral Grip";"1";"60.0";"15";"";"";"";"";""
"457";"2026-06-16 12:03:17";"Pull";"4193";"Low Cable Row Shoulder Width Neutral Grip";"Rest Timer";"";"";"";"";"180.0";"";""
"457";"2026-06-16 12:03:17";"Pull";"4193";"Chest Supported Kettle Shrug ";"Note";"";"";"";"";"";"8-10
2";""
"457";"2026-06-16 12:03:17";"Pull";"4193";"Chest Supported Kettle Shrug ";"1";"20.0";"10";"";"";"";"";""
"457";"2026-06-16 12:03:17";"Pull";"4193";"Chest Supported Kettle Shrug ";"Rest Timer";"";"";"";"";"120.0";"";""
"457";"2026-06-16 12:03:17";"Pull";"4193";"Shrug Cable Leaning Back";"Note";"";"";"";"";"";"Pulley 15

15-20";""
"457";"2026-06-16 12:03:17";"Pull";"4193";"Shrug Cable Leaning Back";"1";"50.0";"22";"";"";"";"";""
"457";"2026-06-16 12:03:17";"Pull";"4193";"Shrug Cable Leaning Back";"Rest Timer";"";"";"";"";"120.0";"";""
"457";"2026-06-16 12:03:17";"Pull";"4193";"Scapular Depressions Cable";"Note";"";"";"";"";"";"10-12";""
"457";"2026-06-16 12:03:17";"Pull";"4193";"Scapular Depressions Cable";"1";"100.0";"15";"";"";"";"";""
"457";"2026-06-16 12:03:17";"Pull";"4193";"Scapular Depressions Cable";"Rest Timer";"";"";"";"";"120.0";"";""
"457";"2026-06-16 12:03:17";"Pull";"4193";"Pullover Seated Rope Cable ";"Note";"";"";"";"";"";"Chair 2
2
12-15";""
"457";"2026-06-16 12:03:17";"Pull";"4193";"Pullover Seated Rope Cable ";"1";"50.0";"13";"";"";"";"";""
"457";"2026-06-16 12:03:17";"Pull";"4193";"Rear Delt Row Chest Supported";"Note";"";"";"";"";"";"8-10";""
"457";"2026-06-16 12:03:17";"Pull";"4193";"Rear Delt Row Chest Supported";"1";"65.0";"10";"";"";"";"";""
"457";"2026-06-16 12:03:17";"Pull";"4193";"Rear Delt Row Chest Supported";"Rest Timer";"";"";"";"";"120.0";"";""
"457";"2026-06-16 12:03:17";"Pull";"4193";"Reverse Fly (Cable)";"Note";"";"";"";"";"";"5
12-15";""
"457";"2026-06-16 12:03:17";"Pull";"4193";"Reverse Fly (Cable)";"1";"5.0";"13";"";"";"";"";""
"457";"2026-06-16 12:03:17";"Pull";"4193";"Reverse Fly (Cable)";"Rest Timer";"";"";"";"";"60.0";"";""
"458";"2026-06-19 11:56:12";"Arms";"3425";"JM Press";"Note";"";"";"";"";"";"6-8

Rotate knuckles forward as you come down

Stick with weight when tendons get sore, don't fight through it

Bar at neck/upper chest

Elbows 45 degrees with line of torso

Bench 50 from edge of mat

Go lower on heavy. Focus on breathe and timing";""
"458";"2026-06-19 11:56:12";"Arms";"3425";"JM Press";"W";"30.0";"6";"";"";"";"";""
"458";"2026-06-19 11:56:12";"Arms";"3425";"JM Press";"1";"65.0";"9";"";"";"";"";""
"458";"2026-06-19 11:56:12";"Arms";"3425";"JM Press";"Rest Timer";"";"";"";"";"180.0";"";""
"458";"2026-06-19 11:56:12";"Arms";"3425";"Tricep Push down Spreader Bar";"Note";"";"";"";"";"";"10-12

Pulley 3";""
"458";"2026-06-19 11:56:12";"Arms";"3425";"Tricep Push down Spreader Bar";"1";"45.0";"12";"";"";"";"";""
"458";"2026-06-19 11:56:12";"Arms";"3425";"Tricep Push down Spreader Bar";"Rest Timer";"";"";"";"";"120.0";"";""
"458";"2026-06-19 11:56:12";"Arms";"3425";"Bayesian Cable Curl";"Note";"";"";"";"";"";"6-8
13";""
"458";"2026-06-19 11:56:12";"Arms";"3425";"Bayesian Cable Curl";"W";"5.0";"12";"";"";"";"";""
"458";"2026-06-19 11:56:12";"Arms";"3425";"Bayesian Cable Curl";"W";"10.0";"5";"";"";"";"";""
"458";"2026-06-19 11:56:12";"Arms";"3425";"Bayesian Cable Curl";"1";"20.0";"9";"";"";"";"";""
"458";"2026-06-19 11:56:12";"Arms";"3425";"Bayesian Cable Curl";"Rest Timer";"";"";"";"";"60.0";"";""
"458";"2026-06-19 11:56:12";"Arms";"3425";"Spider Curl Cable";"Note";"";"";"";"";"";"10-12
Lowest";""
"458";"2026-06-19 11:56:12";"Arms";"3425";"Spider Curl Cable";"1";"12.5";"12";"";"";"";"";""
"458";"2026-06-19 11:56:12";"Arms";"3425";"Spider Curl Cable";"Rest Timer";"";"";"";"";"120.0";"";""
"458";"2026-06-19 11:56:12";"Arms";"3425";"Tricep Extension Cable Overhead";"Note";"";"";"";"";"";"Seat 1

8-10

Short rope

Pulley lowest

Overlap frame, allow distance to avoid rope knocking into frame";""
"458";"2026-06-19 11:56:12";"Arms";"3425";"Tricep Extension Cable Overhead";"1";"37.5";"11";"";"";"";"";""
"458";"2026-06-19 11:56:12";"Arms";"3425";"Tricep Extension Cable Overhead";"Rest Timer";"";"";"";"";"120.0";"";""
"458";"2026-06-19 11:56:12";"Arms";"3425";"Cable Single Arm Overhead Extension";"Note";"";"";"";"";"";"12-15
15 sec hold
9 pulley";""
"458";"2026-06-19 11:56:12";"Arms";"3425";"Cable Single Arm Overhead Extension";"1";"7.5";"12";"";"";"";"";""
"458";"2026-06-19 11:56:12";"Arms";"3425";"Cable Single Arm Overhead Extension";"Rest Timer";"";"";"";"";"120.0";"";""
"458";"2026-06-19 11:56:12";"Arms";"3425";"Bayesian Hammer Curl Cable";"Note";"";"";"";"";"";"8-10
13";""
"458";"2026-06-19 11:56:12";"Arms";"3425";"Bayesian Hammer Curl Cable";"1";"22.5";"10";"";"";"";"";""
"458";"2026-06-19 11:56:12";"Arms";"3425";"Bayesian Hammer Curl Cable";"Rest Timer";"";"";"";"";"120.0";"";""
"458";"2026-06-19 11:56:12";"Arms";"3425";"Spider Hammer Curl Cable";"Note";"";"";"";"";"";"12-15";""
"458";"2026-06-19 11:56:12";"Arms";"3425";"Spider Hammer Curl Cable";"1";"10.0";"11";"";"";"";"";""
"458";"2026-06-19 11:56:12";"Arms";"3425";"Spider Hammer Curl Cable";"Rest Timer";"";"";"";"";"120.0";"";""
"459";"2026-06-20 13:40:32";"Leg";"4722";"Squat (Smith Machine)";"Note";"";"";"";"";"";"Support 2
6-8/12-15
Ball of foot just before elevation";""
"459";"2026-06-20 13:40:32";"Leg";"4722";"Squat (Smith Machine)";"W";"30.0";"5";"";"";"";"";""
"459";"2026-06-20 13:40:32";"Leg";"4722";"Squat (Smith Machine)";"1";"55.0";"7";"";"";"";"";""
"459";"2026-06-20 13:40:32";"Leg";"4722";"Squat (Smith Machine)";"Rest Timer";"";"";"";"";"180.0";"";""
"459";"2026-06-20 13:40:32";"Leg";"4722";"Squat (Smith Machine)";"2";"20.0";"13";"";"";"";"";""
"459";"2026-06-20 13:40:32";"Leg";"4722";"Squat (Smith Machine)";"Rest Timer";"";"";"";"";"180.0";"";""
"459";"2026-06-20 13:40:32";"Leg";"4722";"Romanian Deadlift Smith";"Note";"";"";"";"";"";"6-8";""
"459";"2026-06-20 13:40:32";"Leg";"4722";"Romanian Deadlift Smith";"W";"50.0";"5";"";"";"";"";""
"459";"2026-06-20 13:40:32";"Leg";"4722";"Romanian Deadlift Smith";"1";"115.0";"6";"";"";"";"";""
"459";"2026-06-20 13:40:32";"Leg";"4722";"Romanian Deadlift Smith";"Rest Timer";"";"";"";"";"180.0";"";""
"459";"2026-06-20 13:40:32";"Leg";"4722";"Hamstring Curl with Cuff";"Note";"";"";"";"";"";"Lowest
10-12";""
"459";"2026-06-20 13:40:32";"Leg";"4722";"Hamstring Curl with Cuff";"W";"0.0";"6";"";"";"";"";""
"459";"2026-06-20 13:40:32";"Leg";"4722";"Hamstring Curl with Cuff";"1";"2.5";"6";"";"";"";"";""
"459";"2026-06-20 13:40:32";"Leg";"4722";"Hamstring Curl with Cuff";"Rest Timer";"";"";"";"";"120.0";"";""
"459";"2026-06-20 13:40:32";"Leg";"4722";"Split Squats Smith";"Note";"";"";"";"";"";"8-10/12-15";""
"459";"2026-06-20 13:40:32";"Leg";"4722";"Split Squats Smith";"1";"0.0";"8";"";"";"";"";""
"459";"2026-06-20 13:40:32";"Leg";"4722";"Split Squats Smith";"Rest Timer";"";"";"";"";"120.0";"";""
"459";"2026-06-20 13:40:32";"Leg";"4722";"Glute Kickback (Machine)";"1";"2.5";"16";"";"";"";"";""
"459";"2026-06-20 13:40:32";"Leg";"4722";"Glute Kickback (Machine)";"Rest Timer";"";"";"";"";"120.0";"";""
"459";"2026-06-20 13:40:32";"Leg";"4722";"Standing Calf Raise (Smith Machine)";"Note";"";"";"";"";"";"12-15
Platform 2";""
"459";"2026-06-20 13:40:32";"Leg";"4722";"Standing Calf Raise (Smith Machine)";"1";"5.0";"12";"";"";"";"";""
"459";"2026-06-20 13:40:32";"Leg";"4722";"Standing Calf Raise (Smith Machine)";"Rest Timer";"";"";"";"";"120.0";"";""
"459";"2026-06-20 13:40:32";"Leg";"4722";"Smith Sitting Calf Raise";"Note";"";"";"";"";"";"15-20";""
"459";"2026-06-20 13:40:32";"Leg";"4722";"Smith Sitting Calf Raise";"1";"20.0";"22";"";"";"";"";""
"459";"2026-06-20 13:40:32";"Leg";"4722";"Smith Sitting Calf Raise";"Rest Timer";"";"";"";"";"120.0";"";""
"460";"2026-06-22 11:41:49";"Push";"4266";"Incline Bench Press (Smith Machine)";"Note";"";"";"";"";"";"6-8
4";""
"460";"2026-06-22 11:41:49";"Push";"4266";"Incline Bench Press (Smith Machine)";"W";"0.0";"5";"";"";"";"";""
"460";"2026-06-22 11:41:49";"Push";"4266";"Incline Bench Press (Smith Machine)";"W";"30.0";"5";"";"";"";"";""
"460";"2026-06-22 11:41:49";"Push";"4266";"Incline Bench Press (Smith Machine)";"W";"50.0";"5";"";"";"";"";""
"460";"2026-06-22 11:41:49";"Push";"4266";"Incline Bench Press (Smith Machine)";"1";"60.0";"9";"";"";"";"";""
"460";"2026-06-22 11:41:49";"Push";"4266";"Incline Bench Press (Smith Machine)";"Rest Timer";"";"";"";"";"180.0";"";""
"460";"2026-06-22 11:41:49";"Push";"4266";"Cable Press Incline ";"Note";"";"";"";"";"";"12-15";""
"460";"2026-06-22 11:41:49";"Push";"4266";"Cable Press Incline ";"1";"30.0";"14";"";"";"";"";""
"460";"2026-06-22 11:41:49";"Push";"4266";"Cable Press Incline ";"Rest Timer";"";"";"";"";"180.0";"";""
"460";"2026-06-22 11:41:49";"Push";"4266";"Decline Smith Press";"Note";"";"";"";"";"";"6-8";""
"460";"2026-06-22 11:41:49";"Push";"4266";"Decline Smith Press";"1";"70.0";"7";"";"";"";"";""
"460";"2026-06-22 11:41:49";"Push";"4266";"Decline Smith Press";"Rest Timer";"";"";"";"";"180.0";"";""
"460";"2026-06-22 11:41:49";"Push";"4266";"Cable Press Decline";"Note";"";"";"";"";"";"12-15";""
"460";"2026-06-22 11:41:49";"Push";"4266";"Cable Press Decline";"1";"20.0";"15";"";"";"";"";""
"460";"2026-06-22 11:41:49";"Push";"4266";"Cable Press Decline";"Rest Timer";"";"";"";"";"180.0";"";""
"460";"2026-06-22 11:41:49";"Push";"4266";"Lateral Raise (Cable)";"Note";"";"";"";"";"";"8-10
9";""
"460";"2026-06-22 11:41:49";"Push";"4266";"Lateral Raise (Cable)";"W";"5.0";"5";"";"";"";"";""
"460";"2026-06-22 11:41:49";"Push";"4266";"Lateral Raise (Cable)";"W";"10.0";"5";"";"";"";"";""
"460";"2026-06-22 11:41:49";"Push";"4266";"Lateral Raise (Cable)";"W";"12.0";"3";"";"";"";"";""
"460";"2026-06-22 11:41:49";"Push";"4266";"Lateral Raise (Cable)";"1";"15.0";"10";"";"";"";"";""
"460";"2026-06-22 11:41:49";"Push";"4266";"Lateral Raise (Cable)";"Rest Timer";"";"";"";"";"120.0";"";""
"460";"2026-06-22 11:41:49";"Push";"4266";"Lateral Raise Cable Leaning";"Note";"";"";"";"";"";"15-20";""
"460";"2026-06-22 11:41:49";"Push";"4266";"Lateral Raise Cable Leaning";"1";"2.5";"15";"";"";"";"";""
"460";"2026-06-22 11:41:49";"Push";"4266";"Lateral Raise Cable Leaning";"Rest Timer";"";"";"";"";"120.0";"";""
"460";"2026-06-22 11:41:49";"Push";"4266";"Chest Flies Cable Seated Heavy";"Note";"";"";"";"";"";"2
15
10-12";""
"460";"2026-06-22 11:41:49";"Push";"4266";"Chest Flies Cable Seated Heavy";"1";"22.5";"11";"";"";"";"";""
"460";"2026-06-22 11:41:49";"Push";"4266";"Chest Flies Cable Seated Heavy";"Rest Timer";"";"";"";"";"180.0";"";""
"460";"2026-06-22 11:41:49";"Push";"4266";"Chest Flies Cable Seated Volume";"Note";"";"";"";"";"";"15-20";""
"460";"2026-06-22 11:41:49";"Push";"4266";"Chest Flies Cable Seated Volume";"1";"5.0";"22";"";"";"";"";""
"460";"2026-06-22 11:41:49";"Push";"4266";"Chest Flies Cable Seated Volume";"Rest Timer";"";"";"";"";"120.0";"";""
"461";"2026-06-23 13:59:50";"Pull";"5591";"Pull Up";"Note";"";"";"";"";"";"6-8";""
"461";"2026-06-23 13:59:50";"Pull";"5591";"Pull Up";"1";"0.0";"8";"";"";"";"";""
"461";"2026-06-23 13:59:50";"Pull";"5591";"Pull Up";"Rest Timer";"";"";"";"";"180.0";"";""
"461";"2026-06-23 13:59:50";"Pull";"5591";"Lat Pulldown Neutral Grip";"Note";"";"";"";"";"";"10-12";""
"461";"2026-06-23 13:59:50";"Pull";"5591";"Lat Pulldown Neutral Grip";"1";"85.0";"13";"";"";"";"";""
"461";"2026-06-23 13:59:50";"Pull";"5591";"Lat Pulldown Neutral Grip";"Rest Timer";"";"";"";"";"180.0";"";""
"461";"2026-06-23 13:59:50";"Pull";"5591";"Jammer Arms Row Neutral Grip";"Note";"";"";"";"";"";"6-8
37";""
"461";"2026-06-23 13:59:50";"Pull";"5591";"Jammer Arms Row Neutral Grip";"W";"25.0";"5";"";"";"";"";""
"461";"2026-06-23 13:59:50";"Pull";"5591";"Jammer Arms Row Neutral Grip";"1";"35.0";"8";"";"";"";"";""
"461";"2026-06-23 13:59:50";"Pull";"5591";"Jammer Arms Row Neutral Grip";"Rest Timer";"";"";"";"";"180.0";"";""
"461";"2026-06-23 13:59:50";"Pull";"5591";"Low Cable Row Shoulder Width Neutral Grip";"Note";"";"";"";"";"";"10-12
lowest";""
"461";"2026-06-23 13:59:50";"Pull";"5591";"Low Cable Row Shoulder Width Neutral Grip";"1";"65.0";"12";"";"";"";"";""
"461";"2026-06-23 13:59:50";"Pull";"5591";"Low Cable Row Shoulder Width Neutral Grip";"Rest Timer";"";"";"";"";"180.0";"";""
"461";"2026-06-23 13:59:50";"Pull";"5591";"Chest Supported Kettle Shrug ";"Note";"";"";"";"";"";"8-10
2";""
"461";"2026-06-23 13:59:50";"Pull";"5591";"Chest Supported Kettle Shrug ";"1";"25.0";"8";"";"";"";"";""
"461";"2026-06-23 13:59:50";"Pull";"5591";"Chest Supported Kettle Shrug ";"Rest Timer";"";"";"";"";"120.0";"";""
"461";"2026-06-23 13:59:50";"Pull";"5591";"Shrug Cable Leaning Back";"Note";"";"";"";"";"";"15
15-20";""
"461";"2026-06-23 13:59:50";"Pull";"5591";"Shrug Cable Leaning Back";"1";"60.0";"18";"";"";"";"";""
"461";"2026-06-23 13:59:50";"Pull";"5591";"Shrug Cable Leaning Back";"Rest Timer";"";"";"";"";"120.0";"";""
"461";"2026-06-23 13:59:50";"Pull";"5591";"Scapular Depressions Cable";"Note";"";"";"";"";"";"10-12";""
"461";"2026-06-23 13:59:50";"Pull";"5591";"Scapular Depressions Cable";"1";"110.0";"10";"";"";"";"";""
"461";"2026-06-23 13:59:50";"Pull";"5591";"Scapular Depressions Cable";"Rest Timer";"";"";"";"";"120.0";"";""
"461";"2026-06-23 13:59:50";"Pull";"5591";"Pullover Seated Rope Cable ";"Note";"";"";"";"";"";"2
2
12-15";""
"461";"2026-06-23 13:59:50";"Pull";"5591";"Pullover Seated Rope Cable ";"1";"50.0";"13";"";"";"";"";""
"461";"2026-06-23 13:59:50";"Pull";"5591";"Rear Delt Row Chest Supported";"Note";"";"";"";"";"";"8-10
12";""
"461";"2026-06-23 13:59:50";"Pull";"5591";"Rear Delt Row Chest Supported";"1";"65.0";"13";"";"";"";"";""
"461";"2026-06-23 13:59:50";"Pull";"5591";"Rear Delt Row Chest Supported";"Rest Timer";"";"";"";"";"120.0";"";""
"461";"2026-06-23 13:59:50";"Pull";"5591";"Reverse Fly (Cable)";"Note";"";"";"";"";"";"5
12-15";""
"461";"2026-06-23 13:59:50";"Pull";"5591";"Reverse Fly (Cable)";"1";"5.0";"15";"";"";"";"";""
"461";"2026-06-23 13:59:50";"Pull";"5591";"Reverse Fly (Cable)";"Rest Timer";"";"";"";"";"60.0";"";""
"462";"2026-06-26 11:32:53";"Arms";"5853";"JM Press";"Note";"";"";"";"";"";"6-8";""
"462";"2026-06-26 11:32:53";"Arms";"5853";"JM Press";"W";"30.0";"6";"";"";"";"";""
"462";"2026-06-26 11:32:53";"Arms";"5853";"JM Press";"1";"70.0";"6";"";"";"";"";""
"462";"2026-06-26 11:32:53";"Arms";"5853";"JM Press";"Rest Timer";"";"";"";"";"180.0";"";""
"462";"2026-06-26 11:32:53";"Arms";"5853";"Tricep Push down Spreader Bar";"Note";"";"";"";"";"";"10-12
3";""
"462";"2026-06-26 11:32:53";"Arms";"5853";"Tricep Push down Spreader Bar";"1";"45.0";"12";"";"";"";"";""
"462";"2026-06-26 11:32:53";"Arms";"5853";"Tricep Push down Spreader Bar";"Rest Timer";"";"";"";"";"120.0";"";""
"462";"2026-06-26 11:32:53";"Arms";"5853";"Bayesian Cable Curl";"Note";"";"";"";"";"";"6-8
13";""
"462";"2026-06-26 11:32:53";"Arms";"5853";"Bayesian Cable Curl";"W";"5.0";"12";"";"";"";"";""
"462";"2026-06-26 11:32:53";"Arms";"5853";"Bayesian Cable Curl";"W";"10.0";"5";"";"";"";"";""
"462";"2026-06-26 11:32:53";"Arms";"5853";"Bayesian Cable Curl";"1";"22.5";"7";"";"";"";"";""
"462";"2026-06-26 11:32:53";"Arms";"5853";"Bayesian Cable Curl";"Rest Timer";"";"";"";"";"60.0";"";""
"462";"2026-06-26 11:32:53";"Arms";"5853";"Spider Curl Cable";"Note";"";"";"";"";"";"10-12
Lowest";""
"462";"2026-06-26 11:32:53";"Arms";"5853";"Spider Curl Cable";"1";"12.5";"12";"";"";"";"";""
"462";"2026-06-26 11:32:53";"Arms";"5853";"Spider Curl Cable";"Rest Timer";"";"";"";"";"120.0";"";""
"462";"2026-06-26 11:32:53";"Arms";"5853";"Tricep Extension Cable Overhead";"Note";"";"";"";"";"";"Seat 1
Lowest
8-10";""
"462";"2026-06-26 11:32:53";"Arms";"5853";"Tricep Extension Cable Overhead";"1";"40.0";"9";"";"";"";"";""
"462";"2026-06-26 11:32:53";"Arms";"5853";"Tricep Extension Cable Overhead";"Rest Timer";"";"";"";"";"120.0";"";""
"462";"2026-06-26 11:32:53";"Arms";"5853";"Cable Single Arm Overhead Extension";"Note";"";"";"";"";"";"12-15";""
"462";"2026-06-26 11:32:53";"Arms";"5853";"Cable Single Arm Overhead Extension";"1";"7.5";"13";"";"";"";"";""
"462";"2026-06-26 11:32:53";"Arms";"5853";"Cable Single Arm Overhead Extension";"Rest Timer";"";"";"";"";"120.0";"";""
"462";"2026-06-26 11:32:53";"Arms";"5853";"Bayesian Hammer Curl Cable";"Note";"";"";"";"";"";"8-10
13";""
"462";"2026-06-26 11:32:53";"Arms";"5853";"Bayesian Hammer Curl Cable";"1";"22.5";"9";"";"";"";"";""
"462";"2026-06-26 11:32:53";"Arms";"5853";"Bayesian Hammer Curl Cable";"Rest Timer";"";"";"";"";"120.0";"";""
"462";"2026-06-26 11:32:53";"Arms";"5853";"Spider Hammer Curl Cable";"Note";"";"";"";"";"";"12-15";""
"462";"2026-06-26 11:32:53";"Arms";"5853";"Spider Hammer Curl Cable";"1";"10.0";"10";"";"";"";"";""
"462";"2026-06-26 11:32:53";"Arms";"5853";"Spider Hammer Curl Cable";"Rest Timer";"";"";"";"";"120.0";"";""
"463";"2026-06-27 12:44:42";"Leg";"3755";"Squat (Smith Machine)";"Note";"";"";"";"";"";"Support 2
6-8/12-15
Ball of foot just before elevation";""
"463";"2026-06-27 12:44:42";"Leg";"3755";"Squat (Smith Machine)";"W";"30.0";"5";"";"";"";"";""
"463";"2026-06-27 12:44:42";"Leg";"3755";"Squat (Smith Machine)";"1";"55.0";"8";"";"";"";"";""
"463";"2026-06-27 12:44:42";"Leg";"3755";"Squat (Smith Machine)";"Rest Timer";"";"";"";"";"180.0";"";""
"463";"2026-06-27 12:44:42";"Leg";"3755";"Squat (Smith Machine)";"2";"20.0";"9";"";"";"";"";""
"463";"2026-06-27 12:44:42";"Leg";"3755";"Squat (Smith Machine)";"Rest Timer";"";"";"";"";"180.0";"";""
"463";"2026-06-27 12:44:42";"Leg";"3755";"Romanian Deadlift Smith";"Note";"";"";"";"";"";"6-8";""
"463";"2026-06-27 12:44:42";"Leg";"3755";"Romanian Deadlift Smith";"W";"50.0";"5";"";"";"";"";""
"463";"2026-06-27 12:44:42";"Leg";"3755";"Romanian Deadlift Smith";"1";"100.0";"6";"";"";"";"";""
"463";"2026-06-27 12:44:42";"Leg";"3755";"Romanian Deadlift Smith";"Rest Timer";"";"";"";"";"180.0";"";""
"463";"2026-06-27 12:44:42";"Leg";"3755";"Hamstring Curl with Cuff";"Note";"";"";"";"";"";"Lowest
10-12";""
"463";"2026-06-27 12:44:42";"Leg";"3755";"Hamstring Curl with Cuff";"W";"0.0";"6";"";"";"";"";""
"463";"2026-06-27 12:44:42";"Leg";"3755";"Hamstring Curl with Cuff";"1";"2.5";"8";"";"";"";"";""
"463";"2026-06-27 12:44:42";"Leg";"3755";"Hamstring Curl with Cuff";"Rest Timer";"";"";"";"";"120.0";"";""
"463";"2026-06-27 12:44:42";"Leg";"3755";"Split Squats Smith";"Note";"";"";"";"";"";"8-10";""
"463";"2026-06-27 12:44:42";"Leg";"3755";"Split Squats Smith";"1";"0.0";"8";"";"";"";"";""
"463";"2026-06-27 12:44:42";"Leg";"3755";"Split Squats Smith";"Rest Timer";"";"";"";"";"120.0";"";""
"463";"2026-06-27 12:44:42";"Leg";"3755";"Glute Kickback (Machine)";"Note";"";"";"";"";"";"12-15";""
"463";"2026-06-27 12:44:42";"Leg";"3755";"Glute Kickback (Machine)";"1";"5.0";"15";"";"";"";"";""
"463";"2026-06-27 12:44:42";"Leg";"3755";"Glute Kickback (Machine)";"Rest Timer";"";"";"";"";"120.0";"";""
"463";"2026-06-27 12:44:42";"Leg";"3755";"Standing Calf Raise (Smith Machine)";"Note";"";"";"";"";"";"12-15
Platform 2";""
"463";"2026-06-27 12:44:42";"Leg";"3755";"Standing Calf Raise (Smith Machine)";"1";"5.0";"13";"";"";"";"";""
"463";"2026-06-27 12:44:42";"Leg";"3755";"Standing Calf Raise (Smith Machine)";"Rest Timer";"";"";"";"";"120.0";"";""
"463";"2026-06-27 12:44:42";"Leg";"3755";"Smith Sitting Calf Raise";"Note";"";"";"";"";"";"15-20";""
"463";"2026-06-27 12:44:42";"Leg";"3755";"Smith Sitting Calf Raise";"1";"25.0";"16";"";"";"";"";""
"463";"2026-06-27 12:44:42";"Leg";"3755";"Smith Sitting Calf Raise";"Rest Timer";"";"";"";"";"120.0";"";""
"464";"2026-06-29 12:09:31";"Push";"4239";"Incline Bench Press (Smith Machine)";"Note";"";"";"";"";"";"6-8
4
Support 2";""
"464";"2026-06-29 12:09:31";"Push";"4239";"Incline Bench Press (Smith Machine)";"W";"0.0";"5";"";"";"";"";""
"464";"2026-06-29 12:09:31";"Push";"4239";"Incline Bench Press (Smith Machine)";"W";"30.0";"5";"";"";"";"";""
"464";"2026-06-29 12:09:31";"Push";"4239";"Incline Bench Press (Smith Machine)";"W";"50.0";"5";"";"";"";"";""
"464";"2026-06-29 12:09:31";"Push";"4239";"Incline Bench Press (Smith Machine)";"1";"65.0";"7";"";"";"";"";""
"464";"2026-06-29 12:09:31";"Push";"4239";"Incline Bench Press (Smith Machine)";"Rest Timer";"";"";"";"";"180.0";"";""
"464";"2026-06-29 12:09:31";"Push";"4239";"Cable Press Incline ";"Note";"";"";"";"";"";"12-15";""
"464";"2026-06-29 12:09:31";"Push";"4239";"Cable Press Incline ";"1";"30.0";"16";"";"";"";"";""
"464";"2026-06-29 12:09:31";"Push";"4239";"Cable Press Incline ";"Rest Timer";"";"";"";"";"180.0";"";""
"464";"2026-06-29 12:09:31";"Push";"4239";"Decline Smith Press";"Note";"";"";"";"";"";"6-8
10";""
"464";"2026-06-29 12:09:31";"Push";"4239";"Decline Smith Press";"1";"70.0";"6";"";"";"";"";""
"464";"2026-06-29 12:09:31";"Push";"4239";"Decline Smith Press";"Rest Timer";"";"";"";"";"180.0";"";""
"464";"2026-06-29 12:09:31";"Push";"4239";"Cable Press Decline";"Note";"";"";"";"";"";"12-15
10";""
"464";"2026-06-29 12:09:31";"Push";"4239";"Cable Press Decline";"1";"20.0";"16";"";"";"";"";""
"464";"2026-06-29 12:09:31";"Push";"4239";"Cable Press Decline";"Rest Timer";"";"";"";"";"180.0";"";""
"464";"2026-06-29 12:09:31";"Push";"4239";"Lateral Raise (Cable)";"Note";"";"";"";"";"";"8-10
9";""
"464";"2026-06-29 12:09:31";"Push";"4239";"Lateral Raise (Cable)";"W";"5.0";"5";"";"";"";"";""
"464";"2026-06-29 12:09:31";"Push";"4239";"Lateral Raise (Cable)";"W";"10.0";"5";"";"";"";"";""
"464";"2026-06-29 12:09:31";"Push";"4239";"Lateral Raise (Cable)";"W";"12.0";"3";"";"";"";"";""
"464";"2026-06-29 12:09:31";"Push";"4239";"Lateral Raise (Cable)";"1";"15.0";"12";"";"";"";"";""
"464";"2026-06-29 12:09:31";"Push";"4239";"Lateral Raise (Cable)";"Rest Timer";"";"";"";"";"120.0";"";""
"464";"2026-06-29 12:09:31";"Push";"4239";"Lateral Raise Cable Leaning";"Note";"";"";"";"";"";"15-20";""
"464";"2026-06-29 12:09:31";"Push";"4239";"Lateral Raise Cable Leaning";"1";"2.5";"17";"";"";"";"";""
"464";"2026-06-29 12:09:31";"Push";"4239";"Lateral Raise Cable Leaning";"Rest Timer";"";"";"";"";"120.0";"";""
"464";"2026-06-29 12:09:31";"Push";"4239";"Chest Flies Cable Seated Heavy";"Note";"";"";"";"";"";"2
15
10-12";""
"464";"2026-06-29 12:09:31";"Push";"4239";"Chest Flies Cable Seated Heavy";"1";"22.5";"13";"";"";"";"";""
"464";"2026-06-29 12:09:31";"Push";"4239";"Chest Flies Cable Seated Heavy";"Rest Timer";"";"";"";"";"180.0";"";""
"464";"2026-06-29 12:09:31";"Push";"4239";"Chest Flies Cable Seated Volume";"Note";"";"";"";"";"";"15-20";""
"464";"2026-06-29 12:09:31";"Push";"4239";"Chest Flies Cable Seated Volume";"1";"10.0";"16";"";"";"";"";""
"464";"2026-06-29 12:09:31";"Push";"4239";"Chest Flies Cable Seated Volume";"Rest Timer";"";"";"";"";"120.0";"";""
"465";"2026-06-30 12:28:23";"Pull";"3145";"Pull Up";"Note";"";"";"";"";"";"6-8";""
"465";"2026-06-30 12:28:23";"Pull";"3145";"Pull Up";"1";"0.0";"8";"";"";"";"";""
"465";"2026-06-30 12:28:23";"Pull";"3145";"Pull Up";"Rest Timer";"";"";"";"";"180.0";"";""
"465";"2026-06-30 12:28:23";"Pull";"3145";"Lat Pulldown Neutral Grip";"Note";"";"";"";"";"";"10-12";""
"465";"2026-06-30 12:28:23";"Pull";"3145";"Lat Pulldown Neutral Grip";"1";"90.0";"10";"";"";"";"";""
"465";"2026-06-30 12:28:23";"Pull";"3145";"Lat Pulldown Neutral Grip";"Rest Timer";"";"";"";"";"180.0";"";""
"465";"2026-06-30 12:28:23";"Pull";"3145";"Jammer Arms Row Neutral Grip";"Note";"";"";"";"";"";"6-8
37";""
"465";"2026-06-30 12:28:23";"Pull";"3145";"Jammer Arms Row Neutral Grip";"W";"25.0";"5";"";"";"";"";""
"465";"2026-06-30 12:28:23";"Pull";"3145";"Jammer Arms Row Neutral Grip";"1";"35.0";"10";"";"";"";"";""
"465";"2026-06-30 12:28:23";"Pull";"3145";"Jammer Arms Row Neutral Grip";"Rest Timer";"";"";"";"";"180.0";"";""
"465";"2026-06-30 12:28:23";"Pull";"3145";"Low Cable Row Shoulder Width Neutral Grip";"Note";"";"";"";"";"";"10-12
15";""
"465";"2026-06-30 12:28:23";"Pull";"3145";"Low Cable Row Shoulder Width Neutral Grip";"1";"65.0";"13";"";"";"";"";""
"465";"2026-06-30 12:28:23";"Pull";"3145";"Low Cable Row Shoulder Width Neutral Grip";"Rest Timer";"";"";"";"";"180.0";"";""
"465";"2026-06-30 12:28:23";"Pull";"3145";"Chest Supported Kettle Shrug ";"Note";"";"";"";"";"";"8-10
2";""
"465";"2026-06-30 12:28:23";"Pull";"3145";"Chest Supported Kettle Shrug ";"1";"25.0";"8";"";"";"";"";""
"465";"2026-06-30 12:28:23";"Pull";"3145";"Chest Supported Kettle Shrug ";"Rest Timer";"";"";"";"";"120.0";"";""
"465";"2026-06-30 12:28:23";"Pull";"3145";"Shrug Cable Leaning Back";"Note";"";"";"";"";"";"15
15-20
2";""
"465";"2026-06-30 12:28:23";"Pull";"3145";"Shrug Cable Leaning Back";"1";"60.0";"22";"";"";"";"";""
"465";"2026-06-30 12:28:23";"Pull";"3145";"Shrug Cable Leaning Back";"Rest Timer";"";"";"";"";"120.0";"";""
"465";"2026-06-30 12:28:23";"Pull";"3145";"Scapular Depressions Cable";"Note";"";"";"";"";"";"10-12";""
"465";"2026-06-30 12:28:23";"Pull";"3145";"Scapular Depressions Cable";"1";"110.0";"14";"";"";"";"";""
"465";"2026-06-30 12:28:23";"Pull";"3145";"Scapular Depressions Cable";"Rest Timer";"";"";"";"";"120.0";"";""
"465";"2026-06-30 12:28:23";"Pull";"3145";"Pullover Seated Rope Cable ";"Note";"";"";"";"";"";"2
2
12-15";""
"465";"2026-06-30 12:28:23";"Pull";"3145";"Pullover Seated Rope Cable ";"1";"50.0";"14";"";"";"";"";""
"465";"2026-06-30 12:28:23";"Pull";"3145";"Rear Delt Row Chest Supported";"Note";"";"";"";"";"";"8-10
12";""
"465";"2026-06-30 12:28:23";"Pull";"3145";"Rear Delt Row Chest Supported";"1";"70.0";"11";"";"";"";"";""
"465";"2026-06-30 12:28:23";"Pull";"3145";"Rear Delt Row Chest Supported";"Rest Timer";"";"";"";"";"120.0";"";""
"465";"2026-06-30 12:28:23";"Pull";"3145";"Reverse Fly (Cable)";"Note";"";"";"";"";"";"5
12-15";""
"465";"2026-06-30 12:28:23";"Pull";"3145";"Reverse Fly (Cable)";"1";"5.0";"16";"";"";"";"";""
"465";"2026-06-30 12:28:23";"Pull";"3145";"Reverse Fly (Cable)";"Rest Timer";"";"";"";"";"60.0";"";""
"466";"2026-07-03 12:12:12";"Arms";"2836";"JM Press";"Note";"";"";"";"";"";"6-8
Support 1";""
"466";"2026-07-03 12:12:12";"Arms";"2836";"JM Press";"W";"30.0";"6";"";"";"";"";""
"466";"2026-07-03 12:12:12";"Arms";"2836";"JM Press";"1";"70.0";"6";"";"";"";"";""
"466";"2026-07-03 12:12:12";"Arms";"2836";"JM Press";"Rest Timer";"";"";"";"";"180.0";"";""
"466";"2026-07-03 12:12:12";"Arms";"2836";"Tricep Push down Spreader Bar";"Note";"";"";"";"";"";"10-12
3";""
"466";"2026-07-03 12:12:12";"Arms";"2836";"Tricep Push down Spreader Bar";"1";"45.0";"12";"";"";"";"";""
"466";"2026-07-03 12:12:12";"Arms";"2836";"Tricep Push down Spreader Bar";"Rest Timer";"";"";"";"";"120.0";"";""
"466";"2026-07-03 12:12:12";"Arms";"2836";"Bayesian Cable Curl";"Note";"";"";"";"";"";"6-8
13";""
"466";"2026-07-03 12:12:12";"Arms";"2836";"Bayesian Cable Curl";"W";"5.0";"12";"";"";"";"";""
"466";"2026-07-03 12:12:12";"Arms";"2836";"Bayesian Cable Curl";"W";"10.0";"5";"";"";"";"";""
"466";"2026-07-03 12:12:12";"Arms";"2836";"Bayesian Cable Curl";"1";"22.5";"8";"";"";"";"";""
"466";"2026-07-03 12:12:12";"Arms";"2836";"Bayesian Cable Curl";"Rest Timer";"";"";"";"";"60.0";"";""
"466";"2026-07-03 12:12:12";"Arms";"2836";"Spider Curl Cable";"Note";"";"";"";"";"";"10-12
Lowest";""
"466";"2026-07-03 12:12:12";"Arms";"2836";"Spider Curl Cable";"1";"12.5";"12";"";"";"";"";""
"466";"2026-07-03 12:12:12";"Arms";"2836";"Spider Curl Cable";"Rest Timer";"";"";"";"";"120.0";"";""
"466";"2026-07-03 12:12:12";"Arms";"2836";"Tricep Extension Cable Overhead";"Note";"";"";"";"";"";"Seat 1
Lowest
8-10";""
"466";"2026-07-03 12:12:12";"Arms";"2836";"Tricep Extension Cable Overhead";"1";"40.0";"9";"";"";"";"";""
"466";"2026-07-03 12:12:12";"Arms";"2836";"Tricep Extension Cable Overhead";"Rest Timer";"";"";"";"";"120.0";"";""
"466";"2026-07-03 12:12:12";"Arms";"2836";"Cable Single Arm Overhead Extension";"Note";"";"";"";"";"";"12-15";""
"466";"2026-07-03 12:12:12";"Arms";"2836";"Cable Single Arm Overhead Extension";"1";"7.5";"9";"";"";"";"";""
"466";"2026-07-03 12:12:12";"Arms";"2836";"Cable Single Arm Overhead Extension";"Rest Timer";"";"";"";"";"120.0";"";""
"466";"2026-07-03 12:12:12";"Arms";"2836";"Bayesian Hammer Curl Cable";"Note";"";"";"";"";"";"8-10
13";""
"466";"2026-07-03 12:12:12";"Arms";"2836";"Bayesian Hammer Curl Cable";"1";"22.5";"9";"";"";"";"";""
"466";"2026-07-03 12:12:12";"Arms";"2836";"Bayesian Hammer Curl Cable";"Rest Timer";"";"";"";"";"120.0";"";""
"466";"2026-07-03 12:12:12";"Arms";"2836";"Spider Hammer Curl Cable";"Note";"";"";"";"";"";"12-15";""
"466";"2026-07-03 12:12:12";"Arms";"2836";"Spider Hammer Curl Cable";"1";"10.0";"11";"";"";"";"";""
"466";"2026-07-03 12:12:12";"Arms";"2836";"Spider Hammer Curl Cable";"Rest Timer";"";"";"";"";"120.0";"";""
"467";"2026-07-04 12:40:46";"Leg";"3635";"Squat (Smith Machine)";"Note";"";"";"";"";"";"Support 2
6-8/12-15
Ball of foot just before elevation";""
"467";"2026-07-04 12:40:46";"Leg";"3635";"Squat (Smith Machine)";"W";"30.0";"5";"";"";"";"";""
"467";"2026-07-04 12:40:46";"Leg";"3635";"Squat (Smith Machine)";"1";"55.0";"8";"";"";"";"";""
"467";"2026-07-04 12:40:46";"Leg";"3635";"Squat (Smith Machine)";"Rest Timer";"";"";"";"";"180.0";"";""
"467";"2026-07-04 12:40:46";"Leg";"3635";"Squat (Smith Machine)";"2";"10.0";"12";"";"";"";"";""
"467";"2026-07-04 12:40:46";"Leg";"3635";"Squat (Smith Machine)";"Rest Timer";"";"";"";"";"180.0";"";""
"467";"2026-07-04 12:40:46";"Leg";"3635";"Romanian Deadlift Smith";"Note";"";"";"";"";"";"6-8";""
"467";"2026-07-04 12:40:46";"Leg";"3635";"Romanian Deadlift Smith";"W";"50.0";"5";"";"";"";"";""
"467";"2026-07-04 12:40:46";"Leg";"3635";"Romanian Deadlift Smith";"1";"100.0";"8";"";"";"";"";""
"467";"2026-07-04 12:40:46";"Leg";"3635";"Romanian Deadlift Smith";"Rest Timer";"";"";"";"";"180.0";"";""
"467";"2026-07-04 12:40:46";"Leg";"3635";"Hamstring Curl with Cuff";"Note";"";"";"";"";"";"Lowest
10-12";""
"467";"2026-07-04 12:40:46";"Leg";"3635";"Hamstring Curl with Cuff";"W";"0.0";"6";"";"";"";"";""
"467";"2026-07-04 12:40:46";"Leg";"3635";"Hamstring Curl with Cuff";"1";"2.5";"8";"";"";"";"";""
"467";"2026-07-04 12:40:46";"Leg";"3635";"Hamstring Curl with Cuff";"Rest Timer";"";"";"";"";"120.0";"";""
"467";"2026-07-04 12:40:46";"Leg";"3635";"Split Squats Smith";"Note";"";"";"";"";"";"8-10";""
"467";"2026-07-04 12:40:46";"Leg";"3635";"Split Squats Smith";"1";"0.0";"9";"";"";"";"";""
"467";"2026-07-04 12:40:46";"Leg";"3635";"Split Squats Smith";"Rest Timer";"";"";"";"";"120.0";"";""
"467";"2026-07-04 12:40:46";"Leg";"3635";"Glute Kickback (Machine)";"Note";"";"";"";"";"";"12-15";""
"467";"2026-07-04 12:40:46";"Leg";"3635";"Glute Kickback (Machine)";"1";"17.5";"12";"";"";"";"";""
"467";"2026-07-04 12:40:46";"Leg";"3635";"Glute Kickback (Machine)";"Rest Timer";"";"";"";"";"120.0";"";""
"467";"2026-07-04 12:40:46";"Leg";"3635";"Standing Calf Raise (Smith Machine)";"Note";"";"";"";"";"";"12-15
Platform 2";""
"467";"2026-07-04 12:40:46";"Leg";"3635";"Standing Calf Raise (Smith Machine)";"1";"5.0";"14";"";"";"";"";""
"467";"2026-07-04 12:40:46";"Leg";"3635";"Standing Calf Raise (Smith Machine)";"Rest Timer";"";"";"";"";"120.0";"";""
"467";"2026-07-04 12:40:46";"Leg";"3635";"Smith Sitting Calf Raise";"Note";"";"";"";"";"";"15-20";""
"467";"2026-07-04 12:40:46";"Leg";"3635";"Smith Sitting Calf Raise";"1";"25.0";"19";"";"";"";"";""
"467";"2026-07-04 12:40:46";"Leg";"3635";"Smith Sitting Calf Raise";"Rest Timer";"";"";"";"";"120.0";"";""
"468";"2026-07-06 12:01:26";"Push";"3525";"Incline Bench Press (Smith Machine)";"Note";"";"";"";"";"";"6-8
4
Support 2";""
"468";"2026-07-06 12:01:26";"Push";"3525";"Incline Bench Press (Smith Machine)";"W";"0.0";"5";"";"";"";"";""
"468";"2026-07-06 12:01:26";"Push";"3525";"Incline Bench Press (Smith Machine)";"W";"30.0";"5";"";"";"";"";""
"468";"2026-07-06 12:01:26";"Push";"3525";"Incline Bench Press (Smith Machine)";"W";"50.0";"5";"";"";"";"";""
"468";"2026-07-06 12:01:26";"Push";"3525";"Incline Bench Press (Smith Machine)";"1";"65.0";"8";"";"";"";"";""
"468";"2026-07-06 12:01:26";"Push";"3525";"Incline Bench Press (Smith Machine)";"Rest Timer";"";"";"";"";"180.0";"";""
"468";"2026-07-06 12:01:26";"Push";"3525";"Cable Press Incline ";"Note";"";"";"";"";"";"12-15";""
"468";"2026-07-06 12:01:26";"Push";"3525";"Cable Press Incline ";"1";"35.0";"12";"";"";"";"";""
"468";"2026-07-06 12:01:26";"Push";"3525";"Cable Press Incline ";"Rest Timer";"";"";"";"";"180.0";"";""
"468";"2026-07-06 12:01:26";"Push";"3525";"Decline Smith Press";"Note";"";"";"";"";"";"6-8
10";""
"468";"2026-07-06 12:01:26";"Push";"3525";"Decline Smith Press";"1";"70.0";"6";"";"";"";"";""
"468";"2026-07-06 12:01:26";"Push";"3525";"Decline Smith Press";"Rest Timer";"";"";"";"";"180.0";"";""
"468";"2026-07-06 12:01:26";"Push";"3525";"Cable Press Decline";"Note";"";"";"";"";"";"12-15
10";""
"468";"2026-07-06 12:01:26";"Push";"3525";"Cable Press Decline";"1";"25.0";"8";"";"";"";"";""
"468";"2026-07-06 12:01:26";"Push";"3525";"Cable Press Decline";"Rest Timer";"";"";"";"";"180.0";"";""
"468";"2026-07-06 12:01:26";"Push";"3525";"Lateral Raise (Cable)";"Note";"";"";"";"";"";"8-10
10";""
"468";"2026-07-06 12:01:26";"Push";"3525";"Lateral Raise (Cable)";"W";"5.0";"5";"";"";"";"";""
"468";"2026-07-06 12:01:26";"Push";"3525";"Lateral Raise (Cable)";"W";"10.0";"5";"";"";"";"";""
"468";"2026-07-06 12:01:26";"Push";"3525";"Lateral Raise (Cable)";"W";"15.0";"5";"";"";"";"";""
"468";"2026-07-06 12:01:26";"Push";"3525";"Lateral Raise (Cable)";"1";"17.5";"9";"";"";"";"";""
"468";"2026-07-06 12:01:26";"Push";"3525";"Lateral Raise (Cable)";"Rest Timer";"";"";"";"";"120.0";"";""
"468";"2026-07-06 12:01:26";"Push";"3525";"Lateral Raise Cable Leaning";"Note";"";"";"";"";"";"15-20";""
"468";"2026-07-06 12:01:26";"Push";"3525";"Lateral Raise Cable Leaning";"1";"2.5";"20";"";"";"";"";""
"468";"2026-07-06 12:01:26";"Push";"3525";"Lateral Raise Cable Leaning";"Rest Timer";"";"";"";"";"120.0";"";""
"468";"2026-07-06 12:01:26";"Push";"3525";"Chest Flies Cable Seated Heavy";"Note";"";"";"";"";"";"2
15
10-12";""
"468";"2026-07-06 12:01:26";"Push";"3525";"Chest Flies Cable Seated Heavy";"1";"25.0";"10";"";"";"";"";""
"468";"2026-07-06 12:01:26";"Push";"3525";"Chest Flies Cable Seated Heavy";"Rest Timer";"";"";"";"";"180.0";"";""
"468";"2026-07-06 12:01:26";"Push";"3525";"Chest Flies Cable Seated Volume";"Note";"";"";"";"";"";"15-20";""
"468";"2026-07-06 12:01:26";"Push";"3525";"Chest Flies Cable Seated Volume";"1";"10.0";"17";"";"";"";"";""
"468";"2026-07-06 12:01:26";"Push";"3525";"Chest Flies Cable Seated Volume";"Rest Timer";"";"";"";"";"120.0";"";""
"469";"2026-07-07 11:58:00";"Pull";"3803";"Pull Up";"Note";"";"";"";"";"";"6-8";""
"469";"2026-07-07 11:58:00";"Pull";"3803";"Pull Up";"1";"0.0";"7";"";"";"";"";""
"469";"2026-07-07 11:58:00";"Pull";"3803";"Pull Up";"Rest Timer";"";"";"";"";"180.0";"";""
"469";"2026-07-07 11:58:00";"Pull";"3803";"Lat Pulldown Neutral Grip";"Note";"";"";"";"";"";"10-12";""
"469";"2026-07-07 11:58:00";"Pull";"3803";"Lat Pulldown Neutral Grip";"1";"90.0";"10";"";"";"";"";""
"469";"2026-07-07 11:58:00";"Pull";"3803";"Lat Pulldown Neutral Grip";"Rest Timer";"";"";"";"";"180.0";"";""
"469";"2026-07-07 11:58:00";"Pull";"3803";"Jammer Arms Row Neutral Grip";"Note";"";"";"";"";"";"6-8
37";""
"469";"2026-07-07 11:58:00";"Pull";"3803";"Jammer Arms Row Neutral Grip";"W";"25.0";"5";"";"";"";"";""
"469";"2026-07-07 11:58:00";"Pull";"3803";"Jammer Arms Row Neutral Grip";"1";"37.5";"8";"";"";"";"";""
"469";"2026-07-07 11:58:00";"Pull";"3803";"Jammer Arms Row Neutral Grip";"Rest Timer";"";"";"";"";"180.0";"";""
"469";"2026-07-07 11:58:00";"Pull";"3803";"Low Cable Row Shoulder Width Neutral Grip";"Note";"";"";"";"";"";"10-12
15";""
"469";"2026-07-07 11:58:00";"Pull";"3803";"Low Cable Row Shoulder Width Neutral Grip";"1";"70.0";"10";"";"";"";"";""
"469";"2026-07-07 11:58:00";"Pull";"3803";"Low Cable Row Shoulder Width Neutral Grip";"Rest Timer";"";"";"";"";"180.0";"";""
"469";"2026-07-07 11:58:00";"Pull";"3803";"Chest Supported Kettle Shrug ";"Note";"";"";"";"";"";"8-10
2";""
"469";"2026-07-07 11:58:00";"Pull";"3803";"Chest Supported Kettle Shrug ";"1";"25.0";"11";"";"";"";"";""
"469";"2026-07-07 11:58:00";"Pull";"3803";"Chest Supported Kettle Shrug ";"Rest Timer";"";"";"";"";"120.0";"";""
"469";"2026-07-07 11:58:00";"Pull";"3803";"Shrug Cable Leaning Back";"Note";"";"";"";"";"";"15
15-20
2";""
"469";"2026-07-07 11:58:00";"Pull";"3803";"Shrug Cable Leaning Back";"1";"65.0";"22";"";"";"";"";""
"469";"2026-07-07 11:58:00";"Pull";"3803";"Shrug Cable Leaning Back";"Rest Timer";"";"";"";"";"120.0";"";""
"469";"2026-07-07 11:58:00";"Pull";"3803";"Scapular Depressions Cable";"Note";"";"";"";"";"";"10-12";""
"469";"2026-07-07 11:58:00";"Pull";"3803";"Scapular Depressions Cable";"1";"120.0";"14";"";"";"";"";""
"469";"2026-07-07 11:58:00";"Pull";"3803";"Scapular Depressions Cable";"Rest Timer";"";"";"";"";"120.0";"";""
"469";"2026-07-07 11:58:00";"Pull";"3803";"Pullover Seated Rope Cable ";"Note";"";"";"";"";"";"2
2
12-15";""
"469";"2026-07-07 11:58:00";"Pull";"3803";"Pullover Seated Rope Cable ";"1";"50.0";"14";"";"";"";"";""
"469";"2026-07-07 11:58:00";"Pull";"3803";"Rear Delt Row Chest Supported";"Note";"";"";"";"";"";"8-10
12";""
"469";"2026-07-07 11:58:00";"Pull";"3803";"Rear Delt Row Chest Supported";"1";"75.0";"8";"";"";"";"";""
"469";"2026-07-07 11:58:00";"Pull";"3803";"Rear Delt Row Chest Supported";"Rest Timer";"";"";"";"";"120.0";"";""
"469";"2026-07-07 11:58:00";"Pull";"3803";"Reverse Fly (Cable)";"Note";"";"";"";"";"";"5
12-15";""
"469";"2026-07-07 11:58:00";"Pull";"3803";"Reverse Fly (Cable)";"1";"7.5";"10";"";"";"";"";""
"469";"2026-07-07 11:58:00";"Pull";"3803";"Reverse Fly (Cable)";"Rest Timer";"";"";"";"";"60.0";"";""
"470";"2026-07-10 11:53:09";"Arms";"3245";"JM Press";"Note";"";"";"";"";"";"6-8
Support 1";""
"470";"2026-07-10 11:53:09";"Arms";"3245";"JM Press";"W";"30.0";"6";"";"";"";"";""
"470";"2026-07-10 11:53:09";"Arms";"3245";"JM Press";"1";"70.0";"6";"";"";"";"";""
"470";"2026-07-10 11:53:09";"Arms";"3245";"JM Press";"Rest Timer";"";"";"";"";"180.0";"";""
"470";"2026-07-10 11:53:09";"Arms";"3245";"Bayesian Cable Curl";"Note";"";"";"";"";"";"6-8
13";""
"470";"2026-07-10 11:53:09";"Arms";"3245";"Bayesian Cable Curl";"W";"5.0";"12";"";"";"";"";""
"470";"2026-07-10 11:53:09";"Arms";"3245";"Bayesian Cable Curl";"W";"10.0";"5";"";"";"";"";""
"470";"2026-07-10 11:53:09";"Arms";"3245";"Bayesian Cable Curl";"1";"22.5";"8";"";"";"";"";""
"470";"2026-07-10 11:53:09";"Arms";"3245";"Bayesian Cable Curl";"Rest Timer";"";"";"";"";"60.0";"";""
"470";"2026-07-10 11:53:09";"Arms";"3245";"Tricep Push down Spreader Bar";"Note";"";"";"";"";"";"10-12
3";""
"470";"2026-07-10 11:53:09";"Arms";"3245";"Tricep Push down Spreader Bar";"1";"45.0";"13";"";"";"";"";""
"470";"2026-07-10 11:53:09";"Arms";"3245";"Tricep Push down Spreader Bar";"Rest Timer";"";"";"";"";"120.0";"";""
"470";"2026-07-10 11:53:09";"Arms";"3245";"Spider Curl Cable";"Note";"";"";"";"";"";"10-12
Lowest";""
"470";"2026-07-10 11:53:09";"Arms";"3245";"Spider Curl Cable";"1";"12.5";"13";"";"";"";"";""
"470";"2026-07-10 11:53:09";"Arms";"3245";"Spider Curl Cable";"Rest Timer";"";"";"";"";"120.0";"";""
"470";"2026-07-10 11:53:09";"Arms";"3245";"Tricep Extension Cable Overhead";"Note";"";"";"";"";"";"Seat 1
L
12
8-10
Back to bar";""
"470";"2026-07-10 11:53:09";"Arms";"3245";"Tricep Extension Cable Overhead";"1";"55.0";"9";"";"";"";"";""
"470";"2026-07-10 11:53:09";"Arms";"3245";"Tricep Extension Cable Overhead";"Rest Timer";"";"";"";"";"120.0";"";""
"470";"2026-07-10 11:53:09";"Arms";"3245";"Bayesian Hammer Curl Cable";"Note";"";"";"";"";"";"8-10
13";""
"470";"2026-07-10 11:53:09";"Arms";"3245";"Bayesian Hammer Curl Cable";"1";"22.5";"9";"";"";"";"";""
"470";"2026-07-10 11:53:09";"Arms";"3245";"Bayesian Hammer Curl Cable";"Rest Timer";"";"";"";"";"120.0";"";""
"470";"2026-07-10 11:53:09";"Arms";"3245";"Cable Single Arm Overhead Extension";"Note";"";"";"";"";"";"12-15";""
"470";"2026-07-10 11:53:09";"Arms";"3245";"Cable Single Arm Overhead Extension";"1";"7.5";"11";"";"";"";"";""
"470";"2026-07-10 11:53:09";"Arms";"3245";"Cable Single Arm Overhead Extension";"Rest Timer";"";"";"";"";"120.0";"";""
"470";"2026-07-10 11:53:09";"Arms";"3245";"Spider Hammer Curl Cable";"Note";"";"";"";"";"";"12-15";""
"470";"2026-07-10 11:53:09";"Arms";"3245";"Spider Hammer Curl Cable";"1";"10.0";"18";"";"";"";"";""
"470";"2026-07-10 11:53:09";"Arms";"3245";"Spider Hammer Curl Cable";"Rest Timer";"";"";"";"";"120.0";"";""
"471";"2026-07-11 13:15:11";"Leg";"3431";"Squat (Smith Machine)";"Note";"";"";"";"";"";"Support 2
6-8/12-15
Ball of foot just before elevation";""
"471";"2026-07-11 13:15:11";"Leg";"3431";"Squat (Smith Machine)";"W";"30.0";"5";"";"";"";"";""
"471";"2026-07-11 13:15:11";"Leg";"3431";"Squat (Smith Machine)";"1";"55.0";"9";"";"";"";"";""
"471";"2026-07-11 13:15:11";"Leg";"3431";"Squat (Smith Machine)";"Rest Timer";"";"";"";"";"180.0";"";""
"471";"2026-07-11 13:15:11";"Leg";"3431";"Squat (Smith Machine)";"2";"10.0";"18";"";"";"";"";""
"471";"2026-07-11 13:15:11";"Leg";"3431";"Squat (Smith Machine)";"Rest Timer";"";"";"";"";"180.0";"";""
"471";"2026-07-11 13:15:11";"Leg";"3431";"Romanian Deadlift Smith";"Note";"";"";"";"";"";"6-8";""
"471";"2026-07-11 13:15:11";"Leg";"3431";"Romanian Deadlift Smith";"W";"50.0";"5";"";"";"";"";""
"471";"2026-07-11 13:15:11";"Leg";"3431";"Romanian Deadlift Smith";"1";"105.0";"6";"";"";"";"";""
"471";"2026-07-11 13:15:11";"Leg";"3431";"Romanian Deadlift Smith";"Rest Timer";"";"";"";"";"180.0";"";""
"471";"2026-07-11 13:15:11";"Leg";"3431";"Hamstring Curl with Cuff";"Note";"";"";"";"";"";"Lowest
10-12";""
"471";"2026-07-11 13:15:11";"Leg";"3431";"Hamstring Curl with Cuff";"1";"0.0";"13";"";"";"";"";""
"471";"2026-07-11 13:15:11";"Leg";"3431";"Hamstring Curl with Cuff";"Rest Timer";"";"";"";"";"120.0";"";""
"471";"2026-07-11 13:15:11";"Leg";"3431";"Split Squats Smith";"Note";"";"";"";"";"";"8-10";""
"471";"2026-07-11 13:15:11";"Leg";"3431";"Split Squats Smith";"1";"0.0";"13";"";"";"";"";""
"471";"2026-07-11 13:15:11";"Leg";"3431";"Split Squats Smith";"Rest Timer";"";"";"";"";"120.0";"";""
"471";"2026-07-11 13:15:11";"Leg";"3431";"Glute Kickback (Machine)";"1";"17.5";"13";"";"";"";"";""
"471";"2026-07-11 13:15:11";"Leg";"3431";"Glute Kickback (Machine)";"Rest Timer";"";"";"";"";"120.0";"";""
"471";"2026-07-11 13:15:11";"Leg";"3431";"Standing Calf Raise (Smith Machine)";"Note";"";"";"";"";"";"12-15
Platform 2";""
"471";"2026-07-11 13:15:11";"Leg";"3431";"Standing Calf Raise (Smith Machine)";"1";"5.0";"16";"";"";"";"";""
"471";"2026-07-11 13:15:11";"Leg";"3431";"Standing Calf Raise (Smith Machine)";"Rest Timer";"";"";"";"";"120.0";"";""
"471";"2026-07-11 13:15:11";"Leg";"3431";"Smith Sitting Calf Raise";"Note";"";"";"";"";"";"15-20";""
"471";"2026-07-11 13:15:11";"Leg";"3431";"Smith Sitting Calf Raise";"1";"25.0";"21";"";"";"";"";""
"471";"2026-07-11 13:15:11";"Leg";"3431";"Smith Sitting Calf Raise";"Rest Timer";"";"";"";"";"120.0";"";""
"472";"2026-07-13 12:28:49";"Push";"3380";"Incline Bench Press (Smith Machine)";"Note";"";"";"";"";"";"6-8
4
Support 2";""
"472";"2026-07-13 12:28:49";"Push";"3380";"Incline Bench Press (Smith Machine)";"W";"0.0";"5";"";"";"";"";""
"472";"2026-07-13 12:28:49";"Push";"3380";"Incline Bench Press (Smith Machine)";"W";"30.0";"5";"";"";"";"";""
"472";"2026-07-13 12:28:49";"Push";"3380";"Incline Bench Press (Smith Machine)";"W";"50.0";"5";"";"";"";"";""
"472";"2026-07-13 12:28:49";"Push";"3380";"Incline Bench Press (Smith Machine)";"1";"65.0";"9";"";"";"";"";""
"472";"2026-07-13 12:28:49";"Push";"3380";"Incline Bench Press (Smith Machine)";"Rest Timer";"";"";"";"";"180.0";"";""
"472";"2026-07-13 12:28:49";"Push";"3380";"Cable Press Incline ";"Note";"";"";"";"";"";"12-15";""
"472";"2026-07-13 12:28:49";"Push";"3380";"Cable Press Incline ";"1";"35.0";"17";"";"";"";"";""
"472";"2026-07-13 12:28:49";"Push";"3380";"Cable Press Incline ";"Rest Timer";"";"";"";"";"180.0";"";""
"472";"2026-07-13 12:28:49";"Push";"3380";"Decline Smith Press";"Note";"";"";"";"";"";"6-8
10";""
"472";"2026-07-13 12:28:49";"Push";"3380";"Decline Smith Press";"1";"70.0";"6";"";"";"";"";""
"472";"2026-07-13 12:28:49";"Push";"3380";"Decline Smith Press";"Rest Timer";"";"";"";"";"180.0";"";""
"472";"2026-07-13 12:28:49";"Push";"3380";"Cable Press Decline";"Note";"";"";"";"";"";"12-15
10";""
"472";"2026-07-13 12:28:49";"Push";"3380";"Cable Press Decline";"1";"25.0";"12";"";"";"";"";""
"472";"2026-07-13 12:28:49";"Push";"3380";"Cable Press Decline";"Rest Timer";"";"";"";"";"180.0";"";""
"472";"2026-07-13 12:28:49";"Push";"3380";"Lateral Raise (Cable)";"Note";"";"";"";"";"";"8-10
10";""
"472";"2026-07-13 12:28:49";"Push";"3380";"Lateral Raise (Cable)";"W";"5.0";"5";"";"";"";"";""
"472";"2026-07-13 12:28:49";"Push";"3380";"Lateral Raise (Cable)";"W";"10.0";"5";"";"";"";"";""
"472";"2026-07-13 12:28:49";"Push";"3380";"Lateral Raise (Cable)";"W";"15.0";"5";"";"";"";"";""
"472";"2026-07-13 12:28:49";"Push";"3380";"Lateral Raise (Cable)";"1";"17.5";"8";"";"";"";"";""
"472";"2026-07-13 12:28:49";"Push";"3380";"Lateral Raise (Cable)";"Rest Timer";"";"";"";"";"120.0";"";""
"472";"2026-07-13 12:28:49";"Push";"3380";"Lateral Raise Cable Leaning";"Note";"";"";"";"";"";"15-20";""
"472";"2026-07-13 12:28:49";"Push";"3380";"Lateral Raise Cable Leaning";"1";"2.5";"21";"";"";"";"";""
"472";"2026-07-13 12:28:49";"Push";"3380";"Lateral Raise Cable Leaning";"Rest Timer";"";"";"";"";"120.0";"";""
"472";"2026-07-13 12:28:49";"Push";"3380";"Chest Flies Cable Seated Heavy";"Note";"";"";"";"";"";"2
15
10-12";""
"472";"2026-07-13 12:28:49";"Push";"3380";"Chest Flies Cable Seated Heavy";"1";"25.0";"12";"";"";"";"";""
"472";"2026-07-13 12:28:49";"Push";"3380";"Chest Flies Cable Seated Heavy";"Rest Timer";"";"";"";"";"180.0";"";""
"472";"2026-07-13 12:28:49";"Push";"3380";"Chest Flies Cable Seated Volume";"Note";"";"";"";"";"";"15-20";""
"472";"2026-07-13 12:28:49";"Push";"3380";"Chest Flies Cable Seated Volume";"1";"10.0";"20";"";"";"";"";""
"472";"2026-07-13 12:28:49";"Push";"3380";"Chest Flies Cable Seated Volume";"Rest Timer";"";"";"";"";"120.0";"";""
"473";"2026-07-14 12:06:20";"Pull";"3722";"Pull Up";"Note";"";"";"";"";"";"6-8";""
"473";"2026-07-14 12:06:20";"Pull";"3722";"Pull Up";"1";"0.0";"8";"";"";"";"";""
"473";"2026-07-14 12:06:20";"Pull";"3722";"Pull Up";"Rest Timer";"";"";"";"";"180.0";"";""
"473";"2026-07-14 12:06:20";"Pull";"3722";"Lat Pulldown Neutral Grip";"Note";"";"";"";"";"";"10-12";""
"473";"2026-07-14 12:06:20";"Pull";"3722";"Lat Pulldown Neutral Grip";"1";"90.0";"14";"";"";"";"";""
"473";"2026-07-14 12:06:20";"Pull";"3722";"Lat Pulldown Neutral Grip";"Rest Timer";"";"";"";"";"180.0";"";""
"473";"2026-07-14 12:06:20";"Pull";"3722";"Jammer Arms Row Neutral Grip";"Note";"";"";"";"";"";"6-8
37";""
"473";"2026-07-14 12:06:20";"Pull";"3722";"Jammer Arms Row Neutral Grip";"W";"25.0";"5";"";"";"";"";""
"473";"2026-07-14 12:06:20";"Pull";"3722";"Jammer Arms Row Neutral Grip";"1";"37.5";"10";"";"";"";"";""
"473";"2026-07-14 12:06:20";"Pull";"3722";"Jammer Arms Row Neutral Grip";"Rest Timer";"";"";"";"";"180.0";"";""
"473";"2026-07-14 12:06:20";"Pull";"3722";"Low Cable Row Shoulder Width Neutral Grip";"Note";"";"";"";"";"";"10-12
15";""
"473";"2026-07-14 12:06:20";"Pull";"3722";"Low Cable Row Shoulder Width Neutral Grip";"1";"90.0";"15";"";"";"";"";""
"473";"2026-07-14 12:06:20";"Pull";"3722";"Low Cable Row Shoulder Width Neutral Grip";"Rest Timer";"";"";"";"";"180.0";"";""
"473";"2026-07-14 12:06:20";"Pull";"3722";"Chest Supported Kettle Shrug ";"Note";"";"";"";"";"";"8-10
2";""
"473";"2026-07-14 12:06:20";"Pull";"3722";"Chest Supported Kettle Shrug ";"1";"35.0";"8";"";"";"";"";""
"473";"2026-07-14 12:06:20";"Pull";"3722";"Chest Supported Kettle Shrug ";"Rest Timer";"";"";"";"";"120.0";"";""
"473";"2026-07-14 12:06:20";"Pull";"3722";"Shrug Cable Leaning Back";"Note";"";"";"";"";"";"15
15-20
2";""
"473";"2026-07-14 12:06:20";"Pull";"3722";"Shrug Cable Leaning Back";"1";"75.0";"19";"";"";"";"";""
"473";"2026-07-14 12:06:20";"Pull";"3722";"Shrug Cable Leaning Back";"Rest Timer";"";"";"";"";"120.0";"";""
"473";"2026-07-14 12:06:20";"Pull";"3722";"Scapular Depressions Cable";"Note";"";"";"";"";"";"10-12";""
"473";"2026-07-14 12:06:20";"Pull";"3722";"Scapular Depressions Cable";"1";"120.0";"14";"";"";"";"";""
"473";"2026-07-14 12:06:20";"Pull";"3722";"Scapular Depressions Cable";"Rest Timer";"";"";"";"";"120.0";"";""
"473";"2026-07-14 12:06:20";"Pull";"3722";"Pullover Seated Rope Cable ";"Note";"";"";"";"";"";"2
2
12-15";""
"473";"2026-07-14 12:06:20";"Pull";"3722";"Pullover Seated Rope Cable ";"1";"50.0";"17";"";"";"";"";""
"473";"2026-07-14 12:06:20";"Pull";"3722";"Rear Delt Row Chest Supported";"Note";"";"";"";"";"";"8-10
12";""
"473";"2026-07-14 12:06:20";"Pull";"3722";"Rear Delt Row Chest Supported";"1";"75.0";"8";"";"";"";"";""
"473";"2026-07-14 12:06:20";"Pull";"3722";"Rear Delt Row Chest Supported";"Rest Timer";"";"";"";"";"120.0";"";""
"473";"2026-07-14 12:06:20";"Pull";"3722";"Reverse Fly (Cable)";"Note";"";"";"";"";"";"5
12-15";""
"473";"2026-07-14 12:06:20";"Pull";"3722";"Reverse Fly (Cable)";"1";"7.5";"13";"";"";"";"";""
"473";"2026-07-14 12:06:20";"Pull";"3722";"Reverse Fly (Cable)";"Rest Timer";"";"";"";"";"60.0";"";""
"474";"2026-07-17 12:11:43";"Arms";"1827";"JM Press";"Note";"";"";"";"";"";"6-8
Support 1";""
"474";"2026-07-17 12:11:43";"Arms";"1827";"JM Press";"W";"30.0";"6";"";"";"";"";""
"474";"2026-07-17 12:11:43";"Arms";"1827";"JM Press";"1";"60.0";"9";"";"";"";"";""
"474";"2026-07-17 12:11:43";"Arms";"1827";"JM Press";"Rest Timer";"";"";"";"";"180.0";"";""
"474";"2026-07-17 12:11:43";"Arms";"1827";"Bayesian Cable Curl";"Note";"";"";"";"";"";"6-8
13";""
"474";"2026-07-17 12:11:43";"Arms";"1827";"Bayesian Cable Curl";"W";"5.0";"12";"";"";"";"";""
"474";"2026-07-17 12:11:43";"Arms";"1827";"Bayesian Cable Curl";"W";"10.0";"5";"";"";"";"";""
"474";"2026-07-17 12:11:43";"Arms";"1827";"Bayesian Cable Curl";"1";"22.5";"8";"";"";"";"";""
"474";"2026-07-17 12:11:43";"Arms";"1827";"Bayesian Cable Curl";"Rest Timer";"";"";"";"";"60.0";"";""
"474";"2026-07-17 12:11:43";"Arms";"1827";"Tricep Push down Spreader Bar";"Note";"";"";"";"";"";"10-12
3";""
"474";"2026-07-17 12:11:43";"Arms";"1827";"Tricep Push down Spreader Bar";"1";"47.5";"10";"";"";"";"";""
"474";"2026-07-17 12:11:43";"Arms";"1827";"Tricep Push down Spreader Bar";"Rest Timer";"";"";"";"";"60.0";"";""
"474";"2026-07-17 12:11:43";"Arms";"1827";"Spider Curl Cable";"Note";"";"";"";"";"";"10-12
Lowest";""
"474";"2026-07-17 12:11:43";"Arms";"1827";"Spider Curl Cable";"1";"15.0";"16";"";"";"";"";""
"474";"2026-07-17 12:11:43";"Arms";"1827";"Spider Curl Cable";"Rest Timer";"";"";"";"";"120.0";"";""
"474";"2026-07-17 12:11:43";"Arms";"1827";"Tricep Extension Cable Overhead";"Note";"";"";"";"";"";"Seat 1
Lowest
8-10";""
"474";"2026-07-17 12:11:43";"Arms";"1827";"Tricep Extension Cable Overhead";"1";"55.0";"9";"";"";"";"";""
"474";"2026-07-17 12:11:43";"Arms";"1827";"Tricep Extension Cable Overhead";"Rest Timer";"";"";"";"";"120.0";"";""
"474";"2026-07-17 12:11:43";"Arms";"1827";"Bayesian Hammer Curl Cable";"Note";"";"";"";"";"";"8-10
13";""
"474";"2026-07-17 12:11:43";"Arms";"1827";"Bayesian Hammer Curl Cable";"1";"22.5";"9";"";"";"";"";""
"474";"2026-07-17 12:11:43";"Arms";"1827";"Bayesian Hammer Curl Cable";"Rest Timer";"";"";"";"";"120.0";"";""
"474";"2026-07-17 12:11:43";"Arms";"1827";"Cable Single Arm Overhead Extension";"Note";"";"";"";"";"";"12-15";""
"474";"2026-07-17 12:11:43";"Arms";"1827";"Cable Single Arm Overhead Extension";"1";"5.0";"16";"";"";"";"";""
"474";"2026-07-17 12:11:43";"Arms";"1827";"Cable Single Arm Overhead Extension";"Rest Timer";"";"";"";"";"120.0";"";""
"474";"2026-07-17 12:11:43";"Arms";"1827";"Spider Hammer Curl Cable";"Note";"";"";"";"";"";"12-15";""
"474";"2026-07-17 12:11:43";"Arms";"1827";"Spider Hammer Curl Cable";"1";"12.5";"16";"";"";"";"";""
"474";"2026-07-17 12:11:43";"Arms";"1827";"Spider Hammer Curl Cable";"Rest Timer";"";"";"";"";"120.0";"";""
"475";"2026-07-18 17:03:50";"Leg";"3804";"Squat (Smith Machine)";"Note";"";"";"";"";"";"Support 2
6-8/12-15
Ball of foot just before elevation";""
"475";"2026-07-18 17:03:50";"Leg";"3804";"Squat (Smith Machine)";"W";"30.0";"5";"";"";"";"";""
"475";"2026-07-18 17:03:50";"Leg";"3804";"Squat (Smith Machine)";"1";"60.0";"6";"";"";"";"";""
"475";"2026-07-18 17:03:50";"Leg";"3804";"Squat (Smith Machine)";"Rest Timer";"";"";"";"";"180.0";"";""
"475";"2026-07-18 17:03:50";"Leg";"3804";"Squat (Smith Machine)";"2";"15.0";"17";"";"";"";"";""
"475";"2026-07-18 17:03:50";"Leg";"3804";"Squat (Smith Machine)";"Rest Timer";"";"";"";"";"180.0";"";""
"475";"2026-07-18 17:03:50";"Leg";"3804";"Romanian Deadlift Smith";"Note";"";"";"";"";"";"6-8";""
"475";"2026-07-18 17:03:50";"Leg";"3804";"Romanian Deadlift Smith";"W";"50.0";"5";"";"";"";"";""
"475";"2026-07-18 17:03:50";"Leg";"3804";"Romanian Deadlift Smith";"1";"105.0";"6";"";"";"";"";""
"475";"2026-07-18 17:03:50";"Leg";"3804";"Romanian Deadlift Smith";"Rest Timer";"";"";"";"";"180.0";"";""
"475";"2026-07-18 17:03:50";"Leg";"3804";"Hamstring Curl with Cuff";"Note";"";"";"";"";"";"Lowest
10-12";""
"475";"2026-07-18 17:03:50";"Leg";"3804";"Hamstring Curl with Cuff";"1";"1.25";"9";"";"";"";"";""
"475";"2026-07-18 17:03:50";"Leg";"3804";"Hamstring Curl with Cuff";"Rest Timer";"";"";"";"";"120.0";"";""
"475";"2026-07-18 17:03:50";"Leg";"3804";"Split Squats Smith";"Note";"";"";"";"";"";"8-10/12-15";""
"475";"2026-07-18 17:03:50";"Leg";"3804";"Split Squats Smith";"1";"2.5";"9";"";"";"";"";""
"475";"2026-07-18 17:03:50";"Leg";"3804";"Split Squats Smith";"Rest Timer";"";"";"";"";"120.0";"";""
"475";"2026-07-18 17:03:50";"Leg";"3804";"Glute Kickback (Machine)";"1";"17.5";"15";"";"";"";"";""
"475";"2026-07-18 17:03:50";"Leg";"3804";"Glute Kickback (Machine)";"Rest Timer";"";"";"";"";"120.0";"";""
"475";"2026-07-18 17:03:50";"Leg";"3804";"Standing Calf Raise (Smith Machine)";"Note";"";"";"";"";"";"12-15
Platform 2";""
"475";"2026-07-18 17:03:50";"Leg";"3804";"Standing Calf Raise (Smith Machine)";"1";"7.5";"13";"";"";"";"";""
"475";"2026-07-18 17:03:50";"Leg";"3804";"Standing Calf Raise (Smith Machine)";"Rest Timer";"";"";"";"";"120.0";"";""
"475";"2026-07-18 17:03:50";"Leg";"3804";"Smith Sitting Calf Raise";"Note";"";"";"";"";"";"15-20";""
"475";"2026-07-18 17:03:50";"Leg";"3804";"Smith Sitting Calf Raise";"1";"30.0";"16";"";"";"";"";""
"475";"2026-07-18 17:03:50";"Leg";"3804";"Smith Sitting Calf Raise";"Rest Timer";"";"";"";"";"120.0";"";""
"476";"2026-07-27 12:50:11";"Push";"2050";"Incline Bench Press (Smith Machine)";"Note";"";"";"";"";"";"6-8
4
Support 2";""
"476";"2026-07-27 12:50:11";"Push";"2050";"Incline Bench Press (Smith Machine)";"W";"0.0";"5";"";"";"";"";""
"476";"2026-07-27 12:50:11";"Push";"2050";"Incline Bench Press (Smith Machine)";"W";"30.0";"5";"";"";"";"";""
"476";"2026-07-27 12:50:11";"Push";"2050";"Incline Bench Press (Smith Machine)";"W";"50.0";"5";"";"";"";"";""
"476";"2026-07-27 12:50:11";"Push";"2050";"Incline Bench Press (Smith Machine)";"1";"65.0";"8";"";"";"";"";""
"476";"2026-07-27 12:50:11";"Push";"2050";"Incline Bench Press (Smith Machine)";"Rest Timer";"";"";"";"";"180.0";"";""
"476";"2026-07-27 12:50:11";"Push";"2050";"Cable Press Incline ";"Note";"";"";"";"";"";"12-15";""
"476";"2026-07-27 12:50:11";"Push";"2050";"Cable Press Incline ";"1";"40.0";"14";"";"";"";"";""
"476";"2026-07-27 12:50:11";"Push";"2050";"Cable Press Incline ";"Rest Timer";"";"";"";"";"180.0";"";""
"476";"2026-07-27 12:50:11";"Push";"2050";"Decline Smith Press";"Note";"";"";"";"";"";"6-8
10";""
"476";"2026-07-27 12:50:11";"Push";"2050";"Decline Smith Press";"1";"70.0";"7";"";"";"";"";""
"476";"2026-07-27 12:50:11";"Push";"2050";"Decline Smith Press";"Rest Timer";"";"";"";"";"180.0";"";""
"476";"2026-07-27 12:50:11";"Push";"2050";"Cable Press Decline";"Note";"";"";"";"";"";"12-15
10";""
"476";"2026-07-27 12:50:11";"Push";"2050";"Cable Press Decline";"1";"25.0";"11";"";"";"";"";""
"476";"2026-07-27 12:50:11";"Push";"2050";"Cable Press Decline";"Rest Timer";"";"";"";"";"180.0";"";""
"476";"2026-07-27 12:50:11";"Push";"2050";"Lateral Raise (Cable)";"Note";"";"";"";"";"";"8-10
10";""
"476";"2026-07-27 12:50:11";"Push";"2050";"Lateral Raise (Cable)";"W";"5.0";"5";"";"";"";"";""
"476";"2026-07-27 12:50:11";"Push";"2050";"Lateral Raise (Cable)";"W";"10.0";"5";"";"";"";"";""
"476";"2026-07-27 12:50:11";"Push";"2050";"Lateral Raise (Cable)";"W";"15.0";"5";"";"";"";"";""
"476";"2026-07-27 12:50:11";"Push";"2050";"Lateral Raise (Cable)";"1";"17.5";"8";"";"";"";"";""
"476";"2026-07-27 12:50:11";"Push";"2050";"Lateral Raise (Cable)";"Rest Timer";"";"";"";"";"120.0";"";""
"476";"2026-07-27 12:50:11";"Push";"2050";"Lateral Raise Cable Leaning";"Note";"";"";"";"";"";"15-20";""
"476";"2026-07-27 12:50:11";"Push";"2050";"Lateral Raise Cable Leaning";"1";"5.0";"15";"";"";"";"";""
"476";"2026-07-27 12:50:11";"Push";"2050";"Lateral Raise Cable Leaning";"Rest Timer";"";"";"";"";"120.0";"";""
"476";"2026-07-27 12:50:11";"Push";"2050";"Chest Flies Cable Seated Heavy";"Note";"";"";"";"";"";"2
15
10-12";""
"476";"2026-07-27 12:50:11";"Push";"2050";"Chest Flies Cable Seated Heavy";"1";"25.0";"11";"";"";"";"";""
"476";"2026-07-27 12:50:11";"Push";"2050";"Chest Flies Cable Seated Heavy";"Rest Timer";"";"";"";"";"180.0";"";""
"476";"2026-07-27 12:50:11";"Push";"2050";"Chest Flies Cable Seated Volume";"Note";"";"";"";"";"";"15-20";""
"476";"2026-07-27 12:50:11";"Push";"2050";"Chest Flies Cable Seated Volume";"1";"20.0";"9";"";"";"";"";""
"476";"2026-07-27 12:50:11";"Push";"2050";"Chest Flies Cable Seated Volume";"Rest Timer";"";"";"";"";"120.0";"";""
"477";"2026-07-28 11:58:52";"Pull";"3196";"Pull Up";"Note";"";"";"";"";"";"6-8";""
"477";"2026-07-28 11:58:52";"Pull";"3196";"Pull Up";"1";"0.0";"7";"";"";"";"";""
"477";"2026-07-28 11:58:52";"Pull";"3196";"Pull Up";"Rest Timer";"";"";"";"";"180.0";"";""
"477";"2026-07-28 11:58:52";"Pull";"3196";"Low Cable Row Shoulder Width Neutral Grip";"Note";"";"";"";"";"";"10-12
15";""
"477";"2026-07-28 11:58:52";"Pull";"3196";"Low Cable Row Shoulder Width Neutral Grip";"1";"100.0";"9";"";"";"";"";""
"477";"2026-07-28 11:58:52";"Pull";"3196";"Low Cable Row Shoulder Width Neutral Grip";"Rest Timer";"";"";"";"";"60.0";"";""
"477";"2026-07-28 11:58:52";"Pull";"3196";"Lat Pulldown Neutral Grip";"Note";"";"";"";"";"";"10-12";""
"477";"2026-07-28 11:58:52";"Pull";"3196";"Lat Pulldown Neutral Grip";"1";"95.0";"10";"";"";"";"";""
"477";"2026-07-28 11:58:52";"Pull";"3196";"Lat Pulldown Neutral Grip";"Rest Timer";"";"";"";"";"60.0";"";""
"477";"2026-07-28 11:58:52";"Pull";"3196";"Jammer Arms Row Neutral Grip";"Note";"";"";"";"";"";"6-8
37";""
"477";"2026-07-28 11:58:52";"Pull";"3196";"Jammer Arms Row Neutral Grip";"1";"30.0";"10";"";"";"";"";""
"477";"2026-07-28 11:58:52";"Pull";"3196";"Jammer Arms Row Neutral Grip";"Rest Timer";"";"";"";"";"60.0";"";""
"477";"2026-07-28 11:58:52";"Pull";"3196";"Chest Supported Kettle Shrug ";"Note";"";"";"";"";"";"8-10
2";""
"477";"2026-07-28 11:58:52";"Pull";"3196";"Chest Supported Kettle Shrug ";"1";"35.0";"8";"";"";"";"";""
"477";"2026-07-28 11:58:52";"Pull";"3196";"Chest Supported Kettle Shrug ";"Rest Timer";"";"";"";"";"60.0";"";""
"477";"2026-07-28 11:58:52";"Pull";"3196";"Scapular Depressions Cable";"Note";"";"";"";"";"";"10-12";""
"477";"2026-07-28 11:58:52";"Pull";"3196";"Scapular Depressions Cable";"1";"120.0";"16";"";"";"";"";""
"477";"2026-07-28 11:58:52";"Pull";"3196";"Scapular Depressions Cable";"Rest Timer";"";"";"";"";"60.0";"";""
"477";"2026-07-28 11:58:52";"Pull";"3196";"Shrug Cable Leaning Back";"Note";"";"";"";"";"";"15
15-20
2";""
"477";"2026-07-28 11:58:52";"Pull";"3196";"Shrug Cable Leaning Back";"1";"75.0";"22";"";"";"";"";""
"477";"2026-07-28 11:58:52";"Pull";"3196";"Shrug Cable Leaning Back";"Rest Timer";"";"";"";"";"60.0";"";""
"477";"2026-07-28 11:58:52";"Pull";"3196";"Pullover Seated Rope Cable ";"Note";"";"";"";"";"";"2
2
12-15";""
"477";"2026-07-28 11:58:52";"Pull";"3196";"Pullover Seated Rope Cable ";"1";"55.0";"16";"";"";"";"";""
"477";"2026-07-28 11:58:52";"Pull";"3196";"Rear Delt Row Chest Supported";"Note";"";"";"";"";"";"8-10
12";""
"477";"2026-07-28 11:58:52";"Pull";"3196";"Rear Delt Row Chest Supported";"1";"75.0";"12";"";"";"";"";""
"477";"2026-07-28 11:58:52";"Pull";"3196";"Rear Delt Row Chest Supported";"Rest Timer";"";"";"";"";"120.0";"";""
"477";"2026-07-28 11:58:52";"Pull";"3196";"Reverse Fly (Cable)";"Note";"";"";"";"";"";"5
12-15";""
"477";"2026-07-28 11:58:52";"Pull";"3196";"Reverse Fly (Cable)";"1";"7.5";"13";"";"";"";"";""
"477";"2026-07-28 11:58:52";"Pull";"3196";"Reverse Fly (Cable)";"Rest Timer";"";"";"";"";"60.0";"";""
"478";"2026-07-31 11:55:43";"Arms";"2681";"JM Press";"Note";"";"";"";"";"";"6-8
Support 1";""
"478";"2026-07-31 11:55:43";"Arms";"2681";"JM Press";"W";"30.0";"6";"";"";"";"";""
"478";"2026-07-31 11:55:43";"Arms";"2681";"JM Press";"1";"60.0";"9";"";"";"";"";""
"478";"2026-07-31 11:55:43";"Arms";"2681";"JM Press";"Rest Timer";"";"";"";"";"180.0";"";""
"478";"2026-07-31 11:55:43";"Arms";"2681";"Bayesian Cable Curl";"Note";"";"";"";"";"";"6-8
13";""
"478";"2026-07-31 11:55:43";"Arms";"2681";"Bayesian Cable Curl";"W";"5.0";"12";"";"";"";"";""
"478";"2026-07-31 11:55:43";"Arms";"2681";"Bayesian Cable Curl";"W";"10.0";"5";"";"";"";"";""
"478";"2026-07-31 11:55:43";"Arms";"2681";"Bayesian Cable Curl";"1";"22.5";"9";"";"";"";"";""
"478";"2026-07-31 11:55:43";"Arms";"2681";"Bayesian Cable Curl";"Rest Timer";"";"";"";"";"60.0";"";""
"478";"2026-07-31 11:55:43";"Arms";"2681";"Tricep Push down Spreader Bar";"Note";"";"";"";"";"";"10-12
3";""
"478";"2026-07-31 11:55:43";"Arms";"2681";"Tricep Push down Spreader Bar";"1";"47.5";"13";"";"";"";"";""
"478";"2026-07-31 11:55:43";"Arms";"2681";"Tricep Push down Spreader Bar";"Rest Timer";"";"";"";"";"60.0";"";""
"478";"2026-07-31 11:55:43";"Arms";"2681";"Spider Curl Cable";"Note";"";"";"";"";"";"10-12
Lowest
2";""
"478";"2026-07-31 11:55:43";"Arms";"2681";"Spider Curl Cable";"1";"20.0";"14";"";"";"";"";""
"478";"2026-07-31 11:55:43";"Arms";"2681";"Spider Curl Cable";"Rest Timer";"";"";"";"";"60.0";"";""
"478";"2026-07-31 11:55:43";"Arms";"2681";"Tricep Extension Cable Overhead";"Note";"";"";"";"";"";"Seat 1
Lowest
8-10";""
"478";"2026-07-31 11:55:43";"Arms";"2681";"Tricep Extension Cable Overhead";"1";"55.0";"11";"";"";"";"";""
"478";"2026-07-31 11:55:43";"Arms";"2681";"Tricep Extension Cable Overhead";"Rest Timer";"";"";"";"";"60.0";"";""
"478";"2026-07-31 11:55:43";"Arms";"2681";"Bayesian Hammer Curl Cable";"Note";"";"";"";"";"";"8-10
13";""
"478";"2026-07-31 11:55:43";"Arms";"2681";"Bayesian Hammer Curl Cable";"1";"22.5";"9";"";"";"";"";""
"478";"2026-07-31 11:55:43";"Arms";"2681";"Bayesian Hammer Curl Cable";"Rest Timer";"";"";"";"";"60.0";"";""
"478";"2026-07-31 11:55:43";"Arms";"2681";"Cable Single Arm Overhead Extension";"Note";"";"";"";"";"";"12-15";""
"478";"2026-07-31 11:55:43";"Arms";"2681";"Cable Single Arm Overhead Extension";"1";"10.0";"15";"";"";"";"";""
"478";"2026-07-31 11:55:43";"Arms";"2681";"Cable Single Arm Overhead Extension";"Rest Timer";"";"";"";"";"60.0";"";""
"478";"2026-07-31 11:55:43";"Arms";"2681";"Spider Hammer Curl Cable";"Note";"";"";"";"";"";"12-15";""
"478";"2026-07-31 11:55:43";"Arms";"2681";"Spider Hammer Curl Cable";"1";"15.0";"15";"";"";"";"";""
"478";"2026-07-31 11:55:43";"Arms";"2681";"Spider Hammer Curl Cable";"Rest Timer";"";"";"";"";"60.0";"";""
"479";"2026-08-01 12:57:45";"Leg";"3345";"Squat (Smith Machine)";"Note";"";"";"";"";"";"Support 2
6-8/12-15
Ball of foot just before elevation";""
"479";"2026-08-01 12:57:45";"Leg";"3345";"Squat (Smith Machine)";"W";"30.0";"5";"";"";"";"";""
"479";"2026-08-01 12:57:45";"Leg";"3345";"Squat (Smith Machine)";"1";"60.0";"8";"";"";"";"";""
"479";"2026-08-01 12:57:45";"Leg";"3345";"Squat (Smith Machine)";"Rest Timer";"";"";"";"";"180.0";"";""
"479";"2026-08-01 12:57:45";"Leg";"3345";"Standing Calf Raise (Smith Machine)";"Note";"";"";"";"";"";"12-15
Platform 2";""
"479";"2026-08-01 12:57:45";"Leg";"3345";"Standing Calf Raise (Smith Machine)";"1";"7.5";"14";"";"";"";"";""
"479";"2026-08-01 12:57:45";"Leg";"3345";"Standing Calf Raise (Smith Machine)";"Rest Timer";"";"";"";"";"120.0";"";""
"479";"2026-08-01 12:57:45";"Leg";"3345";"Smith Squat No Lockout";"Note";"";"";"";"";"";"12-15";""
"479";"2026-08-01 12:57:45";"Leg";"3345";"Smith Squat No Lockout";"1";"20.0";"16";"";"";"";"";""
"479";"2026-08-01 12:57:45";"Leg";"3345";"Smith Squat No Lockout";"Rest Timer";"";"";"";"";"120.0";"";""
"479";"2026-08-01 12:57:45";"Leg";"3345";"Smith Sitting Calf Raise";"Note";"";"";"";"";"";"15-20";""
"479";"2026-08-01 12:57:45";"Leg";"3345";"Smith Sitting Calf Raise";"1";"30.0";"22";"";"";"";"";""
"479";"2026-08-01 12:57:45";"Leg";"3345";"Smith Sitting Calf Raise";"Rest Timer";"";"";"";"";"120.0";"";""
"479";"2026-08-01 12:57:45";"Leg";"3345";"Romanian Deadlift Smith";"Note";"";"";"";"";"";"6-8";""
"479";"2026-08-01 12:57:45";"Leg";"3345";"Romanian Deadlift Smith";"W";"50.0";"5";"";"";"";"";""
"479";"2026-08-01 12:57:45";"Leg";"3345";"Romanian Deadlift Smith";"1";"105.0";"8";"";"";"";"";""
"479";"2026-08-01 12:57:45";"Leg";"3345";"Romanian Deadlift Smith";"Rest Timer";"";"";"";"";"180.0";"";""
"479";"2026-08-01 12:57:45";"Leg";"3345";"Split Squats Smith";"Note";"";"";"";"";"";"8-10/12-15";""
"479";"2026-08-01 12:57:45";"Leg";"3345";"Split Squats Smith";"1";"2.5";"10";"";"";"";"";""
"479";"2026-08-01 12:57:45";"Leg";"3345";"Split Squats Smith";"Rest Timer";"";"";"";"";"120.0";"";""
"479";"2026-08-01 12:57:45";"Leg";"3345";"Hamstring Curl with Cuff";"Note";"";"";"";"";"";"Lowest
10-12";""
"479";"2026-08-01 12:57:45";"Leg";"3345";"Hamstring Curl with Cuff";"1";"0.0";"13";"";"";"";"";""
"479";"2026-08-01 12:57:45";"Leg";"3345";"Hamstring Curl with Cuff";"Rest Timer";"";"";"";"";"120.0";"";""
"479";"2026-08-01 12:57:45";"Leg";"3345";"Glute Kickback (Machine)";"1";"20.0";"13";"";"";"";"";""
"479";"2026-08-01 12:57:45";"Leg";"3345";"Glute Kickback (Machine)";"Rest Timer";"";"";"";"";"120.0";"";""
"480";"2026-08-03 11:58:16";"Push";"2271";"Incline Bench Press (Smith Machine)";"Note";"";"";"";"";"";"6-8
4
Support 2
WIDET GRIP! Forearms should be straight at lowest point";""
"480";"2026-08-03 11:58:16";"Push";"2271";"Incline Bench Press (Smith Machine)";"W";"0.0";"5";"";"";"";"";""
"480";"2026-08-03 11:58:16";"Push";"2271";"Incline Bench Press (Smith Machine)";"W";"30.0";"5";"";"";"";"";""
"480";"2026-08-03 11:58:16";"Push";"2271";"Incline Bench Press (Smith Machine)";"W";"50.0";"5";"";"";"";"";""
"480";"2026-08-03 11:58:16";"Push";"2271";"Incline Bench Press (Smith Machine)";"1";"65.0";"9";"";"";"";"";""
"480";"2026-08-03 11:58:16";"Push";"2271";"Incline Bench Press (Smith Machine)";"Rest Timer";"";"";"";"";"180.0";"";""
"480";"2026-08-03 11:58:16";"Push";"2271";"Lateral Raise (Cable)";"Note";"";"";"";"";"";"8-10
10";""
"480";"2026-08-03 11:58:16";"Push";"2271";"Lateral Raise (Cable)";"W";"5.0";"5";"";"";"";"";""
"480";"2026-08-03 11:58:16";"Push";"2271";"Lateral Raise (Cable)";"W";"10.0";"5";"";"";"";"";""
"480";"2026-08-03 11:58:16";"Push";"2271";"Lateral Raise (Cable)";"W";"15.0";"5";"";"";"";"";""
"480";"2026-08-03 11:58:16";"Push";"2271";"Lateral Raise (Cable)";"1";"17.5";"9";"";"";"";"";""
"480";"2026-08-03 11:58:16";"Push";"2271";"Lateral Raise (Cable)";"Rest Timer";"";"";"";"";"60.0";"";""
"480";"2026-08-03 11:58:16";"Push";"2271";"Cable Press Incline ";"Note";"";"";"";"";"";"12-15";""
"480";"2026-08-03 11:58:16";"Push";"2271";"Cable Press Incline ";"1";"40.0";"15";"";"";"";"";""
"480";"2026-08-03 11:58:16";"Push";"2271";"Cable Press Incline ";"Rest Timer";"";"";"";"";"60.0";"";""
"480";"2026-08-03 11:58:16";"Push";"2271";"Lateral Raise Cable Leaning";"Note";"";"";"";"";"";"15-20";""
"480";"2026-08-03 11:58:16";"Push";"2271";"Lateral Raise Cable Leaning";"1";"5.0";"16";"";"";"";"";""
"480";"2026-08-03 11:58:16";"Push";"2271";"Lateral Raise Cable Leaning";"Rest Timer";"";"";"";"";"60.0";"";""
"480";"2026-08-03 11:58:16";"Push";"2271";"Decline Smith Press";"Note";"";"";"";"";"";"6-8
10";""
"480";"2026-08-03 11:58:16";"Push";"2271";"Decline Smith Press";"1";"70.0";"8";"";"";"";"";""
"480";"2026-08-03 11:58:16";"Push";"2271";"Decline Smith Press";"Rest Timer";"";"";"";"";"60.0";"";""
"480";"2026-08-03 11:58:16";"Push";"2271";"Chest Flies Cable Seated Heavy";"Note";"";"";"";"";"";"2
15
10-12";""
"480";"2026-08-03 11:58:16";"Push";"2271";"Chest Flies Cable Seated Heavy";"1";"25.0";"8";"";"";"";"";""
"480";"2026-08-03 11:58:16";"Push";"2271";"Chest Flies Cable Seated Heavy";"Rest Timer";"";"";"";"";"60.0";"";""
"480";"2026-08-03 11:58:16";"Push";"2271";"Cable Press Decline";"Note";"";"";"";"";"";"12-15
10";""
"480";"2026-08-03 11:58:16";"Push";"2271";"Cable Press Decline";"1";"25.0";"10";"";"";"";"";""
"480";"2026-08-03 11:58:16";"Push";"2271";"Cable Press Decline";"Rest Timer";"";"";"";"";"60.0";"";""
"480";"2026-08-03 11:58:16";"Push";"2271";"Chest Flies Cable Seated Volume";"Note";"";"";"";"";"";"15-20";""
"480";"2026-08-03 11:58:16";"Push";"2271";"Chest Flies Cable Seated Volume";"1";"10.0";"15";"";"";"";"";""
"480";"2026-08-03 11:58:16";"Push";"2271";"Chest Flies Cable Seated Volume";"Rest Timer";"";"";"";"";"60.0";"";""
"481";"2026-08-04 11:58:05";"Pull";"3450";"Pull Up";"Note";"";"";"";"";"";"6-8";""
"481";"2026-08-04 11:58:05";"Pull";"3450";"Pull Up";"1";"0.0";"8";"";"";"";"";""
"481";"2026-08-04 11:58:05";"Pull";"3450";"Pull Up";"Rest Timer";"";"";"";"";"60.0";"";""
"481";"2026-08-04 11:58:05";"Pull";"3450";"Low Cable Row Shoulder Width Neutral Grip";"Note";"";"";"";"";"";"6-8
15";""
"481";"2026-08-04 11:58:05";"Pull";"3450";"Low Cable Row Shoulder Width Neutral Grip";"1";"105.0";"11";"";"";"";"";""
"481";"2026-08-04 11:58:05";"Pull";"3450";"Low Cable Row Shoulder Width Neutral Grip";"Rest Timer";"";"";"";"";"60.0";"";""
"481";"2026-08-04 11:58:05";"Pull";"3450";"Lat Pulldown Neutral Grip";"Note";"";"";"";"";"";"10-12";""
"481";"2026-08-04 11:58:05";"Pull";"3450";"Lat Pulldown Neutral Grip";"1";"95.0";"11";"";"";"";"";""
"481";"2026-08-04 11:58:05";"Pull";"3450";"Lat Pulldown Neutral Grip";"Rest Timer";"";"";"";"";"60.0";"";""
"481";"2026-08-04 11:58:05";"Pull";"3450";"Jammer Arms Row Neutral Grip";"Note";"";"";"";"";"";"10-12
37";""
"481";"2026-08-04 11:58:05";"Pull";"3450";"Jammer Arms Row Neutral Grip";"W";"25.0";"10";"";"";"";"";""
"481";"2026-08-04 11:58:05";"Pull";"3450";"Jammer Arms Row Neutral Grip";"1";"30.0";"11";"";"";"";"";""
"481";"2026-08-04 11:58:05";"Pull";"3450";"Jammer Arms Row Neutral Grip";"Rest Timer";"";"";"";"";"60.0";"";""
"481";"2026-08-04 11:58:05";"Pull";"3450";"Chest Supported Kettle Shrug ";"Note";"";"";"";"";"";"8-10
2";""
"481";"2026-08-04 11:58:05";"Pull";"3450";"Chest Supported Kettle Shrug ";"1";"35.0";"8";"";"";"";"";""
"481";"2026-08-04 11:58:05";"Pull";"3450";"Chest Supported Kettle Shrug ";"Rest Timer";"";"";"";"";"60.0";"";""
"481";"2026-08-04 11:58:05";"Pull";"3450";"Scapular Depressions Cable";"Note";"";"";"";"";"";"10-12";""
"481";"2026-08-04 11:58:05";"Pull";"3450";"Scapular Depressions Cable";"1";"125.0";"14";"";"";"";"";""
"481";"2026-08-04 11:58:05";"Pull";"3450";"Scapular Depressions Cable";"Rest Timer";"";"";"";"";"60.0";"";""
"481";"2026-08-04 11:58:05";"Pull";"3450";"Shrug Cable Leaning Back";"Note";"";"";"";"";"";"15
15-20
2";""
"481";"2026-08-04 11:58:05";"Pull";"3450";"Shrug Cable Leaning Back";"1";"85.0";"20";"";"";"";"";""
"481";"2026-08-04 11:58:05";"Pull";"3450";"Shrug Cable Leaning Back";"Rest Timer";"";"";"";"";"60.0";"";""
"481";"2026-08-04 11:58:05";"Pull";"3450";"Pullover Seated Rope Cable ";"Note";"";"";"";"";"";"2
2
12-15";""
"481";"2026-08-04 11:58:05";"Pull";"3450";"Pullover Seated Rope Cable ";"1";"60.0";"13";"";"";"";"";""
"481";"2026-08-04 11:58:05";"Pull";"3450";"Rear Delt Row Chest Supported";"Note";"";"";"";"";"";"8-10
14";""
"481";"2026-08-04 11:58:05";"Pull";"3450";"Rear Delt Row Chest Supported";"1";"75.0";"8";"";"";"";"";""
"481";"2026-08-04 11:58:05";"Pull";"3450";"Rear Delt Row Chest Supported";"Rest Timer";"";"";"";"";"60.0";"";""
"481";"2026-08-04 11:58:05";"Pull";"3450";"Reverse Fly (Cable)";"Note";"";"";"";"";"";"5
12-15";""
"481";"2026-08-04 11:58:05";"Pull";"3450";"Reverse Fly (Cable)";"1";"7.5";"14";"";"";"";"";""
"481";"2026-08-04 11:58:05";"Pull";"3450";"Reverse Fly (Cable)";"Rest Timer";"";"";"";"";"60.0";"";""
"482";"2026-08-07 12:19:54";"Arms";"2093";"JM Press";"Note";"";"";"";"";"";"6-8
Support 1";"Hit:tri push down, spider curls "
"482";"2026-08-07 12:19:54";"Arms";"2093";"JM Press";"W";"30.0";"6";"";"";"";"";"Hit:tri push down, spider curls "
"482";"2026-08-07 12:19:54";"Arms";"2093";"JM Press";"1";"65.0";"9";"";"";"";"";"Hit:tri push down, spider curls "
"482";"2026-08-07 12:19:54";"Arms";"2093";"JM Press";"Rest Timer";"";"";"";"";"180.0";"";"Hit:tri push down, spider curls "
"482";"2026-08-07 12:19:54";"Arms";"2093";"Bayesian Cable Curl";"Note";"";"";"";"";"";"6-8
13";"Hit:tri push down, spider curls "
"482";"2026-08-07 12:19:54";"Arms";"2093";"Bayesian Cable Curl";"W";"5.0";"12";"";"";"";"";"Hit:tri push down, spider curls "
"482";"2026-08-07 12:19:54";"Arms";"2093";"Bayesian Cable Curl";"W";"10.0";"5";"";"";"";"";"Hit:tri push down, spider curls "
"482";"2026-08-07 12:19:54";"Arms";"2093";"Bayesian Cable Curl";"1";"25.0";"7";"";"";"";"";"Hit:tri push down, spider curls "
"482";"2026-08-07 12:19:54";"Arms";"2093";"Bayesian Cable Curl";"Rest Timer";"";"";"";"";"60.0";"";"Hit:tri push down, spider curls "
"482";"2026-08-07 12:19:54";"Arms";"2093";"Tricep Push down Spreader Bar";"Note";"";"";"";"";"";"10-12
3";"Hit:tri push down, spider curls "
"482";"2026-08-07 12:19:54";"Arms";"2093";"Tricep Push down Spreader Bar";"1";"50.0";"11";"";"";"";"";"Hit:tri push down, spider curls "
"482";"2026-08-07 12:19:54";"Arms";"2093";"Tricep Push down Spreader Bar";"Rest Timer";"";"";"";"";"60.0";"";"Hit:tri push down, spider curls "
"482";"2026-08-07 12:19:54";"Arms";"2093";"Spider Curl Cable";"Note";"";"";"";"";"";"10-12
Lowest
2";"Hit:tri push down, spider curls "
"482";"2026-08-07 12:19:54";"Arms";"2093";"Spider Curl Cable";"1";"25.0";"14";"";"";"";"";"Hit:tri push down, spider curls "
"482";"2026-08-07 12:19:54";"Arms";"2093";"Spider Curl Cable";"Rest Timer";"";"";"";"";"60.0";"";"Hit:tri push down, spider curls "
"482";"2026-08-07 12:19:54";"Arms";"2093";"Tricep Extension Cable Overhead";"Note";"";"";"";"";"";"Seat 1
Lowest
8-10";"Hit:tri push down, spider curls "
"482";"2026-08-07 12:19:54";"Arms";"2093";"Tricep Extension Cable Overhead";"1";"60.0";"9";"";"";"";"";"Hit:tri push down, spider curls "
"482";"2026-08-07 12:19:54";"Arms";"2093";"Tricep Extension Cable Overhead";"Rest Timer";"";"";"";"";"60.0";"";"Hit:tri push down, spider curls "
"482";"2026-08-07 12:19:54";"Arms";"2093";"Bayesian Hammer Curl Cable";"Note";"";"";"";"";"";"8-10
13";"Hit:tri push down, spider curls "
"482";"2026-08-07 12:19:54";"Arms";"2093";"Bayesian Hammer Curl Cable";"1";"22.5";"10";"";"";"";"";"Hit:tri push down, spider curls "
"482";"2026-08-07 12:19:54";"Arms";"2093";"Bayesian Hammer Curl Cable";"Rest Timer";"";"";"";"";"60.0";"";"Hit:tri push down, spider curls "
"482";"2026-08-07 12:19:54";"Arms";"2093";"Cable Single Arm Overhead Extension";"Note";"";"";"";"";"";"12-15";"Hit:tri push down, spider curls "
"482";"2026-08-07 12:19:54";"Arms";"2093";"Cable Single Arm Overhead Extension";"1";"12.5";"10";"";"";"";"";"Hit:tri push down, spider curls "
"482";"2026-08-07 12:19:54";"Arms";"2093";"Cable Single Arm Overhead Extension";"Rest Timer";"";"";"";"";"60.0";"";"Hit:tri push down, spider curls "
"482";"2026-08-07 12:19:54";"Arms";"2093";"Spider Hammer Curl Cable";"Note";"";"";"";"";"";"12-15";"Hit:tri push down, spider curls "
"482";"2026-08-07 12:19:54";"Arms";"2093";"Spider Hammer Curl Cable";"1";"20.0";"12";"";"";"";"";"Hit:tri push down, spider curls "
"482";"2026-08-07 12:19:54";"Arms";"2093";"Spider Hammer Curl Cable";"Rest Timer";"";"";"";"";"60.0";"";"Hit:tri push down, spider curls "
"483";"2026-08-08 14:14:04";"Leg";"4105";"Squat (Smith Machine)";"Note";"";"";"";"";"";"Support 2
6-8
Ball of foot just before elevation";""
"483";"2026-08-08 14:14:04";"Leg";"4105";"Squat (Smith Machine)";"W";"0.0";"5";"";"";"";"";""
"483";"2026-08-08 14:14:04";"Leg";"4105";"Squat (Smith Machine)";"W";"30.0";"3";"";"";"";"";""
"483";"2026-08-08 14:14:04";"Leg";"4105";"Squat (Smith Machine)";"W";"50.0";"3";"";"";"";"";""
"483";"2026-08-08 14:14:04";"Leg";"4105";"Squat (Smith Machine)";"1";"60.0";"10";"";"";"";"";""
"483";"2026-08-08 14:14:04";"Leg";"4105";"Squat (Smith Machine)";"Rest Timer";"";"";"";"";"180.0";"";""
"483";"2026-08-08 14:14:04";"Leg";"4105";"Standing Calf Raise (Smith Machine)";"Note";"";"";"";"";"";"6-8
Platform 2
Use smith";""
"483";"2026-08-08 14:14:04";"Leg";"4105";"Standing Calf Raise (Smith Machine)";"1";"5.0";"8";"";"";"";"";""
"483";"2026-08-08 14:14:04";"Leg";"4105";"Standing Calf Raise (Smith Machine)";"Rest Timer";"";"";"";"";"120.0";"";""
"483";"2026-08-08 14:14:04";"Leg";"4105";"Smith Squat No Lockout";"Note";"";"";"";"";"";"12-15";""
"483";"2026-08-08 14:14:04";"Leg";"4105";"Smith Squat No Lockout";"1";"25.0";"15";"";"";"";"";""
"483";"2026-08-08 14:14:04";"Leg";"4105";"Smith Squat No Lockout";"Rest Timer";"";"";"";"";"120.0";"";""
"483";"2026-08-08 14:14:04";"Leg";"4105";"Smith Sitting Calf Raise";"Note";"";"";"";"";"";"15-20";""
"483";"2026-08-08 14:14:04";"Leg";"4105";"Smith Sitting Calf Raise";"1";"35.0";"22";"";"";"";"";""
"483";"2026-08-08 14:14:04";"Leg";"4105";"Smith Sitting Calf Raise";"Rest Timer";"";"";"";"";"120.0";"";""
"483";"2026-08-08 14:14:04";"Leg";"4105";"Romanian Deadlift Smith";"Note";"";"";"";"";"";"6-8
2 second descent";""
"483";"2026-08-08 14:14:04";"Leg";"4105";"Romanian Deadlift Smith";"W";"52.5";"3";"";"";"";"";""
"483";"2026-08-08 14:14:04";"Leg";"4105";"Romanian Deadlift Smith";"W";"85.0";"3";"";"";"";"";""
"483";"2026-08-08 14:14:04";"Leg";"4105";"Romanian Deadlift Smith";"1";"105.0";"9";"";"";"";"";""
"483";"2026-08-08 14:14:04";"Leg";"4105";"Romanian Deadlift Smith";"Rest Timer";"";"";"";"";"180.0";"";""
"483";"2026-08-08 14:14:04";"Leg";"4105";"Split Squats Smith";"Note";"";"";"";"";"";"8-10";""
"483";"2026-08-08 14:14:04";"Leg";"4105";"Split Squats Smith";"1";"10.0";"10";"";"";"";"";""
"483";"2026-08-08 14:14:04";"Leg";"4105";"Split Squats Smith";"Rest Timer";"";"";"";"";"120.0";"";""
"483";"2026-08-08 14:14:04";"Leg";"4105";"Hamstring Curl with Cuff";"Note";"";"";"";"";"";"Lowest
10-12";""
"483";"2026-08-08 14:14:04";"Leg";"4105";"Hamstring Curl with Cuff";"1";"2.5";"10";"";"";"";"";""
"483";"2026-08-08 14:14:04";"Leg";"4105";"Hamstring Curl with Cuff";"Rest Timer";"";"";"";"";"120.0";"";""
"483";"2026-08-08 14:14:04";"Leg";"4105";"Glute Kickback (Machine)";"Note";"";"";"";"";"";"10-12";""
"483";"2026-08-08 14:14:04";"Leg";"4105";"Glute Kickback (Machine)";"1";"20.0";"13";"";"";"";"";""
"483";"2026-08-08 14:14:04";"Leg";"4105";"Glute Kickback (Machine)";"Rest Timer";"";"";"";"";"120.0";"";""
"484";"2026-08-10 12:03:42";"Push";"2645";"Incline Bench Press (Smith Machine)";"Note";"";"";"";"";"";"6-8
Support 2";""
"484";"2026-08-10 12:03:42";"Push";"2645";"Incline Bench Press (Smith Machine)";"W";"0.0";"5";"";"";"";"";""
"484";"2026-08-10 12:03:42";"Push";"2645";"Incline Bench Press (Smith Machine)";"W";"30.0";"5";"";"";"";"";""
"484";"2026-08-10 12:03:42";"Push";"2645";"Incline Bench Press (Smith Machine)";"W";"50.0";"5";"";"";"";"";""
"484";"2026-08-10 12:03:42";"Push";"2645";"Incline Bench Press (Smith Machine)";"1";"70.0";"9";"";"";"";"";""
"484";"2026-08-10 12:03:42";"Push";"2645";"Incline Bench Press (Smith Machine)";"Rest Timer";"";"";"";"";"180.0";"";""
"484";"2026-08-10 12:03:42";"Push";"2645";"Lateral Raise (Cable)";"Note";"";"";"";"";"";"8-10
10";""
"484";"2026-08-10 12:03:42";"Push";"2645";"Lateral Raise (Cable)";"W";"5.0";"5";"";"";"";"";""
"484";"2026-08-10 12:03:42";"Push";"2645";"Lateral Raise (Cable)";"W";"10.0";"5";"";"";"";"";""
"484";"2026-08-10 12:03:42";"Push";"2645";"Lateral Raise (Cable)";"W";"15.0";"5";"";"";"";"";""
"484";"2026-08-10 12:03:42";"Push";"2645";"Lateral Raise (Cable)";"1";"17.5";"10";"";"";"";"";""
"484";"2026-08-10 12:03:42";"Push";"2645";"Lateral Raise (Cable)";"Rest Timer";"";"";"";"";"60.0";"";""
"484";"2026-08-10 12:03:42";"Push";"2645";"Cable Press Incline ";"Note";"";"";"";"";"";"12-15";""
"484";"2026-08-10 12:03:42";"Push";"2645";"Cable Press Incline ";"1";"45.0";"13";"";"";"";"";""
"484";"2026-08-10 12:03:42";"Push";"2645";"Cable Press Incline ";"Rest Timer";"";"";"";"";"60.0";"";""
"484";"2026-08-10 12:03:42";"Push";"2645";"Lateral Raise Cable Leaning";"Note";"";"";"";"";"";"15-20";""
"484";"2026-08-10 12:03:42";"Push";"2645";"Lateral Raise Cable Leaning";"1";"5.0";"18";"";"";"";"";""
"484";"2026-08-10 12:03:42";"Push";"2645";"Lateral Raise Cable Leaning";"Rest Timer";"";"";"";"";"60.0";"";""
"484";"2026-08-10 12:03:42";"Push";"2645";"Decline Smith Press";"Note";"";"";"";"";"";"6-8
10";""
"484";"2026-08-10 12:03:42";"Push";"2645";"Decline Smith Press";"1";"70.0";"8";"";"";"";"";""
"484";"2026-08-10 12:03:42";"Push";"2645";"Decline Smith Press";"Rest Timer";"";"";"";"";"60.0";"";""
"484";"2026-08-10 12:03:42";"Push";"2645";"Chest Flies Cable Seated Heavy";"Note";"";"";"";"";"";"2
15
10-12";""
"484";"2026-08-10 12:03:42";"Push";"2645";"Chest Flies Cable Seated Heavy";"1";"20.0";"10";"";"";"";"";""
"484";"2026-08-10 12:03:42";"Push";"2645";"Chest Flies Cable Seated Heavy";"Rest Timer";"";"";"";"";"60.0";"";""
"484";"2026-08-10 12:03:42";"Push";"2645";"Cable Press Decline";"Note";"";"";"";"";"";"12-15
10";""
"484";"2026-08-10 12:03:42";"Push";"2645";"Cable Press Decline";"1";"25.0";"10";"";"";"";"";""
"484";"2026-08-10 12:03:42";"Push";"2645";"Cable Press Decline";"Rest Timer";"";"";"";"";"60.0";"";""
"484";"2026-08-10 12:03:42";"Push";"2645";"Chest Flies Cable Seated Volume";"Note";"";"";"";"";"";"15-20";""
"484";"2026-08-10 12:03:42";"Push";"2645";"Chest Flies Cable Seated Volume";"1";"10.0";"18";"";"";"";"";""
"484";"2026-08-10 12:03:42";"Push";"2645";"Chest Flies Cable Seated Volume";"Rest Timer";"";"";"";"";"60.0";"";""
"485";"2026-08-11 12:06:02";"Pull";"2940";"Pull Up";"Note";"";"";"";"";"";"6-8";"Hit: leaning shrugs, pullovers, rear delt flies"
"485";"2026-08-11 12:06:02";"Pull";"2940";"Pull Up";"1";"5.0";"8";"";"";"";"";"Hit: leaning shrugs, pullovers, rear delt flies"
"485";"2026-08-11 12:06:02";"Pull";"2940";"Pull Up";"Rest Timer";"";"";"";"";"60.0";"";"Hit: leaning shrugs, pullovers, rear delt flies"
"485";"2026-08-11 12:06:02";"Pull";"2940";"Low Cable Row Shoulder Width Neutral Grip";"Note";"";"";"";"";"";"6-8
15";"Hit: leaning shrugs, pullovers, rear delt flies"
"485";"2026-08-11 12:06:02";"Pull";"2940";"Low Cable Row Shoulder Width Neutral Grip";"1";"110.0";"9";"";"";"";"";"Hit: leaning shrugs, pullovers, rear delt flies"
"485";"2026-08-11 12:06:02";"Pull";"2940";"Low Cable Row Shoulder Width Neutral Grip";"Rest Timer";"";"";"";"";"60.0";"";"Hit: leaning shrugs, pullovers, rear delt flies"
"485";"2026-08-11 12:06:02";"Pull";"2940";"Lat Pulldown Neutral Grip";"Note";"";"";"";"";"";"10-12";"Hit: leaning shrugs, pullovers, rear delt flies"
"485";"2026-08-11 12:06:02";"Pull";"2940";"Lat Pulldown Neutral Grip";"1";"95.0";"11";"";"";"";"";"Hit: leaning shrugs, pullovers, rear delt flies"
"485";"2026-08-11 12:06:02";"Pull";"2940";"Lat Pulldown Neutral Grip";"Rest Timer";"";"";"";"";"60.0";"";"Hit: leaning shrugs, pullovers, rear delt flies"
"485";"2026-08-11 12:06:02";"Pull";"2940";"Jammer Arms Row Neutral Grip";"Note";"";"";"";"";"";"10-12
37";"Hit: leaning shrugs, pullovers, rear delt flies"
"485";"2026-08-11 12:06:02";"Pull";"2940";"Jammer Arms Row Neutral Grip";"1";"30.0";"13";"";"";"";"";"Hit: leaning shrugs, pullovers, rear delt flies"
"485";"2026-08-11 12:06:02";"Pull";"2940";"Jammer Arms Row Neutral Grip";"Rest Timer";"";"";"";"";"60.0";"";"Hit: leaning shrugs, pullovers, rear delt flies"
"485";"2026-08-11 12:06:02";"Pull";"2940";"Shrug Smith Chest Supported ";"Note";"";"";"";"";"";"2
10-12
Secure bench";"Hit: leaning shrugs, pullovers, rear delt flies"
"485";"2026-08-11 12:06:02";"Pull";"2940";"Shrug Smith Chest Supported ";"1";"40.0";"13";"";"";"";"";"Hit: leaning shrugs, pullovers, rear delt flies"
"485";"2026-08-11 12:06:02";"Pull";"2940";"Shrug Smith Chest Supported ";"Rest Timer";"";"";"";"";"120.0";"";"Hit: leaning shrugs, pullovers, rear delt flies"
"485";"2026-08-11 12:06:02";"Pull";"2940";"Scapular Depressions Hanging";"Note";"";"";"";"";"";"10-12";"Hit: leaning shrugs, pullovers, rear delt flies"
"485";"2026-08-11 12:06:02";"Pull";"2940";"Scapular Depressions Hanging";"1";"0.0";"13";"";"";"";"";"Hit: leaning shrugs, pullovers, rear delt flies"
"485";"2026-08-11 12:06:02";"Pull";"2940";"Scapular Depressions Hanging";"Rest Timer";"";"";"";"";"60.0";"";"Hit: leaning shrugs, pullovers, rear delt flies"
"485";"2026-08-11 12:06:02";"Pull";"2940";"Shrug Cable Leaning Back";"Note";"";"";"";"";"";"15
15-20
2";"Hit: leaning shrugs, pullovers, rear delt flies"
"485";"2026-08-11 12:06:02";"Pull";"2940";"Shrug Cable Leaning Back";"1";"85.0";"23";"";"";"";"";"Hit: leaning shrugs, pullovers, rear delt flies"
"485";"2026-08-11 12:06:02";"Pull";"2940";"Shrug Cable Leaning Back";"Rest Timer";"";"";"";"";"60.0";"";"Hit: leaning shrugs, pullovers, rear delt flies"
"485";"2026-08-11 12:06:02";"Pull";"2940";"Pullover Seated Rope Cable ";"Note";"";"";"";"";"";"2
2
12-15";"Hit: leaning shrugs, pullovers, rear delt flies"
"485";"2026-08-11 12:06:02";"Pull";"2940";"Pullover Seated Rope Cable ";"1";"60.0";"14";"";"";"";"";"Hit: leaning shrugs, pullovers, rear delt flies"
"485";"2026-08-11 12:06:02";"Pull";"2940";"Rear Delt Row Chest Supported";"Note";"";"";"";"";"";"8-10
14";"Hit: leaning shrugs, pullovers, rear delt flies"
"485";"2026-08-11 12:06:02";"Pull";"2940";"Rear Delt Row Chest Supported";"1";"75.0";"11";"";"";"";"";"Hit: leaning shrugs, pullovers, rear delt flies"
"485";"2026-08-11 12:06:02";"Pull";"2940";"Rear Delt Row Chest Supported";"Rest Timer";"";"";"";"";"60.0";"";"Hit: leaning shrugs, pullovers, rear delt flies"
"485";"2026-08-11 12:06:02";"Pull";"2940";"Reverse Fly (Cable)";"Note";"";"";"";"";"";"5
12-15";"Hit: leaning shrugs, pullovers, rear delt flies"
"485";"2026-08-11 12:06:02";"Pull";"2940";"Reverse Fly (Cable)";"1";"7.5";"16";"";"";"";"";"Hit: leaning shrugs, pullovers, rear delt flies"
"485";"2026-08-11 12:06:02";"Pull";"2940";"Reverse Fly (Cable)";"Rest Timer";"";"";"";"";"60.0";"";"Hit: leaning shrugs, pullovers, rear delt flies"
"486";"2026-08-14 12:15:59";"Arms";"3217";"JM Press";"Note";"";"";"";"";"";"6-8
Support 1";"Hit:tri push down, spider curls "
"486";"2026-08-14 12:15:59";"Arms";"3217";"JM Press";"W";"30.0";"6";"";"";"";"";"Hit:tri push down, spider curls "
"486";"2026-08-14 12:15:59";"Arms";"3217";"JM Press";"1";"70.0";"8";"";"";"";"";"Hit:tri push down, spider curls "
"486";"2026-08-14 12:15:59";"Arms";"3217";"JM Press";"Rest Timer";"";"";"";"";"180.0";"";"Hit:tri push down, spider curls "
"486";"2026-08-14 12:15:59";"Arms";"3217";"Bayesian Cable Curl";"Note";"";"";"";"";"";"6-8
13";"Hit:tri push down, spider curls "
"486";"2026-08-14 12:15:59";"Arms";"3217";"Bayesian Cable Curl";"W";"5.0";"12";"";"";"";"";"Hit:tri push down, spider curls "
"486";"2026-08-14 12:15:59";"Arms";"3217";"Bayesian Cable Curl";"W";"10.0";"5";"";"";"";"";"Hit:tri push down, spider curls "
"486";"2026-08-14 12:15:59";"Arms";"3217";"Bayesian Cable Curl";"1";"25.0";"7";"";"";"";"";"Hit:tri push down, spider curls "
"486";"2026-08-14 12:15:59";"Arms";"3217";"Bayesian Cable Curl";"Rest Timer";"";"";"";"";"60.0";"";"Hit:tri push down, spider curls "
"486";"2026-08-14 12:15:59";"Arms";"3217";"Tricep Push down Spreader Bar";"Note";"";"";"";"";"";"10-12
3";"Hit:tri push down, spider curls "
"486";"2026-08-14 12:15:59";"Arms";"3217";"Tricep Push down Spreader Bar";"1";"50.0";"13";"";"";"";"";"Hit:tri push down, spider curls "
"486";"2026-08-14 12:15:59";"Arms";"3217";"Tricep Push down Spreader Bar";"Rest Timer";"";"";"";"";"60.0";"";"Hit:tri push down, spider curls "
"486";"2026-08-14 12:15:59";"Arms";"3217";"Spider Curl Cable";"Note";"";"";"";"";"";"10-12
Lowest
2";"Hit:tri push down, spider curls "
"486";"2026-08-14 12:15:59";"Arms";"3217";"Spider Curl Cable";"1";"30.0";"10";"";"";"";"";"Hit:tri push down, spider curls "
"486";"2026-08-14 12:15:59";"Arms";"3217";"Spider Curl Cable";"Rest Timer";"";"";"";"";"60.0";"";"Hit:tri push down, spider curls "
"486";"2026-08-14 12:15:59";"Arms";"3217";"Tricep Extension Cable Overhead";"Note";"";"";"";"";"";"1
11
8-10";"Hit:tri push down, spider curls "
"486";"2026-08-14 12:15:59";"Arms";"3217";"Tricep Extension Cable Overhead";"1";"60.0";"9";"";"";"";"";"Hit:tri push down, spider curls "
"486";"2026-08-14 12:15:59";"Arms";"3217";"Tricep Extension Cable Overhead";"Rest Timer";"";"";"";"";"60.0";"";"Hit:tri push down, spider curls "
"486";"2026-08-14 12:15:59";"Arms";"3217";"Bayesian Hammer Curl Cable";"Note";"";"";"";"";"";"8-10
13";"Hit:tri push down, spider curls "
"486";"2026-08-14 12:15:59";"Arms";"3217";"Bayesian Hammer Curl Cable";"1";"22.5";"9";"";"";"";"";"Hit:tri push down, spider curls "
"486";"2026-08-14 12:15:59";"Arms";"3217";"Bayesian Hammer Curl Cable";"Rest Timer";"";"";"";"";"60.0";"";"Hit:tri push down, spider curls "
"486";"2026-08-14 12:15:59";"Arms";"3217";"Cable Single Arm Overhead Extension";"Note";"";"";"";"";"";"12-15";"Hit:tri push down, spider curls "
"486";"2026-08-14 12:15:59";"Arms";"3217";"Cable Single Arm Overhead Extension";"1";"10.0";"12";"";"";"";"";"Hit:tri push down, spider curls "
"486";"2026-08-14 12:15:59";"Arms";"3217";"Cable Single Arm Overhead Extension";"Rest Timer";"";"";"";"";"60.0";"";"Hit:tri push down, spider curls "
"486";"2026-08-14 12:15:59";"Arms";"3217";"Spider Hammer Curl Cable";"Note";"";"";"";"";"";"12-15";"Hit:tri push down, spider curls "
"486";"2026-08-14 12:15:59";"Arms";"3217";"Spider Hammer Curl Cable";"1";"20.0";"12";"";"";"";"";"Hit:tri push down, spider curls "
"486";"2026-08-14 12:15:59";"Arms";"3217";"Spider Hammer Curl Cable";"Rest Timer";"";"";"";"";"60.0";"";"Hit:tri push down, spider curls "
"487";"2026-08-15 13:16:03";"Leg";"3257";"Squat (Smith Machine)";"Note";"";"";"";"";"";"Support 2
6-8";""
"487";"2026-08-15 13:16:03";"Leg";"3257";"Squat (Smith Machine)";"W";"0.0";"5";"";"";"";"";""
"487";"2026-08-15 13:16:03";"Leg";"3257";"Squat (Smith Machine)";"W";"30.0";"3";"";"";"";"";""
"487";"2026-08-15 13:16:03";"Leg";"3257";"Squat (Smith Machine)";"W";"50.0";"3";"";"";"";"";""
"487";"2026-08-15 13:16:03";"Leg";"3257";"Squat (Smith Machine)";"1";"65.0";"7";"";"";"";"";""
"487";"2026-08-15 13:16:03";"Leg";"3257";"Squat (Smith Machine)";"Rest Timer";"";"";"";"";"180.0";"";""
"487";"2026-08-15 13:16:03";"Leg";"3257";"Romanian Deadlift Smith";"Note";"";"";"";"";"";"6-8";""
"487";"2026-08-15 13:16:03";"Leg";"3257";"Romanian Deadlift Smith";"W";"52.5";"3";"";"";"";"";""
"487";"2026-08-15 13:16:03";"Leg";"3257";"Romanian Deadlift Smith";"W";"85.0";"3";"";"";"";"";""
"487";"2026-08-15 13:16:03";"Leg";"3257";"Romanian Deadlift Smith";"1";"110.0";"6";"";"";"";"";""
"487";"2026-08-15 13:16:03";"Leg";"3257";"Romanian Deadlift Smith";"Rest Timer";"";"";"";"";"180.0";"";""
"487";"2026-08-15 13:16:03";"Leg";"3257";"Smith Squat No Lockout";"Note";"";"";"";"";"";"12-15";""
"487";"2026-08-15 13:16:03";"Leg";"3257";"Smith Squat No Lockout";"1";"30.0";"14";"";"";"";"";""
"487";"2026-08-15 13:16:03";"Leg";"3257";"Smith Squat No Lockout";"Rest Timer";"";"";"";"";"120.0";"";""
"487";"2026-08-15 13:16:03";"Leg";"3257";"Hamstring Curl with Cuff";"Note";"";"";"";"";"";"Lowest
10-12";""
"487";"2026-08-15 13:16:03";"Leg";"3257";"Hamstring Curl with Cuff";"1";"2.5";"10";"";"";"";"";""
"487";"2026-08-15 13:16:03";"Leg";"3257";"Hamstring Curl with Cuff";"Rest Timer";"";"";"";"";"120.0";"";""
"487";"2026-08-15 13:16:03";"Leg";"3257";"Split Squats Smith";"Note";"";"";"";"";"";"8-10";""
"487";"2026-08-15 13:16:03";"Leg";"3257";"Split Squats Smith";"1";"15.0";"14";"";"";"";"";""
"487";"2026-08-15 13:16:03";"Leg";"3257";"Split Squats Smith";"Rest Timer";"";"";"";"";"120.0";"";""
"487";"2026-08-15 13:16:03";"Leg";"3257";"Standing Calf Raise (Smith Machine)";"Note";"";"";"";"";"";"6-8
Platform 2
Use smith";""
"487";"2026-08-15 13:16:03";"Leg";"3257";"Standing Calf Raise (Smith Machine)";"1";"5.0";"7";"";"";"";"";""
"487";"2026-08-15 13:16:03";"Leg";"3257";"Standing Calf Raise (Smith Machine)";"Rest Timer";"";"";"";"";"120.0";"";""
"487";"2026-08-15 13:16:03";"Leg";"3257";"Glute Kickback (Machine)";"1";"20.0";"16";"";"";"";"";""
"487";"2026-08-15 13:16:03";"Leg";"3257";"Glute Kickback (Machine)";"Rest Timer";"";"";"";"";"120.0";"";""
"487";"2026-08-15 13:16:03";"Leg";"3257";"Smith Sitting Calf Raise";"Note";"";"";"";"";"";"15-20";""
"487";"2026-08-15 13:16:03";"Leg";"3257";"Smith Sitting Calf Raise";"1";"40.0";"19";"";"";"";"";""
"487";"2026-08-15 13:16:03";"Leg";"3257";"Smith Sitting Calf Raise";"Rest Timer";"";"";"";"";"120.0";"";""
"488";"2026-08-17 12:08:17";"Push";"2818";"Incline Bench Press (Smith Machine)";"Note";"";"";"";"";"";"6-8
4
Support 2
Wide grip";"Hit: lat raise, flies"
"488";"2026-08-17 12:08:17";"Push";"2818";"Incline Bench Press (Smith Machine)";"W";"0.0";"5";"";"";"";"";"Hit: lat raise, flies"
"488";"2026-08-17 12:08:17";"Push";"2818";"Incline Bench Press (Smith Machine)";"W";"30.0";"5";"";"";"";"";"Hit: lat raise, flies"
"488";"2026-08-17 12:08:17";"Push";"2818";"Incline Bench Press (Smith Machine)";"W";"50.0";"5";"";"";"";"";"Hit: lat raise, flies"
"488";"2026-08-17 12:08:17";"Push";"2818";"Incline Bench Press (Smith Machine)";"1";"75.0";"7";"";"";"";"";"Hit: lat raise, flies"
"488";"2026-08-17 12:08:17";"Push";"2818";"Incline Bench Press (Smith Machine)";"Rest Timer";"";"";"";"";"60.0";"";"Hit: lat raise, flies"
"488";"2026-08-17 12:08:17";"Push";"2818";"Lateral Raise (Cable)";"Note";"";"";"";"";"";"8-10
10
Stick weight";"Hit: lat raise, flies"
"488";"2026-08-17 12:08:17";"Push";"2818";"Lateral Raise (Cable)";"W";"5.0";"5";"";"";"";"";"Hit: lat raise, flies"
"488";"2026-08-17 12:08:17";"Push";"2818";"Lateral Raise (Cable)";"W";"10.0";"5";"";"";"";"";"Hit: lat raise, flies"
"488";"2026-08-17 12:08:17";"Push";"2818";"Lateral Raise (Cable)";"W";"15.0";"5";"";"";"";"";"Hit: lat raise, flies"
"488";"2026-08-17 12:08:17";"Push";"2818";"Lateral Raise (Cable)";"1";"17.5";"10";"";"";"";"";"Hit: lat raise, flies"
"488";"2026-08-17 12:08:17";"Push";"2818";"Lateral Raise (Cable)";"Rest Timer";"";"";"";"";"60.0";"";"Hit: lat raise, flies"
"488";"2026-08-17 12:08:17";"Push";"2818";"Cable Press Incline ";"Note";"";"";"";"";"";"12-15";"Hit: lat raise, flies"
"488";"2026-08-17 12:08:17";"Push";"2818";"Cable Press Incline ";"1";"45.0";"14";"";"";"";"";"Hit: lat raise, flies"
"488";"2026-08-17 12:08:17";"Push";"2818";"Cable Press Incline ";"Rest Timer";"";"";"";"";"60.0";"";"Hit: lat raise, flies"
"488";"2026-08-17 12:08:17";"Push";"2818";"Lateral Raise Cable Leaning";"Note";"";"";"";"";"";"15-20";"Hit: lat raise, flies"
"488";"2026-08-17 12:08:17";"Push";"2818";"Lateral Raise Cable Leaning";"1";"5.0";"21";"";"";"";"";"Hit: lat raise, flies"
"488";"2026-08-17 12:08:17";"Push";"2818";"Lateral Raise Cable Leaning";"Rest Timer";"";"";"";"";"60.0";"";"Hit: lat raise, flies"
"488";"2026-08-17 12:08:17";"Push";"2818";"Decline Smith Press";"Note";"";"";"";"";"";"6-8
10";"Hit: lat raise, flies"
"488";"2026-08-17 12:08:17";"Push";"2818";"Decline Smith Press";"1";"75.0";"7";"";"";"";"";"Hit: lat raise, flies"
"488";"2026-08-17 12:08:17";"Push";"2818";"Decline Smith Press";"Rest Timer";"";"";"";"";"90.0";"";"Hit: lat raise, flies"
"488";"2026-08-17 12:08:17";"Push";"2818";"Cable Press Decline";"Note";"";"";"";"";"";"12-15
10";"Hit: lat raise, flies"
"488";"2026-08-17 12:08:17";"Push";"2818";"Cable Press Decline";"1";"25.0";"16";"";"";"";"";"Hit: lat raise, flies"
"488";"2026-08-17 12:08:17";"Push";"2818";"Cable Press Decline";"Rest Timer";"";"";"";"";"90.0";"";"Hit: lat raise, flies"
"488";"2026-08-17 12:08:17";"Push";"2818";"Chest Flies Cable Seated Heavy";"Note";"";"";"";"";"";"2
15
10-12";"Hit: lat raise, flies"
"488";"2026-08-17 12:08:17";"Push";"2818";"Chest Flies Cable Seated Heavy";"1";"20.0";"10";"";"";"";"";"Hit: lat raise, flies"
"488";"2026-08-17 12:08:17";"Push";"2818";"Chest Flies Cable Seated Heavy";"Rest Timer";"";"";"";"";"90.0";"";"Hit: lat raise, flies"
"488";"2026-08-17 12:08:17";"Push";"2818";"Chest Flies Cable Seated Volume";"Note";"";"";"";"";"";"15-20
Flat press position
12";"Hit: lat raise, flies"
"488";"2026-08-17 12:08:17";"Push";"2818";"Chest Flies Cable Seated Volume";"1";"10.0";"21";"";"";"";"";"Hit: lat raise, flies"
"489";"2026-08-18 12:05:01";"Pull";"3177";"Pull Up";"Note";"";"";"";"";"";"6-8";"Hit: leaning shrugs, pullovers"
"489";"2026-08-18 12:05:01";"Pull";"3177";"Pull Up";"1";"10.0";"7";"";"";"";"";"Hit: leaning shrugs, pullovers"
"489";"2026-08-18 12:05:01";"Pull";"3177";"Pull Up";"Rest Timer";"";"";"";"";"60.0";"";"Hit: leaning shrugs, pullovers"
"489";"2026-08-18 12:05:01";"Pull";"3177";"Low Cable Row Shoulder Width Neutral Grip";"Note";"";"";"";"";"";"6-8
15";"Hit: leaning shrugs, pullovers"
"489";"2026-08-18 12:05:01";"Pull";"3177";"Low Cable Row Shoulder Width Neutral Grip";"1";"115.0";"7";"";"";"";"";"Hit: leaning shrugs, pullovers"
"489";"2026-08-18 12:05:01";"Pull";"3177";"Low Cable Row Shoulder Width Neutral Grip";"Rest Timer";"";"";"";"";"60.0";"";"Hit: leaning shrugs, pullovers"
"489";"2026-08-18 12:05:01";"Pull";"3177";"Lat Pulldown Neutral Grip";"Note";"";"";"";"";"";"10-12";"Hit: leaning shrugs, pullovers"
"489";"2026-08-18 12:05:01";"Pull";"3177";"Lat Pulldown Neutral Grip";"1";"95.0";"11";"";"";"";"";"Hit: leaning shrugs, pullovers"
"489";"2026-08-18 12:05:01";"Pull";"3177";"Lat Pulldown Neutral Grip";"Rest Timer";"";"";"";"";"60.0";"";"Hit: leaning shrugs, pullovers"
"489";"2026-08-18 12:05:01";"Pull";"3177";"Jammer Arms Row Neutral Grip";"Note";"";"";"";"";"";"10-12
37
Elbows in";"Hit: leaning shrugs, pullovers"
"489";"2026-08-18 12:05:01";"Pull";"3177";"Jammer Arms Row Neutral Grip";"1";"32.5";"11";"";"";"";"";"Hit: leaning shrugs, pullovers"
"489";"2026-08-18 12:05:01";"Pull";"3177";"Jammer Arms Row Neutral Grip";"Rest Timer";"";"";"";"";"60.0";"";"Hit: leaning shrugs, pullovers"
"489";"2026-08-18 12:05:01";"Pull";"3177";"Shrug Smith Chest Supported ";"Note";"";"";"";"";"";"2
10-12
Secure bench";"Hit: leaning shrugs, pullovers"
"489";"2026-08-18 12:05:01";"Pull";"3177";"Shrug Smith Chest Supported ";"1";"50.0";"13";"";"";"";"";"Hit: leaning shrugs, pullovers"
"489";"2026-08-18 12:05:01";"Pull";"3177";"Shrug Smith Chest Supported ";"Rest Timer";"";"";"";"";"120.0";"";"Hit: leaning shrugs, pullovers"
"489";"2026-08-18 12:05:01";"Pull";"3177";"Scapular Depressions Hanging";"Note";"";"";"";"";"";"10-12";"Hit: leaning shrugs, pullovers"
"489";"2026-08-18 12:05:01";"Pull";"3177";"Scapular Depressions Hanging";"1";"10.0";"11";"";"";"";"";"Hit: leaning shrugs, pullovers"
"489";"2026-08-18 12:05:01";"Pull";"3177";"Scapular Depressions Hanging";"Rest Timer";"";"";"";"";"60.0";"";"Hit: leaning shrugs, pullovers"
"489";"2026-08-18 12:05:01";"Pull";"3177";"Shrug Cable Leaning Back";"Note";"";"";"";"";"";"14
15-20
2
Roller seat position";"Hit: leaning shrugs, pullovers"
"489";"2026-08-18 12:05:01";"Pull";"3177";"Shrug Cable Leaning Back";"1";"95.0";"19";"";"";"";"";"Hit: leaning shrugs, pullovers"
"489";"2026-08-18 12:05:01";"Pull";"3177";"Shrug Cable Leaning Back";"Rest Timer";"";"";"";"";"60.0";"";"Hit: leaning shrugs, pullovers"
"489";"2026-08-18 12:05:01";"Pull";"3177";"Pullover Seated Rope Cable ";"Note";"";"";"";"";"";"2
2
12-15";"Hit: leaning shrugs, pullovers"
"489";"2026-08-18 12:05:01";"Pull";"3177";"Pullover Seated Rope Cable ";"1";"60.0";"15";"";"";"";"";"Hit: leaning shrugs, pullovers"
"489";"2026-08-18 12:05:01";"Pull";"3177";"Rear Delt Row Chest Supported";"Note";"";"";"";"";"";"8-10
14
Roller seat position";"Hit: leaning shrugs, pullovers"
"489";"2026-08-18 12:05:01";"Pull";"3177";"Rear Delt Row Chest Supported";"1";"80.0";"8";"";"";"";"";"Hit: leaning shrugs, pullovers"
"489";"2026-08-18 12:05:01";"Pull";"3177";"Rear Delt Row Chest Supported";"Rest Timer";"";"";"";"";"60.0";"";"Hit: leaning shrugs, pullovers"
"489";"2026-08-18 12:05:01";"Pull";"3177";"Reverse Fly (Cable)";"Note";"";"";"";"";"";"5
12-15";"Hit: leaning shrugs, pullovers"
"489";"2026-08-18 12:05:01";"Pull";"3177";"Reverse Fly (Cable)";"1";"10.0";"12";"";"";"";"";"Hit: leaning shrugs, pullovers"
"489";"2026-08-18 12:05:01";"Pull";"3177";"Reverse Fly (Cable)";"Rest Timer";"";"";"";"";"60.0";"";"Hit: leaning shrugs, pullovers"
"490";"2026-08-20 12:12:17";"Arms";"2187";"JM Press";"Note";"";"";"";"";"";"6-8
Support 1";"Hit:tri push down, spider curls "
"490";"2026-08-20 12:12:17";"Arms";"2187";"JM Press";"W";"30.0";"6";"";"";"";"";"Hit:tri push down, spider curls "
"490";"2026-08-20 12:12:17";"Arms";"2187";"JM Press";"1";"75.0";"8";"";"";"";"";"Hit:tri push down, spider curls "
"490";"2026-08-20 12:12:17";"Arms";"2187";"JM Press";"Rest Timer";"";"";"";"";"180.0";"";"Hit:tri push down, spider curls "
"490";"2026-08-20 12:12:17";"Arms";"2187";"Bayesian Cable Curl";"Note";"";"";"";"";"";"6-8
13";"Hit:tri push down, spider curls "
"490";"2026-08-20 12:12:17";"Arms";"2187";"Bayesian Cable Curl";"W";"5.0";"12";"";"";"";"";"Hit:tri push down, spider curls "
"490";"2026-08-20 12:12:17";"Arms";"2187";"Bayesian Cable Curl";"W";"10.0";"5";"";"";"";"";"Hit:tri push down, spider curls "
"490";"2026-08-20 12:12:17";"Arms";"2187";"Bayesian Cable Curl";"1";"25.0";"8";"";"";"";"";"Hit:tri push down, spider curls "
"490";"2026-08-20 12:12:17";"Arms";"2187";"Bayesian Cable Curl";"Rest Timer";"";"";"";"";"60.0";"";"Hit:tri push down, spider curls "
"490";"2026-08-20 12:12:17";"Arms";"2187";"Tricep Push down Spreader Bar";"Note";"";"";"";"";"";"10-12
3";"Hit:tri push down, spider curls "
"490";"2026-08-20 12:12:17";"Arms";"2187";"Tricep Push down Spreader Bar";"1";"55.0";"15";"";"";"";"";"Hit:tri push down, spider curls "
"490";"2026-08-20 12:12:17";"Arms";"2187";"Tricep Push down Spreader Bar";"Rest Timer";"";"";"";"";"60.0";"";"Hit:tri push down, spider curls "
"490";"2026-08-20 12:12:17";"Arms";"2187";"Spider Curl Cable";"Note";"";"";"";"";"";"10-12
Lowest
3
Seat against mat";"Hit:tri push down, spider curls "
"490";"2026-08-20 12:12:17";"Arms";"2187";"Spider Curl Cable";"1";"30.0";"10";"";"";"";"";"Hit:tri push down, spider curls "
"490";"2026-08-20 12:12:17";"Arms";"2187";"Spider Curl Cable";"Rest Timer";"";"";"";"";"60.0";"";"Hit:tri push down, spider curls "
"490";"2026-08-20 12:12:17";"Arms";"2187";"Tricep Extension Cable Overhead";"Note";"";"";"";"";"";"1
11
8-10";"Hit:tri push down, spider curls "
"490";"2026-08-20 12:12:17";"Arms";"2187";"Tricep Extension Cable Overhead";"1";"60.0";"11";"";"";"";"";"Hit:tri push down, spider curls "
"490";"2026-08-20 12:12:17";"Arms";"2187";"Tricep Extension Cable Overhead";"Rest Timer";"";"";"";"";"60.0";"";"Hit:tri push down, spider curls "
"490";"2026-08-20 12:12:17";"Arms";"2187";"Bayesian Hammer Curl Cable";"Note";"";"";"";"";"";"8-10
13";"Hit:tri push down, spider curls "
"490";"2026-08-20 12:12:17";"Arms";"2187";"Bayesian Hammer Curl Cable";"1";"22.5";"10";"";"";"";"";"Hit:tri push down, spider curls "
"490";"2026-08-20 12:12:17";"Arms";"2187";"Bayesian Hammer Curl Cable";"Rest Timer";"";"";"";"";"60.0";"";"Hit:tri push down, spider curls "
"490";"2026-08-20 12:12:17";"Arms";"2187";"Katana Tricep Cable Extension";"Note";"";"";"";"";"";"8";"Hit:tri push down, spider curls "
"490";"2026-08-20 12:12:17";"Arms";"2187";"Katana Tricep Cable Extension";"1";"15.0";"10";"";"";"";"";"Hit:tri push down, spider curls "
"490";"2026-08-20 12:12:17";"Arms";"2187";"Katana Tricep Cable Extension";"Rest Timer";"";"";"";"";"120.0";"";"Hit:tri push down, spider curls "
"490";"2026-08-20 12:12:17";"Arms";"2187";"Spider Hammer Curl Cable";"Note";"";"";"";"";"";"12-15
3
Seat against mat";"Hit:tri push down, spider curls "
"490";"2026-08-20 12:12:17";"Arms";"2187";"Spider Hammer Curl Cable";"1";"20.0";"14";"";"";"";"";"Hit:tri push down, spider curls "
"490";"2026-08-20 12:12:17";"Arms";"2187";"Spider Hammer Curl Cable";"Rest Timer";"";"";"";"";"60.0";"";"Hit:tri push down, spider curls "
"491";"2026-08-21 12:14:20";"Leg";"3303";"Squat (Smith Machine)";"Note";"";"";"";"";"";"Support 2
6-8";""
"491";"2026-08-21 12:14:20";"Leg";"3303";"Squat (Smith Machine)";"W";"0.0";"5";"";"";"";"";""
"491";"2026-08-21 12:14:20";"Leg";"3303";"Squat (Smith Machine)";"W";"30.0";"3";"";"";"";"";""
"491";"2026-08-21 12:14:20";"Leg";"3303";"Squat (Smith Machine)";"W";"50.0";"3";"";"";"";"";""
"491";"2026-08-21 12:14:20";"Leg";"3303";"Squat (Smith Machine)";"1";"65.0";"10";"";"";"";"";""
"491";"2026-08-21 12:14:20";"Leg";"3303";"Squat (Smith Machine)";"Rest Timer";"";"";"";"";"180.0";"";""
"491";"2026-08-21 12:14:20";"Leg";"3303";"Smith Squat No Lockout";"Note";"";"";"";"";"";"12-15";""
"491";"2026-08-21 12:14:20";"Leg";"3303";"Smith Squat No Lockout";"1";"30.0";"15";"";"";"";"";""
"491";"2026-08-21 12:14:20";"Leg";"3303";"Smith Squat No Lockout";"Rest Timer";"";"";"";"";"120.0";"";""
"491";"2026-08-21 12:14:20";"Leg";"3303";"Romanian Deadlift Smith";"Note";"";"";"";"";"";"6-8";""
"491";"2026-08-21 12:14:20";"Leg";"3303";"Romanian Deadlift Smith";"W";"52.5";"3";"";"";"";"";""
"491";"2026-08-21 12:14:20";"Leg";"3303";"Romanian Deadlift Smith";"W";"85.0";"3";"";"";"";"";""
"491";"2026-08-21 12:14:20";"Leg";"3303";"Romanian Deadlift Smith";"1";"110.0";"9";"";"";"";"";""
"491";"2026-08-21 12:14:20";"Leg";"3303";"Romanian Deadlift Smith";"Rest Timer";"";"";"";"";"180.0";"";""
"491";"2026-08-21 12:14:20";"Leg";"3303";"Hamstring Curl with Cuff";"Note";"";"";"";"";"";"Lowest
10-12";""
"491";"2026-08-21 12:14:20";"Leg";"3303";"Hamstring Curl with Cuff";"1";"2.5";"11";"";"";"";"";""
"491";"2026-08-21 12:14:20";"Leg";"3303";"Hamstring Curl with Cuff";"Rest Timer";"";"";"";"";"120.0";"";""
"491";"2026-08-21 12:14:20";"Leg";"3303";"Split Squats Smith";"Note";"";"";"";"";"";"8-10";""
"491";"2026-08-21 12:14:20";"Leg";"3303";"Split Squats Smith";"1";"20.0";"11";"";"";"";"";""
"491";"2026-08-21 12:14:20";"Leg";"3303";"Split Squats Smith";"Rest Timer";"";"";"";"";"120.0";"";""
"491";"2026-08-21 12:14:20";"Leg";"3303";"Standing Calf Raise (Smith Machine)";"Note";"";"";"";"";"";"6-8
Platform 2
Use smith";""
"491";"2026-08-21 12:14:20";"Leg";"3303";"Standing Calf Raise (Smith Machine)";"1";"30.0";"6";"";"";"";"";""
"491";"2026-08-21 12:14:20";"Leg";"3303";"Standing Calf Raise (Smith Machine)";"Rest Timer";"";"";"";"";"120.0";"";""
"491";"2026-08-21 12:14:20";"Leg";"3303";"Glute Kickback (Machine)";"1";"20.0";"15";"";"";"";"";""
"491";"2026-08-21 12:14:20";"Leg";"3303";"Glute Kickback (Machine)";"Rest Timer";"";"";"";"";"120.0";"";""
"491";"2026-08-21 12:14:20";"Leg";"3303";"Smith Sitting Calf Raise";"Note";"";"";"";"";"";"15-20";""
"491";"2026-08-21 12:14:20";"Leg";"3303";"Smith Sitting Calf Raise";"1";"40.0";"23";"";"";"";"";""
"491";"2026-08-21 12:14:20";"Leg";"3303";"Smith Sitting Calf Raise";"Rest Timer";"";"";"";"";"120.0";"";""
"492";"2026-08-31 12:06:22";"Push";"2896";"Incline Bench Press (Smith Machine)";"Note";"";"";"";"";"";"6-8
4
Support 2
Wide grip, 30-50mm from ends";"Hit: lat raise, flies"
"492";"2026-08-31 12:06:22";"Push";"2896";"Incline Bench Press (Smith Machine)";"W";"0.0";"5";"";"";"";"";"Hit: lat raise, flies"
"492";"2026-08-31 12:06:22";"Push";"2896";"Incline Bench Press (Smith Machine)";"W";"30.0";"5";"";"";"";"";"Hit: lat raise, flies"
"492";"2026-08-31 12:06:22";"Push";"2896";"Incline Bench Press (Smith Machine)";"W";"50.0";"5";"";"";"";"";"Hit: lat raise, flies"
"492";"2026-08-31 12:06:22";"Push";"2896";"Incline Bench Press (Smith Machine)";"1";"75.0";"7";"";"";"";"";"Hit: lat raise, flies"
"492";"2026-08-31 12:06:22";"Push";"2896";"Incline Bench Press (Smith Machine)";"Rest Timer";"";"";"";"";"60.0";"";"Hit: lat raise, flies"
"492";"2026-08-31 12:06:22";"Push";"2896";"Lateral Raise (Cable)";"Note";"";"";"";"";"";"8-10
10";"Hit: lat raise, flies"
"492";"2026-08-31 12:06:22";"Push";"2896";"Lateral Raise (Cable)";"W";"5.0";"5";"";"";"";"";"Hit: lat raise, flies"
"492";"2026-08-31 12:06:22";"Push";"2896";"Lateral Raise (Cable)";"W";"10.0";"5";"";"";"";"";"Hit: lat raise, flies"
"492";"2026-08-31 12:06:22";"Push";"2896";"Lateral Raise (Cable)";"W";"15.0";"5";"";"";"";"";"Hit: lat raise, flies"
"492";"2026-08-31 12:06:22";"Push";"2896";"Lateral Raise (Cable)";"1";"17.5";"10";"";"";"";"";"Hit: lat raise, flies"
"492";"2026-08-31 12:06:22";"Push";"2896";"Lateral Raise (Cable)";"Rest Timer";"";"";"";"";"60.0";"";"Hit: lat raise, flies"
"492";"2026-08-31 12:06:22";"Push";"2896";"Cable Press Incline ";"Note";"";"";"";"";"";"12-15";"Hit: lat raise, flies"
"492";"2026-08-31 12:06:22";"Push";"2896";"Cable Press Incline ";"1";"45.0";"14";"";"";"";"";"Hit: lat raise, flies"
"492";"2026-08-31 12:06:22";"Push";"2896";"Cable Press Incline ";"Rest Timer";"";"";"";"";"60.0";"";"Hit: lat raise, flies"
"492";"2026-08-31 12:06:22";"Push";"2896";"Lateral Raise Cable Leaning";"Note";"";"";"";"";"";"15-20";"Hit: lat raise, flies"
"492";"2026-08-31 12:06:22";"Push";"2896";"Lateral Raise Cable Leaning";"1";"7.5";"16";"";"";"";"";"Hit: lat raise, flies"
"492";"2026-08-31 12:06:22";"Push";"2896";"Lateral Raise Cable Leaning";"Rest Timer";"";"";"";"";"60.0";"";"Hit: lat raise, flies"
"492";"2026-08-31 12:06:22";"Push";"2896";"Decline Smith Press";"Note";"";"";"";"";"";"6-8
10";"Hit: lat raise, flies"
"492";"2026-08-31 12:06:22";"Push";"2896";"Decline Smith Press";"1";"75.0";"7";"";"";"";"";"Hit: lat raise, flies"
"492";"2026-08-31 12:06:22";"Push";"2896";"Decline Smith Press";"Rest Timer";"";"";"";"";"90.0";"";"Hit: lat raise, flies"
"492";"2026-08-31 12:06:22";"Push";"2896";"Cable Press Decline";"Note";"";"";"";"";"";"12-15
10";"Hit: lat raise, flies"
"492";"2026-08-31 12:06:22";"Push";"2896";"Cable Press Decline";"1";"25.0";"16";"";"";"";"";"Hit: lat raise, flies"
"492";"2026-08-31 12:06:22";"Push";"2896";"Cable Press Decline";"Rest Timer";"";"";"";"";"180.0";"";"Hit: lat raise, flies"
"492";"2026-08-31 12:06:22";"Push";"2896";"Chest Flies Cable Seated Heavy";"Note";"";"";"";"";"";"2
15
10-12";"Hit: lat raise, flies"
"492";"2026-08-31 12:06:22";"Push";"2896";"Chest Flies Cable Seated Heavy";"1";"20.0";"10";"";"";"";"";"Hit: lat raise, flies"
"492";"2026-08-31 12:06:22";"Push";"2896";"Chest Flies Cable Seated Heavy";"Rest Timer";"";"";"";"";"180.0";"";"Hit: lat raise, flies"
"492";"2026-08-31 12:06:22";"Push";"2896";"Chest Flies Cable Seated Volume";"Note";"";"";"";"";"";"15-20
Flat press position
12";"Hit: lat raise, flies"
"492";"2026-08-31 12:06:22";"Push";"2896";"Chest Flies Cable Seated Volume";"1";"10.0";"17";"";"";"";"";"Hit: lat raise, flies"
"493";"2026-09-01 11:56:02";"Pull";"3250";"Pull Up";"Note";"";"";"";"";"";"6-8";"Hit: leaning shrugs, pullovers"
"493";"2026-09-01 11:56:02";"Pull";"3250";"Pull Up";"1";"10.0";"7";"";"";"";"";"Hit: leaning shrugs, pullovers"
"493";"2026-09-01 11:56:02";"Pull";"3250";"Pull Up";"Rest Timer";"";"";"";"";"60.0";"";"Hit: leaning shrugs, pullovers"
"493";"2026-09-01 11:56:02";"Pull";"3250";"Low Cable Row Shoulder Width Neutral Grip";"Note";"";"";"";"";"";"6-8
15";"Hit: leaning shrugs, pullovers"
"493";"2026-09-01 11:56:02";"Pull";"3250";"Low Cable Row Shoulder Width Neutral Grip";"1";"115.0";"7";"";"";"";"";"Hit: leaning shrugs, pullovers"
"493";"2026-09-01 11:56:02";"Pull";"3250";"Low Cable Row Shoulder Width Neutral Grip";"Rest Timer";"";"";"";"";"60.0";"";"Hit: leaning shrugs, pullovers"
"493";"2026-09-01 11:56:02";"Pull";"3250";"Pulldown Cable Single Arm";"Note";"";"";"";"";"";"5";"Hit: leaning shrugs, pullovers"
"493";"2026-09-01 11:56:02";"Pull";"3250";"Pulldown Cable Single Arm";"1";"25.0";"13";"";"";"";"";"Hit: leaning shrugs, pullovers"
"493";"2026-09-01 11:56:02";"Pull";"3250";"Pulldown Cable Single Arm";"Rest Timer";"";"";"";"";"120.0";"";"Hit: leaning shrugs, pullovers"
"493";"2026-09-01 11:56:02";"Pull";"3250";"Jammer Arms Row Neutral Grip";"Note";"";"";"";"";"";"10-12
37
Elbows in";"Hit: leaning shrugs, pullovers"
"493";"2026-09-01 11:56:02";"Pull";"3250";"Jammer Arms Row Neutral Grip";"1";"32.5";"12";"";"";"";"";"Hit: leaning shrugs, pullovers"
"493";"2026-09-01 11:56:02";"Pull";"3250";"Jammer Arms Row Neutral Grip";"Rest Timer";"";"";"";"";"60.0";"";"Hit: leaning shrugs, pullovers"
"493";"2026-09-01 11:56:02";"Pull";"3250";"Kelso Shrug Cable Chest Supported";"1";"65.0";"10";"";"";"";"";"Hit: leaning shrugs, pullovers"
"493";"2026-09-01 11:56:02";"Pull";"3250";"Kelso Shrug Cable Chest Supported";"Rest Timer";"";"";"";"";"120.0";"";"Hit: leaning shrugs, pullovers"
"493";"2026-09-01 11:56:02";"Pull";"3250";"Scapular Depressions Hanging";"Note";"";"";"";"";"";"10-12";"Hit: leaning shrugs, pullovers"
"493";"2026-09-01 11:56:02";"Pull";"3250";"Scapular Depressions Hanging";"1";"10.0";"13";"";"";"";"";"Hit: leaning shrugs, pullovers"
"493";"2026-09-01 11:56:02";"Pull";"3250";"Scapular Depressions Hanging";"Rest Timer";"";"";"";"";"60.0";"";"Hit: leaning shrugs, pullovers"
"493";"2026-09-01 11:56:02";"Pull";"3250";"Shrug Cable Leaning Back";"Note";"";"";"";"";"";"14
15-20
2
Roller seat position";"Hit: leaning shrugs, pullovers"
"493";"2026-09-01 11:56:02";"Pull";"3250";"Shrug Cable Leaning Back";"1";"95.0";"15";"";"";"";"";"Hit: leaning shrugs, pullovers"
"493";"2026-09-01 11:56:02";"Pull";"3250";"Shrug Cable Leaning Back";"Rest Timer";"";"";"";"";"60.0";"";"Hit: leaning shrugs, pullovers"
"493";"2026-09-01 11:56:02";"Pull";"3250";"Pullover Seated Rope Cable ";"Note";"";"";"";"";"";"2
2
12-15";"Hit: leaning shrugs, pullovers"
"493";"2026-09-01 11:56:02";"Pull";"3250";"Pullover Seated Rope Cable ";"1";"60.0";"12";"";"";"";"";"Hit: leaning shrugs, pullovers"
"493";"2026-09-01 11:56:02";"Pull";"3250";"Rear Delt Row Chest Supported";"Note";"";"";"";"";"";"8-10
14
Roller seat position";"Hit: leaning shrugs, pullovers"
"493";"2026-09-01 11:56:02";"Pull";"3250";"Rear Delt Row Chest Supported";"1";"80.0";"9";"";"";"";"";"Hit: leaning shrugs, pullovers"
"493";"2026-09-01 11:56:02";"Pull";"3250";"Rear Delt Row Chest Supported";"Rest Timer";"";"";"";"";"60.0";"";"Hit: leaning shrugs, pullovers"
"493";"2026-09-01 11:56:02";"Pull";"3250";"Reverse Fly (Cable)";"Note";"";"";"";"";"";"5
12-15";"Hit: leaning shrugs, pullovers"
"493";"2026-09-01 11:56:02";"Pull";"3250";"Reverse Fly (Cable)";"1";"10.0";"12";"";"";"";"";"Hit: leaning shrugs, pullovers"
"493";"2026-09-01 11:56:02";"Pull";"3250";"Reverse Fly (Cable)";"Rest Timer";"";"";"";"";"60.0";"";"Hit: leaning shrugs, pullovers"
"494";"2026-09-04 12:45:43";"Arms";"2396";"JM Press";"Note";"";"";"";"";"";"6-8
Support 1
INCLINE!";"Hit:tri push down, spider curls "
"494";"2026-09-04 12:45:43";"Arms";"2396";"JM Press";"W";"30.0";"6";"";"";"";"";"Hit:tri push down, spider curls "
"494";"2026-09-04 12:45:43";"Arms";"2396";"JM Press";"1";"75.0";"6";"";"";"";"";"Hit:tri push down, spider curls "
"494";"2026-09-04 12:45:43";"Arms";"2396";"JM Press";"Rest Timer";"";"";"";"";"180.0";"";"Hit:tri push down, spider curls "
"494";"2026-09-04 12:45:43";"Arms";"2396";"Bayesian Cable Curl";"Note";"";"";"";"";"";"6-8
13
PUT ELBOWS DOWN";"Hit:tri push down, spider curls "
"494";"2026-09-04 12:45:43";"Arms";"2396";"Bayesian Cable Curl";"W";"5.0";"12";"";"";"";"";"Hit:tri push down, spider curls "
"494";"2026-09-04 12:45:43";"Arms";"2396";"Bayesian Cable Curl";"W";"10.0";"5";"";"";"";"";"Hit:tri push down, spider curls "
"494";"2026-09-04 12:45:43";"Arms";"2396";"Bayesian Cable Curl";"1";"25.0";"8";"";"";"";"";"Hit:tri push down, spider curls "
"494";"2026-09-04 12:45:43";"Arms";"2396";"Bayesian Cable Curl";"Rest Timer";"";"";"";"";"60.0";"";"Hit:tri push down, spider curls "
"494";"2026-09-04 12:45:43";"Arms";"2396";"Tricep Pushdowns Seated Incline Spreader Bar";"1";"35.0";"11";"";"";"";"";"Hit:tri push down, spider curls "
"494";"2026-09-04 12:45:43";"Arms";"2396";"Tricep Pushdowns Seated Incline Spreader Bar";"Rest Timer";"";"";"";"";"120.0";"";"Hit:tri push down, spider curls "
"494";"2026-09-04 12:45:43";"Arms";"2396";"Spider Curl Cable";"Note";"";"";"";"";"";"10-12
Lowest
3
Seat against mat";"Hit:tri push down, spider curls "
"494";"2026-09-04 12:45:43";"Arms";"2396";"Spider Curl Cable";"1";"30.0";"10";"";"";"";"";"Hit:tri push down, spider curls "
"494";"2026-09-04 12:45:43";"Arms";"2396";"Spider Curl Cable";"Rest Timer";"";"";"";"";"60.0";"";"Hit:tri push down, spider curls "
"494";"2026-09-04 12:45:43";"Arms";"2396";"Tricep Extension Cable Overhead";"Note";"";"";"";"";"";"1
11
8-10";"Hit:tri push down, spider curls "
"494";"2026-09-04 12:45:43";"Arms";"2396";"Tricep Extension Cable Overhead";"1";"60.0";"11";"";"";"";"";"Hit:tri push down, spider curls "
"494";"2026-09-04 12:45:43";"Arms";"2396";"Tricep Extension Cable Overhead";"Rest Timer";"";"";"";"";"60.0";"";"Hit:tri push down, spider curls "
"494";"2026-09-04 12:45:43";"Arms";"2396";"Bayesian Hammer Curl Cable";"Note";"";"";"";"";"";"8-10
13";"Hit:tri push down, spider curls "
"494";"2026-09-04 12:45:43";"Arms";"2396";"Bayesian Hammer Curl Cable";"1";"22.5";"10";"";"";"";"";"Hit:tri push down, spider curls "
"494";"2026-09-04 12:45:43";"Arms";"2396";"Bayesian Hammer Curl Cable";"Rest Timer";"";"";"";"";"60.0";"";"Hit:tri push down, spider curls "
"494";"2026-09-04 12:45:43";"Arms";"2396";"Katana Tricep Cable Extension";"Note";"";"";"";"";"";"8
12-14";"Hit:tri push down, spider curls "
"494";"2026-09-04 12:45:43";"Arms";"2396";"Katana Tricep Cable Extension";"1";"15.0";"10";"";"";"";"";"Hit:tri push down, spider curls "
"494";"2026-09-04 12:45:43";"Arms";"2396";"Katana Tricep Cable Extension";"Rest Timer";"";"";"";"";"120.0";"";"Hit:tri push down, spider curls "
"494";"2026-09-04 12:45:43";"Arms";"2396";"Spider Hammer Curl Cable";"Note";"";"";"";"";"";"12-15
3
Seat against mat";"Hit:tri push down, spider curls "
"494";"2026-09-04 12:45:43";"Arms";"2396";"Spider Hammer Curl Cable";"1";"20.0";"12";"";"";"";"";"Hit:tri push down, spider curls "
"494";"2026-09-04 12:45:43";"Arms";"2396";"Spider Hammer Curl Cable";"Rest Timer";"";"";"";"";"60.0";"";"Hit:tri push down, spider curls "
"495";"2026-09-05 15:58:22";"Leg";"2637";"Squat (Smith Machine)";"Note";"";"";"";"";"";"Support 2
6-8";""
"495";"2026-09-05 15:58:22";"Leg";"2637";"Squat (Smith Machine)";"W";"0.0";"5";"";"";"";"";""
"495";"2026-09-05 15:58:22";"Leg";"2637";"Squat (Smith Machine)";"W";"30.0";"3";"";"";"";"";""
"495";"2026-09-05 15:58:22";"Leg";"2637";"Squat (Smith Machine)";"W";"50.0";"3";"";"";"";"";""
"495";"2026-09-05 15:58:22";"Leg";"2637";"Squat (Smith Machine)";"1";"70.0";"8";"";"";"";"";""
"495";"2026-09-05 15:58:22";"Leg";"2637";"Squat (Smith Machine)";"Rest Timer";"";"";"";"";"180.0";"";""
"495";"2026-09-05 15:58:22";"Leg";"2637";"Smith Squat No Lockout";"Note";"";"";"";"";"";"12-15";""
"495";"2026-09-05 15:58:22";"Leg";"2637";"Smith Squat No Lockout";"1";"35.0";"14";"";"";"";"";""
"495";"2026-09-05 15:58:22";"Leg";"2637";"Smith Squat No Lockout";"Rest Timer";"";"";"";"";"120.0";"";""
"495";"2026-09-05 15:58:22";"Leg";"2637";"Romanian Deadlift Smith";"Note";"";"";"";"";"";"6-8";""
"495";"2026-09-05 15:58:22";"Leg";"2637";"Romanian Deadlift Smith";"W";"52.5";"3";"";"";"";"";""
"495";"2026-09-05 15:58:22";"Leg";"2637";"Romanian Deadlift Smith";"W";"85.0";"3";"";"";"";"";""
"495";"2026-09-05 15:58:22";"Leg";"2637";"Romanian Deadlift Smith";"1";"110.0";"6";"";"";"";"";""
"495";"2026-09-05 15:58:22";"Leg";"2637";"Romanian Deadlift Smith";"Rest Timer";"";"";"";"";"180.0";"";""
"495";"2026-09-05 15:58:22";"Leg";"2637";"Hamstring Curl with Cuff";"Note";"";"";"";"";"";"Lowest
10-12";""
"495";"2026-09-05 15:58:22";"Leg";"2637";"Hamstring Curl with Cuff";"1";"2.5";"15";"";"";"";"";""
"495";"2026-09-05 15:58:22";"Leg";"2637";"Hamstring Curl with Cuff";"Rest Timer";"";"";"";"";"120.0";"";""
"495";"2026-09-05 15:58:22";"Leg";"2637";"Split Squats Smith";"Note";"";"";"";"";"";"8-10";""
"495";"2026-09-05 15:58:22";"Leg";"2637";"Split Squats Smith";"1";"25.0";"12";"";"";"";"";""
"495";"2026-09-05 15:58:22";"Leg";"2637";"Split Squats Smith";"Rest Timer";"";"";"";"";"120.0";"";""
"495";"2026-09-05 15:58:22";"Leg";"2637";"Standing Calf Raise (Smith Machine)";"Note";"";"";"";"";"";"6-8
Platform 2
Use smith";""
"495";"2026-09-05 15:58:22";"Leg";"2637";"Standing Calf Raise (Smith Machine)";"1";"30.0";"10";"";"";"";"";""
"495";"2026-09-05 15:58:22";"Leg";"2637";"Standing Calf Raise (Smith Machine)";"Rest Timer";"";"";"";"";"120.0";"";""
"495";"2026-09-05 15:58:22";"Leg";"2637";"Glute Kickback (Machine)";"1";"20.0";"16";"";"";"";"";""
"495";"2026-09-05 15:58:22";"Leg";"2637";"Glute Kickback (Machine)";"Rest Timer";"";"";"";"";"120.0";"";""
"495";"2026-09-05 15:58:22";"Leg";"2637";"Smith Sitting Calf Raise";"Note";"";"";"";"";"";"15-20";""
"495";"2026-09-05 15:58:22";"Leg";"2637";"Smith Sitting Calf Raise";"1";"45.0";"19";"";"";"";"";""
"495";"2026-09-05 15:58:22";"Leg";"2637";"Smith Sitting Calf Raise";"Rest Timer";"";"";"";"";"120.0";"";""
"496";"2026-09-07 12:00:49";"Push";"2831";"Incline Bench Press (Smith Machine)";"Note";"";"";"";"";"";"6-8
4
Support 2
Wide grip, 30-50mm from ends";"Hit: lat raise, flies"
"496";"2026-09-07 12:00:49";"Push";"2831";"Incline Bench Press (Smith Machine)";"W";"0.0";"5";"";"";"";"";"Hit: lat raise, flies"
"496";"2026-09-07 12:00:49";"Push";"2831";"Incline Bench Press (Smith Machine)";"W";"30.0";"5";"";"";"";"";"Hit: lat raise, flies"
"496";"2026-09-07 12:00:49";"Push";"2831";"Incline Bench Press (Smith Machine)";"W";"50.0";"5";"";"";"";"";"Hit: lat raise, flies"
"496";"2026-09-07 12:00:49";"Push";"2831";"Incline Bench Press (Smith Machine)";"1";"75.0";"8";"";"";"";"";"Hit: lat raise, flies"
"496";"2026-09-07 12:00:49";"Push";"2831";"Incline Bench Press (Smith Machine)";"Rest Timer";"";"";"";"";"60.0";"";"Hit: lat raise, flies"
"496";"2026-09-07 12:00:49";"Push";"2831";"Lateral Raise (Cable)";"Note";"";"";"";"";"";"8-10
10";"Hit: lat raise, flies"
"496";"2026-09-07 12:00:49";"Push";"2831";"Lateral Raise (Cable)";"W";"5.0";"5";"";"";"";"";"Hit: lat raise, flies"
"496";"2026-09-07 12:00:49";"Push";"2831";"Lateral Raise (Cable)";"W";"10.0";"5";"";"";"";"";"Hit: lat raise, flies"
"496";"2026-09-07 12:00:49";"Push";"2831";"Lateral Raise (Cable)";"W";"15.0";"5";"";"";"";"";"Hit: lat raise, flies"
"496";"2026-09-07 12:00:49";"Push";"2831";"Lateral Raise (Cable)";"1";"17.5";"10";"";"";"";"";"Hit: lat raise, flies"
"496";"2026-09-07 12:00:49";"Push";"2831";"Lateral Raise (Cable)";"Rest Timer";"";"";"";"";"60.0";"";"Hit: lat raise, flies"
"496";"2026-09-07 12:00:49";"Push";"2831";"Cable Press Incline ";"Note";"";"";"";"";"";"12-15";"Hit: lat raise, flies"
"496";"2026-09-07 12:00:49";"Push";"2831";"Cable Press Incline ";"1";"45.0";"14";"";"";"";"";"Hit: lat raise, flies"
"496";"2026-09-07 12:00:49";"Push";"2831";"Cable Press Incline ";"Rest Timer";"";"";"";"";"60.0";"";"Hit: lat raise, flies"
"496";"2026-09-07 12:00:49";"Push";"2831";"Lateral Raise Cable Leaning";"Note";"";"";"";"";"";"15-20";"Hit: lat raise, flies"
"496";"2026-09-07 12:00:49";"Push";"2831";"Lateral Raise Cable Leaning";"1";"7.5";"17";"";"";"";"";"Hit: lat raise, flies"
"496";"2026-09-07 12:00:49";"Push";"2831";"Lateral Raise Cable Leaning";"Rest Timer";"";"";"";"";"60.0";"";"Hit: lat raise, flies"
"496";"2026-09-07 12:00:49";"Push";"2831";"Decline Smith Press";"Note";"";"";"";"";"";"6-8
10";"Hit: lat raise, flies"
"496";"2026-09-07 12:00:49";"Push";"2831";"Decline Smith Press";"1";"75.0";"7";"";"";"";"";"Hit: lat raise, flies"
"496";"2026-09-07 12:00:49";"Push";"2831";"Decline Smith Press";"Rest Timer";"";"";"";"";"90.0";"";"Hit: lat raise, flies"
"496";"2026-09-07 12:00:49";"Push";"2831";"Cable Press Decline";"Note";"";"";"";"";"";"12-15
10";"Hit: lat raise, flies"
"496";"2026-09-07 12:00:49";"Push";"2831";"Cable Press Decline";"1";"30.0";"13";"";"";"";"";"Hit: lat raise, flies"
"496";"2026-09-07 12:00:49";"Push";"2831";"Cable Press Decline";"Rest Timer";"";"";"";"";"180.0";"";"Hit: lat raise, flies"
"496";"2026-09-07 12:00:49";"Push";"2831";"Chest Flies Cable Seated Heavy";"Note";"";"";"";"";"";"Highest
12
10-12";"Hit: lat raise, flies"
"496";"2026-09-07 12:00:49";"Push";"2831";"Chest Flies Cable Seated Heavy";"1";"20.0";"13";"";"";"";"";"Hit: lat raise, flies"
"496";"2026-09-07 12:00:49";"Push";"2831";"Chest Flies Cable Seated Heavy";"Rest Timer";"";"";"";"";"180.0";"";"Hit: lat raise, flies"
"496";"2026-09-07 12:00:49";"Push";"2831";"Chest Flies Cable Seated Volume";"Note";"";"";"";"";"";"15-20
Flat press position
12";"Hit: lat raise, flies"
"496";"2026-09-07 12:00:49";"Push";"2831";"Chest Flies Cable Seated Volume";"1";"10.0";"21";"";"";"";"";"Hit: lat raise, flies"
"497";"2026-09-10 12:34:59";"Hernia Pull";"2784";"Pulldown Cable Single Arm";"Note";"";"";"";"";"";"5
";"Hit: leaning shrugs, pullovers"
"497";"2026-09-10 12:34:59";"Hernia Pull";"2784";"Pulldown Cable Single Arm";"1";"35.0";"9";"";"";"";"";"Hit: leaning shrugs, pullovers"
"497";"2026-09-10 12:34:59";"Hernia Pull";"2784";"Pulldown Cable Single Arm";"Rest Timer";"";"";"";"";"120.0";"";"Hit: leaning shrugs, pullovers"
"497";"2026-09-10 12:34:59";"Hernia Pull";"2784";"Low Cable Row Shoulder Width Neutral Grip";"Note";"";"";"";"";"";"6-8
15";"Hit: leaning shrugs, pullovers"
"497";"2026-09-10 12:34:59";"Hernia Pull";"2784";"Low Cable Row Shoulder Width Neutral Grip";"1";"115.0";"8";"";"";"";"";"Hit: leaning shrugs, pullovers"
"497";"2026-09-10 12:34:59";"Hernia Pull";"2784";"Low Cable Row Shoulder Width Neutral Grip";"Rest Timer";"";"";"";"";"60.0";"";"Hit: leaning shrugs, pullovers"
"497";"2026-09-10 12:34:59";"Hernia Pull";"2784";"Pulldown Single Arm Volume";"Note";"";"";"";"";"";"5";"Hit: leaning shrugs, pullovers"
"497";"2026-09-10 12:34:59";"Hernia Pull";"2784";"Pulldown Single Arm Volume";"1";"25.0";"18";"";"";"";"";"Hit: leaning shrugs, pullovers"
"497";"2026-09-10 12:34:59";"Hernia Pull";"2784";"Pulldown Single Arm Volume";"Rest Timer";"";"";"";"";"120.0";"";"Hit: leaning shrugs, pullovers"
"497";"2026-09-10 12:34:59";"Hernia Pull";"2784";"Jammer Arms Row Neutral Grip";"Note";"";"";"";"";"";"10-12
37
Elbows in";"Hit: leaning shrugs, pullovers"
"497";"2026-09-10 12:34:59";"Hernia Pull";"2784";"Jammer Arms Row Neutral Grip";"1";"32.5";"11";"";"";"";"";"Hit: leaning shrugs, pullovers"
"497";"2026-09-10 12:34:59";"Hernia Pull";"2784";"Jammer Arms Row Neutral Grip";"Rest Timer";"";"";"";"";"60.0";"";"Hit: leaning shrugs, pullovers"
"497";"2026-09-10 12:34:59";"Hernia Pull";"2784";"Kelso Shrug Cable Chest Supported";"Note";"";"";"";"";"";"10-12
11
Angle cable lower";"Hit: leaning shrugs, pullovers"
"497";"2026-09-10 12:34:59";"Hernia Pull";"2784";"Kelso Shrug Cable Chest Supported";"1";"65.0";"14";"";"";"";"";"Hit: leaning shrugs, pullovers"
"497";"2026-09-10 12:34:59";"Hernia Pull";"2784";"Kelso Shrug Cable Chest Supported";"Rest Timer";"";"";"";"";"120.0";"";"Hit: leaning shrugs, pullovers"
"497";"2026-09-10 12:34:59";"Hernia Pull";"2784";"Shrug Cable Leaning Back";"Note";"";"";"";"";"";"14
15-20
2
Roller seat position";"Hit: leaning shrugs, pullovers"
"497";"2026-09-10 12:34:59";"Hernia Pull";"2784";"Shrug Cable Leaning Back";"1";"95.0";"22";"";"";"";"";"Hit: leaning shrugs, pullovers"
"497";"2026-09-10 12:34:59";"Hernia Pull";"2784";"Shrug Cable Leaning Back";"Rest Timer";"";"";"";"";"60.0";"";"Hit: leaning shrugs, pullovers"
"497";"2026-09-10 12:34:59";"Hernia Pull";"2784";"Rear Delt Row Chest Supported";"Note";"";"";"";"";"";"8-10
14
Roller seat position";"Hit: leaning shrugs, pullovers"
"497";"2026-09-10 12:34:59";"Hernia Pull";"2784";"Rear Delt Row Chest Supported";"1";"80.0";"9";"";"";"";"";"Hit: leaning shrugs, pullovers"
"497";"2026-09-10 12:34:59";"Hernia Pull";"2784";"Rear Delt Row Chest Supported";"Rest Timer";"";"";"";"";"60.0";"";"Hit: leaning shrugs, pullovers"
"497";"2026-09-10 12:34:59";"Hernia Pull";"2784";"Reverse Fly (Cable)";"Note";"";"";"";"";"";"5
12-15";"Hit: leaning shrugs, pullovers"
"497";"2026-09-10 12:34:59";"Hernia Pull";"2784";"Reverse Fly (Cable)";"1";"10.0";"13";"";"";"";"";"Hit: leaning shrugs, pullovers"
"497";"2026-09-10 12:34:59";"Hernia Pull";"2784";"Reverse Fly (Cable)";"Rest Timer";"";"";"";"";"60.0";"";"Hit: leaning shrugs, pullovers"
"498";"2026-09-12 13:36:49";"Arms";"2235";"JM Press";"Note";"";"";"";"";"";"6-8
Support 1
INCLINE!";"Hit:tri push down, spider curls "
"498";"2026-09-12 13:36:49";"Arms";"2235";"JM Press";"W";"30.0";"6";"";"";"";"";"Hit:tri push down, spider curls "
"498";"2026-09-12 13:36:49";"Arms";"2235";"JM Press";"1";"60.0";"9";"";"";"";"";"Hit:tri push down, spider curls "
"498";"2026-09-12 13:36:49";"Arms";"2235";"JM Press";"Rest Timer";"";"";"";"";"180.0";"";"Hit:tri push down, spider curls "
"498";"2026-09-12 13:36:49";"Arms";"2235";"Bayesian Cable Curl";"Note";"";"";"";"";"";"6-8
13
PUT ELBOWS DOWN";"Hit:tri push down, spider curls "
"498";"2026-09-12 13:36:49";"Arms";"2235";"Bayesian Cable Curl";"W";"5.0";"12";"";"";"";"";"Hit:tri push down, spider curls "
"498";"2026-09-12 13:36:49";"Arms";"2235";"Bayesian Cable Curl";"W";"10.0";"5";"";"";"";"";"Hit:tri push down, spider curls "
"498";"2026-09-12 13:36:49";"Arms";"2235";"Bayesian Cable Curl";"1";"20.0";"9";"";"";"";"";"Hit:tri push down, spider curls "
"498";"2026-09-12 13:36:49";"Arms";"2235";"Bayesian Cable Curl";"Rest Timer";"";"";"";"";"60.0";"";"Hit:tri push down, spider curls "
"498";"2026-09-12 13:36:49";"Arms";"2235";"Tricep Pushdowns Seated Incline Spreader Bar";"1";"40.0";"11";"";"";"";"";"Hit:tri push down, spider curls "
"498";"2026-09-12 13:36:49";"Arms";"2235";"Tricep Pushdowns Seated Incline Spreader Bar";"Rest Timer";"";"";"";"";"120.0";"";"Hit:tri push down, spider curls "
"498";"2026-09-12 13:36:49";"Arms";"2235";"Spider Curl Cable";"Note";"";"";"";"";"";"10-12
Lowest
3
Seat against mat";"Hit:tri push down, spider curls "
"498";"2026-09-12 13:36:49";"Arms";"2235";"Spider Curl Cable";"1";"30.0";"10";"";"";"";"";"Hit:tri push down, spider curls "
"498";"2026-09-12 13:36:49";"Arms";"2235";"Spider Curl Cable";"Rest Timer";"";"";"";"";"60.0";"";"Hit:tri push down, spider curls "
"498";"2026-09-12 13:36:49";"Arms";"2235";"Tricep Extension Cable Overhead";"Note";"";"";"";"";"";"1
11
8-10";"Hit:tri push down, spider curls "
"498";"2026-09-12 13:36:49";"Arms";"2235";"Tricep Extension Cable Overhead";"1";"65.0";"10";"";"";"";"";"Hit:tri push down, spider curls "
"498";"2026-09-12 13:36:49";"Arms";"2235";"Tricep Extension Cable Overhead";"Rest Timer";"";"";"";"";"60.0";"";"Hit:tri push down, spider curls "
"498";"2026-09-12 13:36:49";"Arms";"2235";"Bayesian Hammer Curl Cable";"Note";"";"";"";"";"";"8-10
13";"Hit:tri push down, spider curls "
"498";"2026-09-12 13:36:49";"Arms";"2235";"Bayesian Hammer Curl Cable";"1";"22.5";"10";"";"";"";"";"Hit:tri push down, spider curls "
"498";"2026-09-12 13:36:49";"Arms";"2235";"Bayesian Hammer Curl Cable";"Rest Timer";"";"";"";"";"60.0";"";"Hit:tri push down, spider curls "
"498";"2026-09-12 13:36:49";"Arms";"2235";"Katana Tricep Cable Extension";"Note";"";"";"";"";"";"8
12-14";"Hit:tri push down, spider curls "
"498";"2026-09-12 13:36:49";"Arms";"2235";"Katana Tricep Cable Extension";"1";"10.0";"12";"";"";"";"";"Hit:tri push down, spider curls "
"498";"2026-09-12 13:36:49";"Arms";"2235";"Katana Tricep Cable Extension";"Rest Timer";"";"";"";"";"120.0";"";"Hit:tri push down, spider curls "
"498";"2026-09-12 13:36:49";"Arms";"2235";"Spider Hammer Curl Cable";"Note";"";"";"";"";"";"12-15
3
Seat against mat";"Hit:tri push down, spider curls "
"498";"2026-09-12 13:36:49";"Arms";"2235";"Spider Hammer Curl Cable";"1";"20.0";"14";"";"";"";"";"Hit:tri push down, spider curls "
"498";"2026-09-12 13:36:49";"Arms";"2235";"Spider Hammer Curl Cable";"Rest Timer";"";"";"";"";"60.0";"";"Hit:tri push down, spider curls "
"499";"2026-09-14 14:20:52";"Push";"2587";"Incline Bench Press (Smith Machine)";"Note";"";"";"";"";"";"6-8
4
Support 2
Wide grip, 30-50mm from ends";"Hit: lat raise, flies"
"499";"2026-09-14 14:20:52";"Push";"2587";"Incline Bench Press (Smith Machine)";"W";"0.0";"5";"";"";"";"";"Hit: lat raise, flies"
"499";"2026-09-14 14:20:52";"Push";"2587";"Incline Bench Press (Smith Machine)";"W";"30.0";"5";"";"";"";"";"Hit: lat raise, flies"
"499";"2026-09-14 14:20:52";"Push";"2587";"Incline Bench Press (Smith Machine)";"W";"50.0";"5";"";"";"";"";"Hit: lat raise, flies"
"499";"2026-09-14 14:20:52";"Push";"2587";"Incline Bench Press (Smith Machine)";"1";"75.0";"9";"";"";"";"";"Hit: lat raise, flies"
"499";"2026-09-14 14:20:52";"Push";"2587";"Incline Bench Press (Smith Machine)";"Rest Timer";"";"";"";"";"60.0";"";"Hit: lat raise, flies"
"499";"2026-09-14 14:20:52";"Push";"2587";"Lateral Raise (Cable)";"Note";"";"";"";"";"";"8-10
10";"Hit: lat raise, flies"
"499";"2026-09-14 14:20:52";"Push";"2587";"Lateral Raise (Cable)";"W";"5.0";"5";"";"";"";"";"Hit: lat raise, flies"
"499";"2026-09-14 14:20:52";"Push";"2587";"Lateral Raise (Cable)";"W";"10.0";"5";"";"";"";"";"Hit: lat raise, flies"
"499";"2026-09-14 14:20:52";"Push";"2587";"Lateral Raise (Cable)";"W";"15.0";"5";"";"";"";"";"Hit: lat raise, flies"
"499";"2026-09-14 14:20:52";"Push";"2587";"Lateral Raise (Cable)";"1";"17.5";"11";"";"";"";"";"Hit: lat raise, flies"
"499";"2026-09-14 14:20:52";"Push";"2587";"Lateral Raise (Cable)";"Rest Timer";"";"";"";"";"60.0";"";"Hit: lat raise, flies"
"499";"2026-09-14 14:20:52";"Push";"2587";"Cable Press Incline ";"Note";"";"";"";"";"";"12-15";"Hit: lat raise, flies"
"499";"2026-09-14 14:20:52";"Push";"2587";"Cable Press Incline ";"1";"45.0";"14";"";"";"";"";"Hit: lat raise, flies"
"499";"2026-09-14 14:20:52";"Push";"2587";"Cable Press Incline ";"Rest Timer";"";"";"";"";"60.0";"";"Hit: lat raise, flies"
"499";"2026-09-14 14:20:52";"Push";"2587";"Lateral Raise Cable Leaning";"Note";"";"";"";"";"";"15-20";"Hit: lat raise, flies"
"499";"2026-09-14 14:20:52";"Push";"2587";"Lateral Raise Cable Leaning";"1";"7.5";"19";"";"";"";"";"Hit: lat raise, flies"
"499";"2026-09-14 14:20:52";"Push";"2587";"Lateral Raise Cable Leaning";"Rest Timer";"";"";"";"";"60.0";"";"Hit: lat raise, flies"
"499";"2026-09-14 14:20:52";"Push";"2587";"Decline Smith Press";"Note";"";"";"";"";"";"6-8
10";"Hit: lat raise, flies"
"499";"2026-09-14 14:20:52";"Push";"2587";"Decline Smith Press";"1";"75.0";"8";"";"";"";"";"Hit: lat raise, flies"
"499";"2026-09-14 14:20:52";"Push";"2587";"Decline Smith Press";"Rest Timer";"";"";"";"";"90.0";"";"Hit: lat raise, flies"
"499";"2026-09-14 14:20:52";"Push";"2587";"Cable Press Decline";"Note";"";"";"";"";"";"12-15
10";"Hit: lat raise, flies"
"499";"2026-09-14 14:20:52";"Push";"2587";"Cable Press Decline";"1";"30.0";"13";"";"";"";"";"Hit: lat raise, flies"
"499";"2026-09-14 14:20:52";"Push";"2587";"Cable Press Decline";"Rest Timer";"";"";"";"";"180.0";"";"Hit: lat raise, flies"
"499";"2026-09-14 14:20:52";"Push";"2587";"Chest Flies Cable Seated Heavy";"Note";"";"";"";"";"";"2
15
10-12";"Hit: lat raise, flies"
"499";"2026-09-14 14:20:52";"Push";"2587";"Chest Flies Cable Seated Heavy";"1";"20.0";"13";"";"";"";"";"Hit: lat raise, flies"
"499";"2026-09-14 14:20:52";"Push";"2587";"Chest Flies Cable Seated Heavy";"Rest Timer";"";"";"";"";"180.0";"";"Hit: lat raise, flies"
"499";"2026-09-14 14:20:52";"Push";"2587";"Chest Flies Cable Seated Volume";"Note";"";"";"";"";"";"15-20
Flat press position
12";"Hit: lat raise, flies"
"499";"2026-09-14 14:20:52";"Push";"2587";"Chest Flies Cable Seated Volume";"1";"15.0";"15";"";"";"";"";"Hit: lat raise, flies"
"500";"2026-09-15 12:01:47";"Hernia Pull";"2542";"Pulldown Cable Single Arm";"Note";"";"";"";"";"";"5";"Hit: leaning shrugs, pullovers"
"500";"2026-09-15 12:01:47";"Hernia Pull";"2542";"Pulldown Cable Single Arm";"1";"40.0";"10";"";"";"";"";"Hit: leaning shrugs, pullovers"
"500";"2026-09-15 12:01:47";"Hernia Pull";"2542";"Pulldown Cable Single Arm";"Rest Timer";"";"";"";"";"120.0";"";"Hit: leaning shrugs, pullovers"
"500";"2026-09-15 12:01:47";"Hernia Pull";"2542";"Low Cable Row Shoulder Width Neutral Grip";"Note";"";"";"";"";"";"6-8
15";"Hit: leaning shrugs, pullovers"
"500";"2026-09-15 12:01:47";"Hernia Pull";"2542";"Low Cable Row Shoulder Width Neutral Grip";"1";"115.0";"6";"";"";"";"";"Hit: leaning shrugs, pullovers"
"500";"2026-09-15 12:01:47";"Hernia Pull";"2542";"Low Cable Row Shoulder Width Neutral Grip";"Rest Timer";"";"";"";"";"60.0";"";"Hit: leaning shrugs, pullovers"
"500";"2026-09-15 12:01:47";"Hernia Pull";"2542";"Pulldown Single Arm Volume";"Note";"";"";"";"";"";"5";"Hit: leaning shrugs, pullovers"
"500";"2026-09-15 12:01:47";"Hernia Pull";"2542";"Pulldown Single Arm Volume";"1";"25.0";"18";"";"";"";"";"Hit: leaning shrugs, pullovers"
"500";"2026-09-15 12:01:47";"Hernia Pull";"2542";"Pulldown Single Arm Volume";"Rest Timer";"";"";"";"";"120.0";"";"Hit: leaning shrugs, pullovers"
"500";"2026-09-15 12:01:47";"Hernia Pull";"2542";"Jammer Arms Row Neutral Grip";"Note";"";"";"";"";"";"10-12
37
Elbows in";"Hit: leaning shrugs, pullovers"
"500";"2026-09-15 12:01:47";"Hernia Pull";"2542";"Jammer Arms Row Neutral Grip";"1";"32.5";"11";"";"";"";"";"Hit: leaning shrugs, pullovers"
"500";"2026-09-15 12:01:47";"Hernia Pull";"2542";"Jammer Arms Row Neutral Grip";"Rest Timer";"";"";"";"";"60.0";"";"Hit: leaning shrugs, pullovers"
"500";"2026-09-15 12:01:47";"Hernia Pull";"2542";"Kelso Shrug Cable Chest Supported";"Note";"";"";"";"";"";"10-12
11
Angle cable lower";"Hit: leaning shrugs, pullovers"
"500";"2026-09-15 12:01:47";"Hernia Pull";"2542";"Kelso Shrug Cable Chest Supported";"1";"74.0";"14";"";"";"";"";"Hit: leaning shrugs, pullovers"
"500";"2026-09-15 12:01:47";"Hernia Pull";"2542";"Kelso Shrug Cable Chest Supported";"Rest Timer";"";"";"";"";"120.0";"";"Hit: leaning shrugs, pullovers"
"500";"2026-09-15 12:01:47";"Hernia Pull";"2542";"Shrug Cable Leaning Back";"Note";"";"";"";"";"";"14
15-20
2
Roller seat position";"Hit: leaning shrugs, pullovers"
"500";"2026-09-15 12:01:47";"Hernia Pull";"2542";"Shrug Cable Leaning Back";"1";"95.0";"22";"";"";"";"";"Hit: leaning shrugs, pullovers"
"500";"2026-09-15 12:01:47";"Hernia Pull";"2542";"Shrug Cable Leaning Back";"Rest Timer";"";"";"";"";"60.0";"";"Hit: leaning shrugs, pullovers"
"500";"2026-09-15 12:01:47";"Hernia Pull";"2542";"Rear Delt Row Chest Supported";"Note";"";"";"";"";"";"8-10
14
Roller seat position";"Hit: leaning shrugs, pullovers"
"500";"2026-09-15 12:01:47";"Hernia Pull";"2542";"Rear Delt Row Chest Supported";"1";"80.0";"9";"";"";"";"";"Hit: leaning shrugs, pullovers"
"500";"2026-09-15 12:01:47";"Hernia Pull";"2542";"Rear Delt Row Chest Supported";"Rest Timer";"";"";"";"";"60.0";"";"Hit: leaning shrugs, pullovers"
"500";"2026-09-15 12:01:47";"Hernia Pull";"2542";"Reverse Fly (Cable)";"Note";"";"";"";"";"";"5
12-15";"Hit: leaning shrugs, pullovers"
"500";"2026-09-15 12:01:47";"Hernia Pull";"2542";"Reverse Fly (Cable)";"1";"10.0";"13";"";"";"";"";"Hit: leaning shrugs, pullovers"
"500";"2026-09-15 12:01:47";"Hernia Pull";"2542";"Reverse Fly (Cable)";"Rest Timer";"";"";"";"";"60.0";"";"Hit: leaning shrugs, pullovers"
"501";"2026-09-18 12:06:26";"Arms";"2443";"JM Press";"Note";"";"";"";"";"";"6-8
Support 1
INCLINE!";"Hit:tri push down, spider curls "
"501";"2026-09-18 12:06:26";"Arms";"2443";"JM Press";"W";"30.0";"6";"";"";"";"";"Hit:tri push down, spider curls "
"501";"2026-09-18 12:06:26";"Arms";"2443";"JM Press";"1";"65.0";"10";"";"";"";"";"Hit:tri push down, spider curls "
"501";"2026-09-18 12:06:26";"Arms";"2443";"JM Press";"Rest Timer";"";"";"";"";"180.0";"";"Hit:tri push down, spider curls "
"501";"2026-09-18 12:06:26";"Arms";"2443";"Bayesian Cable Curl";"Note";"";"";"";"";"";"6-8
Lowest
PUT ELBOWS DOWN";"Hit:tri push down, spider curls "
"501";"2026-09-18 12:06:26";"Arms";"2443";"Bayesian Cable Curl";"W";"5.0";"12";"";"";"";"";"Hit:tri push down, spider curls "
"501";"2026-09-18 12:06:26";"Arms";"2443";"Bayesian Cable Curl";"W";"10.0";"5";"";"";"";"";"Hit:tri push down, spider curls "
"501";"2026-09-18 12:06:26";"Arms";"2443";"Bayesian Cable Curl";"1";"25.0";"7";"";"";"";"";"Hit:tri push down, spider curls "
"501";"2026-09-18 12:06:26";"Arms";"2443";"Bayesian Cable Curl";"Rest Timer";"";"";"";"";"60.0";"";"Hit:tri push down, spider curls "
"501";"2026-09-18 12:06:26";"Arms";"2443";"Tricep Pushdowns Seated Incline Spreader Bar";"1";"40.0";"12";"";"";"";"";"Hit:tri push down, spider curls "
"501";"2026-09-18 12:06:26";"Arms";"2443";"Tricep Pushdowns Seated Incline Spreader Bar";"Rest Timer";"";"";"";"";"120.0";"";"Hit:tri push down, spider curls "
"501";"2026-09-18 12:06:26";"Arms";"2443";"Spider Curl Cable";"Note";"";"";"";"";"";"10-12
Lowest
3
Seat against mat";"Hit:tri push down, spider curls "
"501";"2026-09-18 12:06:26";"Arms";"2443";"Spider Curl Cable";"1";"30.0";"12";"";"";"";"";"Hit:tri push down, spider curls "
"501";"2026-09-18 12:06:26";"Arms";"2443";"Spider Curl Cable";"Rest Timer";"";"";"";"";"60.0";"";"Hit:tri push down, spider curls "
"501";"2026-09-18 12:06:26";"Arms";"2443";"Tricep Extension Cable Overhead";"Note";"";"";"";"";"";"1
11
8-10";"Hit:tri push down, spider curls "
"501";"2026-09-18 12:06:26";"Arms";"2443";"Tricep Extension Cable Overhead";"1";"65.0";"10";"";"";"";"";"Hit:tri push down, spider curls "
"501";"2026-09-18 12:06:26";"Arms";"2443";"Tricep Extension Cable Overhead";"Rest Timer";"";"";"";"";"60.0";"";"Hit:tri push down, spider curls "
"501";"2026-09-18 12:06:26";"Arms";"2443";"Bayesian Hammer Curl Cable";"Note";"";"";"";"";"";"8-10
13";"Hit:tri push down, spider curls "
"501";"2026-09-18 12:06:26";"Arms";"2443";"Bayesian Hammer Curl Cable";"1";"22.5";"10";"";"";"";"";"Hit:tri push down, spider curls "
"501";"2026-09-18 12:06:26";"Arms";"2443";"Bayesian Hammer Curl Cable";"Rest Timer";"";"";"";"";"60.0";"";"Hit:tri push down, spider curls "
"501";"2026-09-18 12:06:26";"Arms";"2443";"Katana Tricep Cable Extension";"Note";"";"";"";"";"";"8
12-14";"Hit:tri push down, spider curls "
"501";"2026-09-18 12:06:26";"Arms";"2443";"Katana Tricep Cable Extension";"1";"10.0";"13";"";"";"";"";"Hit:tri push down, spider curls "
"501";"2026-09-18 12:06:26";"Arms";"2443";"Katana Tricep Cable Extension";"Rest Timer";"";"";"";"";"120.0";"";"Hit:tri push down, spider curls "
"501";"2026-09-18 12:06:26";"Arms";"2443";"Spider Hammer Curl Cable";"Note";"";"";"";"";"";"12-15
3
Seat against mat";"Hit:tri push down, spider curls "
"501";"2026-09-18 12:06:26";"Arms";"2443";"Spider Hammer Curl Cable";"1";"20.0";"16";"";"";"";"";"Hit:tri push down, spider curls "
"501";"2026-09-18 12:06:26";"Arms";"2443";"Spider Hammer Curl Cable";"Rest Timer";"";"";"";"";"60.0";"";"Hit:tri push down, spider curls "
"502";"2026-09-21 12:14:41";"Push";"2309";"Incline Bench Press (Smith Machine)";"Note";"";"";"";"";"";"6-8
4
Support 2
Wide grip, 30-50mm from ends";"Hit: lat raise, flies"
"502";"2026-09-21 12:14:41";"Push";"2309";"Incline Bench Press (Smith Machine)";"W";"0.0";"5";"";"";"";"";"Hit: lat raise, flies"
"502";"2026-09-21 12:14:41";"Push";"2309";"Incline Bench Press (Smith Machine)";"W";"30.0";"5";"";"";"";"";"Hit: lat raise, flies"
"502";"2026-09-21 12:14:41";"Push";"2309";"Incline Bench Press (Smith Machine)";"W";"50.0";"5";"";"";"";"";"Hit: lat raise, flies"
"502";"2026-09-21 12:14:41";"Push";"2309";"Incline Bench Press (Smith Machine)";"1";"80.0";"8";"";"";"";"";"Hit: lat raise, flies"
"502";"2026-09-21 12:14:41";"Push";"2309";"Incline Bench Press (Smith Machine)";"Rest Timer";"";"";"";"";"60.0";"";"Hit: lat raise, flies"
"502";"2026-09-21 12:14:41";"Push";"2309";"Lateral Raise (Cable)";"Note";"";"";"";"";"";"8-10
10";"Hit: lat raise, flies"
"502";"2026-09-21 12:14:41";"Push";"2309";"Lateral Raise (Cable)";"W";"5.0";"5";"";"";"";"";"Hit: lat raise, flies"
"502";"2026-09-21 12:14:41";"Push";"2309";"Lateral Raise (Cable)";"W";"10.0";"5";"";"";"";"";"Hit: lat raise, flies"
"502";"2026-09-21 12:14:41";"Push";"2309";"Lateral Raise (Cable)";"W";"15.0";"5";"";"";"";"";"Hit: lat raise, flies"
"502";"2026-09-21 12:14:41";"Push";"2309";"Lateral Raise (Cable)";"1";"20.0";"9";"";"";"";"";"Hit: lat raise, flies"
"502";"2026-09-21 12:14:41";"Push";"2309";"Lateral Raise (Cable)";"Rest Timer";"";"";"";"";"60.0";"";"Hit: lat raise, flies"
"502";"2026-09-21 12:14:41";"Push";"2309";"Cable Press Incline ";"Note";"";"";"";"";"";"12-15";"Hit: lat raise, flies"
"502";"2026-09-21 12:14:41";"Push";"2309";"Cable Press Incline ";"1";"45.0";"15";"";"";"";"";"Hit: lat raise, flies"
"502";"2026-09-21 12:14:41";"Push";"2309";"Cable Press Incline ";"Rest Timer";"";"";"";"";"60.0";"";"Hit: lat raise, flies"
"502";"2026-09-21 12:14:41";"Push";"2309";"Lateral Raise Cable Leaning";"Note";"";"";"";"";"";"15-20";"Hit: lat raise, flies"
"502";"2026-09-21 12:14:41";"Push";"2309";"Lateral Raise Cable Leaning";"1";"7.5";"18";"";"";"";"";"Hit: lat raise, flies"
"502";"2026-09-21 12:14:41";"Push";"2309";"Lateral Raise Cable Leaning";"Rest Timer";"";"";"";"";"60.0";"";"Hit: lat raise, flies"
"502";"2026-09-21 12:14:41";"Push";"2309";"Decline Smith Press";"Note";"";"";"";"";"";"6-8
10";"Hit: lat raise, flies"
"502";"2026-09-21 12:14:41";"Push";"2309";"Decline Smith Press";"1";"75.0";"10";"";"";"";"";"Hit: lat raise, flies"
"502";"2026-09-21 12:14:41";"Push";"2309";"Decline Smith Press";"Rest Timer";"";"";"";"";"90.0";"";"Hit: lat raise, flies"
"502";"2026-09-21 12:14:41";"Push";"2309";"Cable Press Decline";"Note";"";"";"";"";"";"12-15
10";"Hit: lat raise, flies"
"502";"2026-09-21 12:14:41";"Push";"2309";"Cable Press Decline";"1";"30.0";"13";"";"";"";"";"Hit: lat raise, flies"
"502";"2026-09-21 12:14:41";"Push";"2309";"Cable Press Decline";"Rest Timer";"";"";"";"";"180.0";"";"Hit: lat raise, flies"
"502";"2026-09-21 12:14:41";"Push";"2309";"Chest Flies Cable Seated Heavy";"Note";"";"";"";"";"";"2
15
10-12";"Hit: lat raise, flies"
"502";"2026-09-21 12:14:41";"Push";"2309";"Chest Flies Cable Seated Heavy";"1";"25.0";"10";"";"";"";"";"Hit: lat raise, flies"
"502";"2026-09-21 12:14:41";"Push";"2309";"Chest Flies Cable Seated Heavy";"Rest Timer";"";"";"";"";"180.0";"";"Hit: lat raise, flies"
"502";"2026-09-21 12:14:41";"Push";"2309";"Chest Flies Cable Seated Volume";"Note";"";"";"";"";"";"15-20
Flat press position
12";"Hit: lat raise, flies"
"502";"2026-09-21 12:14:41";"Push";"2309";"Chest Flies Cable Seated Volume";"1";"15.0";"17";"";"";"";"";"Hit: lat raise, flies"
"503";"2026-09-22 12:10:58";"Hernia Pull";"3021";"Pulldown Cable Single Arm";"Note";"";"";"";"";"";"4
Try heights 4-5";"Hit: leaning shrugs, pullovers"
"503";"2026-09-22 12:10:58";"Hernia Pull";"3021";"Pulldown Cable Single Arm";"1";"45.0";"9";"";"";"";"";"Hit: leaning shrugs, pullovers"
"503";"2026-09-22 12:10:58";"Hernia Pull";"3021";"Pulldown Cable Single Arm";"Rest Timer";"";"";"";"";"120.0";"";"Hit: leaning shrugs, pullovers"
"503";"2026-09-22 12:10:58";"Hernia Pull";"3021";"Low Cable Row Shoulder Width Neutral Grip";"Note";"";"";"";"";"";"6-8
15";"Hit: leaning shrugs, pullovers"
"503";"2026-09-22 12:10:58";"Hernia Pull";"3021";"Low Cable Row Shoulder Width Neutral Grip";"1";"115.0";"7";"";"";"";"";"Hit: leaning shrugs, pullovers"
"503";"2026-09-22 12:10:58";"Hernia Pull";"3021";"Low Cable Row Shoulder Width Neutral Grip";"Rest Timer";"";"";"";"";"60.0";"";"Hit: leaning shrugs, pullovers"
"503";"2026-09-22 12:10:58";"Hernia Pull";"3021";"Pulldown Single Arm Volume";"Note";"";"";"";"";"";"5";"Hit: leaning shrugs, pullovers"
"503";"2026-09-22 12:10:58";"Hernia Pull";"3021";"Pulldown Single Arm Volume";"1";"35.0";"12";"";"";"";"";"Hit: leaning shrugs, pullovers"
"503";"2026-09-22 12:10:58";"Hernia Pull";"3021";"Pulldown Single Arm Volume";"Rest Timer";"";"";"";"";"120.0";"";"Hit: leaning shrugs, pullovers"
"503";"2026-09-22 12:10:58";"Hernia Pull";"3021";"Jammer Arm Rows Overhand Grip";"Note";"";"";"";"";"";"10-12
37";"Hit: leaning shrugs, pullovers"
"503";"2026-09-22 12:10:58";"Hernia Pull";"3021";"Jammer Arm Rows Overhand Grip";"1";"32.5";"14";"";"";"";"";"Hit: leaning shrugs, pullovers"
"503";"2026-09-22 12:10:58";"Hernia Pull";"3021";"Jammer Arm Rows Overhand Grip";"Rest Timer";"";"";"";"";"120.0";"";"Hit: leaning shrugs, pullovers"
"503";"2026-09-22 12:10:58";"Hernia Pull";"3021";"Kelso Shrug Cable Chest Supported";"Note";"";"";"";"";"";"10-12
11
Angle cable lower";"Hit: leaning shrugs, pullovers"
"503";"2026-09-22 12:10:58";"Hernia Pull";"3021";"Kelso Shrug Cable Chest Supported";"1";"85.0";"12";"";"";"";"";"Hit: leaning shrugs, pullovers"
"503";"2026-09-22 12:10:58";"Hernia Pull";"3021";"Kelso Shrug Cable Chest Supported";"Rest Timer";"";"";"";"";"120.0";"";"Hit: leaning shrugs, pullovers"
"503";"2026-09-22 12:10:58";"Hernia Pull";"3021";"Shrug Cable Leaning Back";"Note";"";"";"";"";"";"14
15-20
2
Roller seat position";"Hit: leaning shrugs, pullovers"
"503";"2026-09-22 12:10:58";"Hernia Pull";"3021";"Shrug Cable Leaning Back";"1";"100.0";"19";"";"";"";"";"Hit: leaning shrugs, pullovers"
"503";"2026-09-22 12:10:58";"Hernia Pull";"3021";"Shrug Cable Leaning Back";"Rest Timer";"";"";"";"";"60.0";"";"Hit: leaning shrugs, pullovers"
"503";"2026-09-22 12:10:58";"Hernia Pull";"3021";"Rear Delt Row Chest Supported";"Note";"";"";"";"";"";"8-10
14
Roller seat position";"Hit: leaning shrugs, pullovers"
"503";"2026-09-22 12:10:58";"Hernia Pull";"3021";"Rear Delt Row Chest Supported";"1";"80.0";"8";"";"";"";"";"Hit: leaning shrugs, pullovers"
"503";"2026-09-22 12:10:58";"Hernia Pull";"3021";"Rear Delt Row Chest Supported";"Rest Timer";"";"";"";"";"60.0";"";"Hit: leaning shrugs, pullovers"
"503";"2026-09-22 12:10:58";"Hernia Pull";"3021";"Reverse Fly (Cable)";"Note";"";"";"";"";"";"5
12-15";"Hit: leaning shrugs, pullovers"
"503";"2026-09-22 12:10:58";"Hernia Pull";"3021";"Reverse Fly (Cable)";"1";"10.0";"15";"";"";"";"";"Hit: leaning shrugs, pullovers"
"503";"2026-09-22 12:10:58";"Hernia Pull";"3021";"Reverse Fly (Cable)";"Rest Timer";"";"";"";"";"60.0";"";"Hit: leaning shrugs, pullovers"
"504";"2026-09-25 12:38:04";"Arms";"2476";"JM Press";"Note";"";"";"";"";"";"6-8
Support 3
1
INCLINE!";"Hit:tri push down, spider curls "
"504";"2026-09-25 12:38:04";"Arms";"2476";"JM Press";"W";"30.0";"6";"";"";"";"";"Hit:tri push down, spider curls "
"504";"2026-09-25 12:38:04";"Arms";"2476";"JM Press";"1";"70.0";"9";"";"";"";"";"Hit:tri push down, spider curls "
"504";"2026-09-25 12:38:04";"Arms";"2476";"JM Press";"Rest Timer";"";"";"";"";"180.0";"";"Hit:tri push down, spider curls "
"504";"2026-09-25 12:38:04";"Arms";"2476";"Bayesian Cable Curl";"Note";"";"";"";"";"";"6-8
Lowest
PUT ELBOWS DOWN";"Hit:tri push down, spider curls "
"504";"2026-09-25 12:38:04";"Arms";"2476";"Bayesian Cable Curl";"W";"5.0";"12";"";"";"";"";"Hit:tri push down, spider curls "
"504";"2026-09-25 12:38:04";"Arms";"2476";"Bayesian Cable Curl";"W";"10.0";"5";"";"";"";"";"Hit:tri push down, spider curls "
"504";"2026-09-25 12:38:04";"Arms";"2476";"Bayesian Cable Curl";"1";"25.0";"7";"";"";"";"";"Hit:tri push down, spider curls "
"504";"2026-09-25 12:38:04";"Arms";"2476";"Bayesian Cable Curl";"Rest Timer";"";"";"";"";"60.0";"";"Hit:tri push down, spider curls "
"504";"2026-09-25 12:38:04";"Arms";"2476";"Tricep Pushdowns Seated Incline Spreader Bar";"1";"40.0";"15";"";"";"";"";"Hit:tri push down, spider curls "
"504";"2026-09-25 12:38:04";"Arms";"2476";"Tricep Pushdowns Seated Incline Spreader Bar";"Rest Timer";"";"";"";"";"120.0";"";"Hit:tri push down, spider curls "
"504";"2026-09-25 12:38:04";"Arms";"2476";"Spider Curl Cable";"Note";"";"";"";"";"";"10-12
Lowest
3
Seat against mat";"Hit:tri push down, spider curls "
"504";"2026-09-25 12:38:04";"Arms";"2476";"Spider Curl Cable";"1";"30.0";"12";"";"";"";"";"Hit:tri push down, spider curls "
"504";"2026-09-25 12:38:04";"Arms";"2476";"Spider Curl Cable";"Rest Timer";"";"";"";"";"60.0";"";"Hit:tri push down, spider curls "
"504";"2026-09-25 12:38:04";"Arms";"2476";"Tricep Extension Cable Overhead";"Note";"";"";"";"";"";"1
12
8-10";"Hit:tri push down, spider curls "
"504";"2026-09-25 12:38:04";"Arms";"2476";"Tricep Extension Cable Overhead";"1";"65.0";"10";"";"";"";"";"Hit:tri push down, spider curls "
"504";"2026-09-25 12:38:04";"Arms";"2476";"Tricep Extension Cable Overhead";"Rest Timer";"";"";"";"";"60.0";"";"Hit:tri push down, spider curls "
"504";"2026-09-25 12:38:04";"Arms";"2476";"Bayesian Hammer Curl Cable";"Note";"";"";"";"";"";"8-10
13";"Hit:tri push down, spider curls "
"504";"2026-09-25 12:38:04";"Arms";"2476";"Bayesian Hammer Curl Cable";"1";"22.5";"10";"";"";"";"";"Hit:tri push down, spider curls "
"504";"2026-09-25 12:38:04";"Arms";"2476";"Bayesian Hammer Curl Cable";"Rest Timer";"";"";"";"";"60.0";"";"Hit:tri push down, spider curls "
"504";"2026-09-25 12:38:04";"Arms";"2476";"Katana Tricep Cable Extension";"Note";"";"";"";"";"";"8
12-14";"Hit:tri push down, spider curls "
"504";"2026-09-25 12:38:04";"Arms";"2476";"Katana Tricep Cable Extension";"1";"10.0";"15";"";"";"";"";"Hit:tri push down, spider curls "
"504";"2026-09-25 12:38:04";"Arms";"2476";"Katana Tricep Cable Extension";"Rest Timer";"";"";"";"";"120.0";"";"Hit:tri push down, spider curls "
"504";"2026-09-25 12:38:04";"Arms";"2476";"Spider Hammer Curl Cable";"Note";"";"";"";"";"";"12-15
3
Seat against mat";"Hit:tri push down, spider curls "
"504";"2026-09-25 12:38:04";"Arms";"2476";"Spider Hammer Curl Cable";"1";"22.5";"14";"";"";"";"";"Hit:tri push down, spider curls "
"504";"2026-09-25 12:38:04";"Arms";"2476";"Spider Hammer Curl Cable";"Rest Timer";"";"";"";"";"60.0";"";"Hit:tri push down, spider curls "
"505";"2026-09-29 12:14:36";"Arms";"2431";"JM Press";"Note";"";"";"";"";"";"6-8
Support 3
1
INCLINE!";"Hit:tri push down, spider curls "
"505";"2026-09-29 12:14:36";"Arms";"2431";"JM Press";"W";"30.0";"6";"";"";"";"";"Hit:tri push down, spider curls "
"505";"2026-09-29 12:14:36";"Arms";"2431";"JM Press";"1";"75.0";"9";"";"";"";"";"Hit:tri push down, spider curls "
"505";"2026-09-29 12:14:36";"Arms";"2431";"JM Press";"Rest Timer";"";"";"";"";"180.0";"";"Hit:tri push down, spider curls "
"505";"2026-09-29 12:14:36";"Arms";"2431";"Bayesian Cable Curl";"Note";"";"";"";"";"";"6-8
Lowest
PUT ELBOWS DOWN";"Hit:tri push down, spider curls "
"505";"2026-09-29 12:14:36";"Arms";"2431";"Bayesian Cable Curl";"W";"5.0";"12";"";"";"";"";"Hit:tri push down, spider curls "
"505";"2026-09-29 12:14:36";"Arms";"2431";"Bayesian Cable Curl";"W";"10.0";"5";"";"";"";"";"Hit:tri push down, spider curls "
"505";"2026-09-29 12:14:36";"Arms";"2431";"Bayesian Cable Curl";"1";"25.0";"7";"";"";"";"";"Hit:tri push down, spider curls "
"505";"2026-09-29 12:14:36";"Arms";"2431";"Bayesian Cable Curl";"Rest Timer";"";"";"";"";"60.0";"";"Hit:tri push down, spider curls "
"505";"2026-09-29 12:14:36";"Arms";"2431";"Tricep Pushdowns Seated Incline Spreader Bar";"Note";"";"";"";"";"";"10-12";"Hit:tri push down, spider curls "
"505";"2026-09-29 12:14:36";"Arms";"2431";"Tricep Pushdowns Seated Incline Spreader Bar";"1";"45.0";"12";"";"";"";"";"Hit:tri push down, spider curls "
"505";"2026-09-29 12:14:36";"Arms";"2431";"Tricep Pushdowns Seated Incline Spreader Bar";"Rest Timer";"";"";"";"";"120.0";"";"Hit:tri push down, spider curls "
"505";"2026-09-29 12:14:36";"Arms";"2431";"Spider Curl Cable";"Note";"";"";"";"";"";"10-12
Lowest
3
Seat against mat";"Hit:tri push down, spider curls "
"505";"2026-09-29 12:14:36";"Arms";"2431";"Spider Curl Cable";"1";"30.0";"12";"";"";"";"";"Hit:tri push down, spider curls "
"505";"2026-09-29 12:14:36";"Arms";"2431";"Spider Curl Cable";"Rest Timer";"";"";"";"";"60.0";"";"Hit:tri push down, spider curls "
"505";"2026-09-29 12:14:36";"Arms";"2431";"Tricep Extension Cable Overhead";"Note";"";"";"";"";"";"1
12
8-10";"Hit:tri push down, spider curls "
"505";"2026-09-29 12:14:36";"Arms";"2431";"Tricep Extension Cable Overhead";"1";"65.0";"9";"";"";"";"";"Hit:tri push down, spider curls "
"505";"2026-09-29 12:14:36";"Arms";"2431";"Tricep Extension Cable Overhead";"Rest Timer";"";"";"";"";"60.0";"";"Hit:tri push down, spider curls "
"505";"2026-09-29 12:14:36";"Arms";"2431";"Bayesian Hammer Curl Cable";"Note";"";"";"";"";"";"8-10
13";"Hit:tri push down, spider curls "
"505";"2026-09-29 12:14:36";"Arms";"2431";"Bayesian Hammer Curl Cable";"1";"22.5";"10";"";"";"";"";"Hit:tri push down, spider curls "
"505";"2026-09-29 12:14:36";"Arms";"2431";"Bayesian Hammer Curl Cable";"Rest Timer";"";"";"";"";"60.0";"";"Hit:tri push down, spider curls "
"505";"2026-09-29 12:14:36";"Arms";"2431";"Katana Tricep Cable Extension";"Note";"";"";"";"";"";"8
12-14";"Hit:tri push down, spider curls "
"505";"2026-09-29 12:14:36";"Arms";"2431";"Katana Tricep Cable Extension";"1";"12.5";"13";"";"";"";"";"Hit:tri push down, spider curls "
"505";"2026-09-29 12:14:36";"Arms";"2431";"Katana Tricep Cable Extension";"Rest Timer";"";"";"";"";"120.0";"";"Hit:tri push down, spider curls "
"505";"2026-09-29 12:14:36";"Arms";"2431";"Spider Hammer Curl Cable";"Note";"";"";"";"";"";"12-15
3
Seat against mat";"Hit:tri push down, spider curls "
"505";"2026-09-29 12:14:36";"Arms";"2431";"Spider Hammer Curl Cable";"1";"22.5";"15";"";"";"";"";"Hit:tri push down, spider curls "
"505";"2026-09-29 12:14:36";"Arms";"2431";"Spider Hammer Curl Cable";"Rest Timer";"";"";"";"";"60.0";"";"Hit:tri push down, spider curls "
"506";"2026-09-30 13:45:53";"Push";"2330";"Incline Bench Press (Smith Machine)";"Note";"";"";"";"";"";"6-8
4
Support 2
Wide grip, 30-50mm from ends";"Hit: lat raise, flies"
"506";"2026-09-30 13:45:53";"Push";"2330";"Incline Bench Press (Smith Machine)";"W";"0.0";"5";"";"";"";"";"Hit: lat raise, flies"
"506";"2026-09-30 13:45:53";"Push";"2330";"Incline Bench Press (Smith Machine)";"W";"30.0";"5";"";"";"";"";"Hit: lat raise, flies"
"506";"2026-09-30 13:45:53";"Push";"2330";"Incline Bench Press (Smith Machine)";"W";"50.0";"5";"";"";"";"";"Hit: lat raise, flies"
"506";"2026-09-30 13:45:53";"Push";"2330";"Incline Bench Press (Smith Machine)";"1";"80.0";"8";"";"";"";"";"Hit: lat raise, flies"
"506";"2026-09-30 13:45:53";"Push";"2330";"Incline Bench Press (Smith Machine)";"Rest Timer";"";"";"";"";"60.0";"";"Hit: lat raise, flies"
"506";"2026-09-30 13:45:53";"Push";"2330";"Lateral Raise (Cable)";"Note";"";"";"";"";"";"8-10
10";"Hit: lat raise, flies"
"506";"2026-09-30 13:45:53";"Push";"2330";"Lateral Raise (Cable)";"W";"5.0";"5";"";"";"";"";"Hit: lat raise, flies"
"506";"2026-09-30 13:45:53";"Push";"2330";"Lateral Raise (Cable)";"W";"10.0";"5";"";"";"";"";"Hit: lat raise, flies"
"506";"2026-09-30 13:45:53";"Push";"2330";"Lateral Raise (Cable)";"W";"15.0";"5";"";"";"";"";"Hit: lat raise, flies"
"506";"2026-09-30 13:45:53";"Push";"2330";"Lateral Raise (Cable)";"1";"20.0";"9";"";"";"";"";"Hit: lat raise, flies"
"506";"2026-09-30 13:45:53";"Push";"2330";"Lateral Raise (Cable)";"Rest Timer";"";"";"";"";"60.0";"";"Hit: lat raise, flies"
"506";"2026-09-30 13:45:53";"Push";"2330";"Cable Press Incline ";"Note";"";"";"";"";"";"12-15";"Hit: lat raise, flies"
"506";"2026-09-30 13:45:53";"Push";"2330";"Cable Press Incline ";"1";"45.0";"15";"";"";"";"";"Hit: lat raise, flies"
"506";"2026-09-30 13:45:53";"Push";"2330";"Cable Press Incline ";"Rest Timer";"";"";"";"";"60.0";"";"Hit: lat raise, flies"
"506";"2026-09-30 13:45:53";"Push";"2330";"Lateral Raise Cable Leaning";"Note";"";"";"";"";"";"15-20";"Hit: lat raise, flies"
"506";"2026-09-30 13:45:53";"Push";"2330";"Lateral Raise Cable Leaning";"1";"7.5";"20";"";"";"";"";"Hit: lat raise, flies"
"506";"2026-09-30 13:45:53";"Push";"2330";"Lateral Raise Cable Leaning";"Rest Timer";"";"";"";"";"60.0";"";"Hit: lat raise, flies"
"506";"2026-09-30 13:45:53";"Push";"2330";"Decline Smith Press";"Note";"";"";"";"";"";"6-8
10";"Hit: lat raise, flies"
"506";"2026-09-30 13:45:53";"Push";"2330";"Decline Smith Press";"1";"80.0";"9";"";"";"";"";"Hit: lat raise, flies"
"506";"2026-09-30 13:45:53";"Push";"2330";"Decline Smith Press";"Rest Timer";"";"";"";"";"180.0";"";"Hit: lat raise, flies"
"506";"2026-09-30 13:45:53";"Push";"2330";"Cable Press Decline";"Note";"";"";"";"";"";"12-15
10";"Hit: lat raise, flies"
"506";"2026-09-30 13:45:53";"Push";"2330";"Cable Press Decline";"1";"30.0";"14";"";"";"";"";"Hit: lat raise, flies"
"506";"2026-09-30 13:45:53";"Push";"2330";"Cable Press Decline";"Rest Timer";"";"";"";"";"180.0";"";"Hit: lat raise, flies"
"506";"2026-09-30 13:45:53";"Push";"2330";"Chest Flies Cable Seated Heavy";"Note";"";"";"";"";"";"2
15
10-12";"Hit: lat raise, flies"
"506";"2026-09-30 13:45:53";"Push";"2330";"Chest Flies Cable Seated Heavy";"1";"25.0";"9";"";"";"";"";"Hit: lat raise, flies"
"506";"2026-09-30 13:45:53";"Push";"2330";"Chest Flies Cable Seated Heavy";"Rest Timer";"";"";"";"";"180.0";"";"Hit: lat raise, flies"
"506";"2026-09-30 13:45:53";"Push";"2330";"Chest Flies Cable Seated Volume";"Note";"";"";"";"";"";"15-20
Flat press position
12";"Hit: lat raise, flies"
"506";"2026-09-30 13:45:53";"Push";"2330";"Chest Flies Cable Seated Volume";"1";"15.0";"17";"";"";"";"";"Hit: lat raise, flies"
"507";"2026-10-01 12:13:52";"Hernia Pull";"2315";"Pulldown Cable Single Arm";"Note";"";"";"";"";"";"4
Try heights 4-5";"Hit: leaning shrugs, pullovers"
"507";"2026-10-01 12:13:52";"Hernia Pull";"2315";"Pulldown Cable Single Arm";"1";"50.0";"6";"";"";"";"";"Hit: leaning shrugs, pullovers"
"507";"2026-10-01 12:13:52";"Hernia Pull";"2315";"Low Cable Row Shoulder Width Neutral Grip";"Note";"";"";"";"";"";"6-8
15";"Hit: leaning shrugs, pullovers"
"507";"2026-10-01 12:13:52";"Hernia Pull";"2315";"Low Cable Row Shoulder Width Neutral Grip";"1";"115.0";"7";"";"";"";"";"Hit: leaning shrugs, pullovers"
"507";"2026-10-01 12:13:52";"Hernia Pull";"2315";"Low Cable Row Shoulder Width Neutral Grip";"Rest Timer";"";"";"";"";"60.0";"";"Hit: leaning shrugs, pullovers"
"507";"2026-10-01 12:13:52";"Hernia Pull";"2315";"Pulldown Single Arm Volume";"Note";"";"";"";"";"";"5";"Hit: leaning shrugs, pullovers"
"507";"2026-10-01 12:13:52";"Hernia Pull";"2315";"Pulldown Single Arm Volume";"1";"40.0";"10";"";"";"";"";"Hit: leaning shrugs, pullovers"
"507";"2026-10-01 12:13:52";"Hernia Pull";"2315";"Pulldown Single Arm Volume";"Rest Timer";"";"";"";"";"120.0";"";"Hit: leaning shrugs, pullovers"
"507";"2026-10-01 12:13:52";"Hernia Pull";"2315";"Jammer Arm Rows Overhand Grip";"Note";"";"";"";"";"";"10-12
37";"Hit: leaning shrugs, pullovers"
"507";"2026-10-01 12:13:52";"Hernia Pull";"2315";"Jammer Arm Rows Overhand Grip";"1";"35.0";"12";"";"";"";"";"Hit: leaning shrugs, pullovers"
"507";"2026-10-01 12:13:52";"Hernia Pull";"2315";"Jammer Arm Rows Overhand Grip";"Rest Timer";"";"";"";"";"120.0";"";"Hit: leaning shrugs, pullovers"
"507";"2026-10-01 12:13:52";"Hernia Pull";"2315";"Kelso Shrug Cable Chest Supported";"Note";"";"";"";"";"";"10-12
11
Angle cable lower";"Hit: leaning shrugs, pullovers"
"507";"2026-10-01 12:13:52";"Hernia Pull";"2315";"Kelso Shrug Cable Chest Supported";"1";"85.0";"12";"";"";"";"";"Hit: leaning shrugs, pullovers"
"507";"2026-10-01 12:13:52";"Hernia Pull";"2315";"Kelso Shrug Cable Chest Supported";"Rest Timer";"";"";"";"";"120.0";"";"Hit: leaning shrugs, pullovers"
"507";"2026-10-01 12:13:52";"Hernia Pull";"2315";"Shrug Cable Leaning Back";"Note";"";"";"";"";"";"14
15-20
2
Roller seat position";"Hit: leaning shrugs, pullovers"
"507";"2026-10-01 12:13:52";"Hernia Pull";"2315";"Shrug Cable Leaning Back";"1";"100.0";"22";"";"";"";"";"Hit: leaning shrugs, pullovers"
"507";"2026-10-01 12:13:52";"Hernia Pull";"2315";"Shrug Cable Leaning Back";"Rest Timer";"";"";"";"";"60.0";"";"Hit: leaning shrugs, pullovers"
"507";"2026-10-01 12:13:52";"Hernia Pull";"2315";"Rear Delt Row Chest Supported";"Note";"";"";"";"";"";"8-10
14
Roller seat position";"Hit: leaning shrugs, pullovers"
"507";"2026-10-01 12:13:52";"Hernia Pull";"2315";"Rear Delt Row Chest Supported";"1";"80.0";"8";"";"";"";"";"Hit: leaning shrugs, pullovers"
"507";"2026-10-01 12:13:52";"Hernia Pull";"2315";"Rear Delt Row Chest Supported";"Rest Timer";"";"";"";"";"60.0";"";"Hit: leaning shrugs, pullovers"
"507";"2026-10-01 12:13:52";"Hernia Pull";"2315";"Reverse Fly (Cable)";"Note";"";"";"";"";"";"5
12-15";"Hit: leaning shrugs, pullovers"
"507";"2026-10-01 12:13:52";"Hernia Pull";"2315";"Reverse Fly (Cable)";"1";"10.0";"15";"";"";"";"";"Hit: leaning shrugs, pullovers"
"507";"2026-10-01 12:13:52";"Hernia Pull";"2315";"Reverse Fly (Cable)";"Rest Timer";"";"";"";"";"60.0";"";"Hit: leaning shrugs, pullovers"
